date,long_bond_share_of_defensive,floating_share_of_defensive,total_bond_cash_weight
1954-07-02,0.0,1.0,0.1666666666666666
1954-07-09,0.0,1.0,0.1666666666666666
1954-07-16,0.0,1.0,0.1666666666666666
1954-07-23,0.0,1.0,0.1666666666666666
1954-07-30,0.0,1.0,0.1666666666666666
1954-08-06,0.0,1.0,0.1666666666666666
1954-08-13,0.0,1.0,0.1666666666666666
1954-08-20,0.0,1.0,0.1666666666666666
1954-08-27,0.0,1.0,0.1666666666666666
1954-09-03,0.0,1.0,0.1666666666666666
1954-09-10,0.0,1.0,0.1666666666666666
1954-09-17,0.0,1.0,0.1666666666666666
1954-09-24,0.0,1.0,0.1666666666666666
1954-10-01,0.0,1.0,0.1666666666666666
1954-10-08,0.0,1.0,0.1666666666666666
1954-10-15,0.0,1.0,0.1666666666666666
1954-10-22,0.0,1.0,0.1666666666666666
1954-10-29,0.0,1.0,0.1666666666666666
1954-11-05,0.0,1.0,0.1666666666666666
1954-11-12,0.0,1.0,0.1666666666666666
1954-11-19,0.0,1.0,0.1666666666666666
1954-11-26,0.0,1.0,0.1666666666666666
1954-12-03,0.0,1.0,0.1666666666666666
1954-12-10,0.0,1.0,0.1666666666666666
1954-12-17,0.0,1.0,0.1666666666666666
1954-12-24,0.0,1.0,0.1666666666666666
1954-12-31,0.0,1.0,0.1666666666666666
1955-01-07,0.0,1.0,0.1666666666666666
1955-01-14,0.0,1.0,0.1666666666666666
1955-01-21,0.0,1.0,0.1666666666666666
1955-01-28,0.0,1.0,0.1666666666666666
1955-02-04,0.0,1.0,0.1666666666666666
1955-02-11,0.0,1.0,0.1666666666666666
1955-02-18,0.0,1.0,0.1666666666666666
1955-02-25,0.0,1.0,0.1666666666666666
1955-03-04,0.0,1.0,0.1666666666666666
1955-03-11,0.0,1.0,0.1666666666666666
1955-03-18,0.0,1.0,0.1666666666666666
1955-03-25,0.0,1.0,0.1666666666666666
1955-04-01,0.0,1.0,0.1666666666666666
1955-04-08,0.0,1.0,0.1666666666666666
1955-04-15,0.0,1.0,0.1666666666666666
1955-04-22,0.0,1.0,0.1666666666666666
1955-04-29,0.0,1.0,0.1666666666666666
1955-05-06,0.0,1.0,0.1666666666666666
1955-05-13,0.0,1.0,0.1666666666666666
1955-05-20,0.0,1.0,0.1666666666666666
1955-05-27,0.0,1.0,0.1666666666666666
1955-06-03,0.0,1.0,0.1666666666666666
1955-06-10,0.0,1.0,0.1666666666666666
1955-06-17,0.0,1.0,0.1666666666666666
1955-06-24,0.0,1.0,0.1666666666666666
1955-07-01,0.0,1.0,0.1666666666666666
1955-07-08,0.0,1.0,0.1666666666666666
1955-07-15,0.0,1.0,0.1666666666666666
1955-07-22,0.0,1.0,0.1666666666666666
1955-07-29,0.0,1.0,0.1666666666666666
1955-08-05,0.0,1.0,0.1666666666666666
1955-08-12,0.0,1.0,0.1666666666666666
1955-08-19,0.0,1.0,0.1666666666666666
1955-08-26,0.0,1.0,0.1666666666666666
1955-09-02,0.0,1.0,0.1666666666666666
1955-09-09,0.0,1.0,0.1666666666666666
1955-09-16,0.0,1.0,0.1666666666666666
1955-09-23,0.0,1.0,0.1666666666666666
1955-09-30,0.0,1.0,0.1666666666666666
1955-10-07,0.0,1.0,0.1666666666666666
1955-10-14,0.0,1.0,0.1666666666666666
1955-10-21,0.0,1.0,0.1666666666666666
1955-10-28,0.0,1.0,0.1666666666666666
1955-11-04,0.0,1.0,0.1666666666666666
1955-11-11,0.0,1.0,0.1666666666666666
1955-11-18,0.0,1.0,0.1666666666666666
1955-11-25,0.0,1.0,0.1666666666666666
1955-12-02,0.0,1.0,0.1666666666666666
1955-12-09,0.0,1.0,0.1666666666666666
1955-12-16,0.0,1.0,0.1666666666666666
1955-12-23,0.0,1.0,0.1666666666666666
1955-12-30,0.0,1.0,0.1666666666666666
1956-01-06,0.0,1.0,0.1666666666666666
1956-01-13,0.0,1.0,0.1666666666666666
1956-01-20,0.0,1.0,0.1666666666666666
1956-01-27,0.0,1.0,0.1666666666666666
1956-02-03,0.5,0.5,0.0999999999999998
1956-02-10,0.5,0.5,0.0999999999999998
1956-02-17,0.5,0.5,0.0999999999999998
1956-02-24,0.5,0.5,0.0999999999999998
1956-03-02,0.5,0.5,0.0999999999999998
1956-03-09,0.5,0.5,0.0999999999999998
1956-03-16,0.5,0.5,0.0999999999999998
1956-03-23,0.5,0.5,0.0999999999999998
1956-03-30,0.5,0.5,0.0999999999999998
1956-04-06,0.5,0.5,0.0999999999999998
1956-04-13,0.5,0.5,0.0999999999999998
1956-04-20,0.5,0.5,0.0999999999999998
1956-04-27,0.5,0.5,0.0999999999999998
1956-05-04,0.5,0.5,0.0999999999999998
1956-05-11,0.5,0.5,0.0999999999999998
1956-05-18,0.5,0.5,0.0999999999999998
1956-05-25,0.5,0.5,0.0999999999999998
1956-06-01,0.0,1.0,0.1666666666666666
1956-06-08,0.0,1.0,0.1666666666666666
1956-06-15,0.0,1.0,0.1666666666666666
1956-06-22,0.0,1.0,0.1666666666666666
1956-06-29,0.0,1.0,0.1666666666666666
1956-07-06,0.0,1.0,0.1666666666666666
1956-07-13,0.0,1.0,0.1666666666666666
1956-07-20,0.0,1.0,0.1666666666666666
1956-07-27,0.0,1.0,0.1666666666666666
1956-08-03,0.0,1.0,0.1666666666666666
1956-08-10,0.0,1.0,0.1666666666666666
1956-08-17,0.0,1.0,0.1666666666666666
1956-08-24,0.0,1.0,0.1666666666666666
1956-08-31,0.0,1.0,0.1666666666666666
1956-09-07,0.0,1.0,0.1666666666666666
1956-09-14,0.0,1.0,0.1666666666666666
1956-09-21,0.0,1.0,0.1666666666666666
1956-09-28,0.0,1.0,0.1666666666666666
1956-10-05,0.0,1.0,0.1666666666666666
1956-10-12,0.0,1.0,0.1666666666666666
1956-10-19,0.0,1.0,0.1666666666666666
1956-10-26,0.0,1.0,0.1666666666666666
1956-11-02,0.0,1.0,0.1666666666666666
1956-11-09,0.0,1.0,0.1666666666666666
1956-11-16,0.0,1.0,0.1666666666666666
1956-11-23,0.0,1.0,0.1666666666666666
1956-11-30,0.0,1.0,0.1666666666666666
1956-12-07,0.0,1.0,0.1666666666666666
1956-12-14,0.0,1.0,0.1666666666666666
1956-12-21,0.0,1.0,0.1666666666666666
1956-12-28,0.0,1.0,0.1666666666666666
1957-01-04,0.0,1.0,0.1666666666666666
1957-01-11,0.0,1.0,0.1666666666666666
1957-01-18,0.0,1.0,0.1666666666666666
1957-01-25,0.0,1.0,0.1666666666666666
1957-02-01,0.0,1.0,0.1666666666666666
1957-02-08,0.0,1.0,0.1666666666666666
1957-02-15,0.0,1.0,0.1666666666666666
1957-02-22,0.0,1.0,0.1666666666666666
1957-03-01,0.0,1.0,0.1666666666666666
1957-03-08,0.0,1.0,0.1666666666666666
1957-03-15,0.0,1.0,0.1666666666666666
1957-03-22,0.0,1.0,0.1666666666666666
1957-03-29,0.0,1.0,0.1666666666666666
1957-04-05,0.0,1.0,0.1666666666666666
1957-04-12,0.0,1.0,0.1666666666666666
1957-04-19,0.0,1.0,0.1666666666666666
1957-04-26,0.0,1.0,0.1666666666666666
1957-05-03,0.0,1.0,0.1666666666666666
1957-05-10,0.0,1.0,0.1666666666666666
1957-05-17,0.0,1.0,0.1666666666666666
1957-05-24,0.0,1.0,0.1666666666666666
1957-05-31,0.0,1.0,0.1666666666666666
1957-06-07,0.0,1.0,0.1666666666666666
1957-06-14,0.0,1.0,0.1666666666666666
1957-06-21,0.0,1.0,0.1666666666666666
1957-06-28,0.0,1.0,0.1666666666666666
1957-07-05,0.0,1.0,0.1666666666666666
1957-07-12,0.0,1.0,0.1666666666666666
1957-07-19,0.0,1.0,0.1666666666666666
1957-07-26,0.0,1.0,0.1666666666666666
1957-08-02,0.0,1.0,0.1666666666666666
1957-08-09,0.0,1.0,0.1666666666666666
1957-08-16,0.0,1.0,0.1666666666666666
1957-08-23,0.0,1.0,0.1666666666666666
1957-08-30,0.0,1.0,0.1666666666666666
1957-09-06,0.0,1.0,0.1666666666666666
1957-09-13,0.0,1.0,0.1666666666666666
1957-09-20,0.0,1.0,0.1666666666666666
1957-09-27,0.0,1.0,0.1666666666666666
1957-10-04,0.0,1.0,0.1666666666666666
1957-10-11,0.0,1.0,0.1666666666666666
1957-10-18,0.0,1.0,0.1666666666666666
1957-10-25,0.0,1.0,0.1666666666666666
1957-11-01,0.0,1.0,0.1666666666666666
1957-11-08,0.0,1.0,0.1666666666666666
1957-11-15,0.0,1.0,0.1666666666666666
1957-11-22,0.0,1.0,0.1666666666666666
1957-11-29,0.0,1.0,0.1666666666666666
1957-12-06,0.0,1.0,0.1666666666666666
1957-12-13,0.0,1.0,0.1666666666666666
1957-12-20,0.0,1.0,0.1666666666666666
1957-12-27,0.0,1.0,0.1666666666666666
1958-01-03,0.0,1.0,0.1666666666666666
1958-01-10,0.0,1.0,0.1666666666666666
1958-01-17,0.0,1.0,0.1666666666666666
1958-01-24,0.0,1.0,0.1666666666666666
1958-01-31,0.0,1.0,0.1666666666666666
1958-02-07,0.0,1.0,0.1666666666666666
1958-02-14,0.0,1.0,0.1666666666666666
1958-02-21,0.0,1.0,0.1666666666666666
1958-02-28,0.0,1.0,0.1666666666666666
1958-03-07,0.0,1.0,0.1666666666666666
1958-03-14,0.0,1.0,0.1666666666666666
1958-03-21,0.0,1.0,0.1666666666666666
1958-03-28,0.0,1.0,0.1666666666666666
1958-04-04,0.0,1.0,0.1666666666666666
1958-04-11,0.0,1.0,0.1666666666666666
1958-04-18,0.0,1.0,0.1666666666666666
1958-04-25,0.0,1.0,0.1666666666666666
1958-05-02,0.0,1.0,0.1666666666666666
1958-05-09,0.0,1.0,0.1666666666666666
1958-05-16,0.0,1.0,0.1666666666666666
1958-05-23,0.0,1.0,0.1666666666666666
1958-05-30,0.0,1.0,0.1666666666666666
1958-06-06,0.0,1.0,0.1666666666666666
1958-06-13,0.0,1.0,0.1666666666666666
1958-06-20,0.0,1.0,0.1666666666666666
1958-06-27,0.0,1.0,0.1666666666666666
1958-07-04,0.0,1.0,0.1666666666666666
1958-07-11,0.0,1.0,0.1666666666666666
1958-07-18,0.0,1.0,0.1666666666666666
1958-07-25,0.0,1.0,0.1666666666666666
1958-08-01,0.0,1.0,0.1666666666666666
1958-08-08,0.0,1.0,0.1666666666666666
1958-08-15,0.0,1.0,0.1666666666666666
1958-08-22,0.0,1.0,0.1666666666666666
1958-08-29,0.0,1.0,0.1666666666666666
1958-09-05,0.0,1.0,0.1666666666666666
1958-09-12,0.0,1.0,0.1666666666666666
1958-09-19,0.0,1.0,0.1666666666666666
1958-09-26,0.0,1.0,0.1666666666666666
1958-10-03,0.0,1.0,0.1666666666666666
1958-10-10,0.0,1.0,0.1666666666666666
1958-10-17,0.0,1.0,0.1666666666666666
1958-10-24,0.0,1.0,0.1666666666666666
1958-10-31,0.0,1.0,0.1666666666666666
1958-11-07,0.0,1.0,0.1666666666666666
1958-11-14,0.0,1.0,0.1666666666666666
1958-11-21,0.0,1.0,0.1666666666666666
1958-11-28,0.0,1.0,0.1666666666666666
1958-12-05,0.0,1.0,0.1666666666666666
1958-12-12,0.0,1.0,0.1666666666666666
1958-12-19,0.0,1.0,0.1666666666666666
1958-12-26,0.0,1.0,0.1666666666666666
1959-01-02,0.0,1.0,0.1666666666666666
1959-01-09,0.0,1.0,0.1666666666666666
1959-01-16,0.0,1.0,0.1666666666666666
1959-01-23,0.0,1.0,0.1666666666666666
1959-01-30,0.0,1.0,0.1666666666666666
1959-02-06,0.0,1.0,0.1666666666666666
1959-02-13,0.0,1.0,0.1666666666666666
1959-02-20,0.0,1.0,0.1666666666666666
1959-02-27,0.0,1.0,0.1666666666666666
1959-03-06,0.0,1.0,0.1666666666666666
1959-03-13,0.0,1.0,0.1666666666666666
1959-03-20,0.0,1.0,0.1666666666666666
1959-03-27,0.0,1.0,0.1666666666666666
1959-04-03,0.0,1.0,0.1666666666666666
1959-04-10,0.0,1.0,0.1666666666666666
1959-04-17,0.0,1.0,0.1666666666666666
1959-04-24,0.0,1.0,0.1666666666666666
1959-05-01,0.7500000000000001,0.24999999999999983,0.16666666666666652
1959-05-08,0.7500000000000001,0.24999999999999983,0.16666666666666652
1959-05-15,0.7500000000000001,0.24999999999999983,0.16666666666666652
1959-05-22,0.7500000000000001,0.24999999999999983,0.16666666666666652
1959-05-29,0.7500000000000001,0.24999999999999983,0.16666666666666652
1959-06-05,0.7500000000000001,0.24999999999999983,0.16666666666666652
1959-06-12,0.7500000000000001,0.24999999999999983,0.16666666666666652
1959-06-19,0.7500000000000001,0.24999999999999983,0.16666666666666652
1959-06-26,0.7500000000000001,0.24999999999999983,0.16666666666666652
1959-07-03,0.7500000000000001,0.24999999999999983,0.16666666666666652
1959-07-10,0.7500000000000001,0.24999999999999983,0.16666666666666652
1959-07-17,0.7500000000000001,0.24999999999999983,0.16666666666666652
1959-07-24,0.7500000000000001,0.24999999999999983,0.16666666666666652
1959-07-31,0.7500000000000001,0.24999999999999983,0.16666666666666652
1959-08-07,0.7500000000000001,0.24999999999999983,0.16666666666666652
1959-08-14,0.7500000000000001,0.24999999999999983,0.16666666666666652
1959-08-21,0.7500000000000001,0.24999999999999983,0.16666666666666652
1959-08-28,0.7500000000000001,0.24999999999999983,0.16666666666666652
1959-09-04,0.7500000000000001,0.24999999999999983,0.16666666666666652
1959-09-11,0.7500000000000001,0.24999999999999983,0.16666666666666652
1959-09-18,0.7500000000000001,0.24999999999999983,0.16666666666666652
1959-09-25,0.7500000000000001,0.24999999999999983,0.16666666666666652
1959-10-02,0.7500000000000001,0.24999999999999983,0.16666666666666652
1959-10-09,0.7500000000000001,0.24999999999999983,0.16666666666666652
1959-10-16,0.7500000000000001,0.24999999999999983,0.16666666666666652
1959-10-23,0.7500000000000001,0.24999999999999983,0.16666666666666652
1959-10-30,0.7500000000000001,0.24999999999999983,0.16666666666666652
1959-11-06,0.7500000000000001,0.24999999999999983,0.16666666666666652
1959-11-13,0.7500000000000001,0.24999999999999983,0.16666666666666652
1959-11-20,0.7500000000000001,0.24999999999999983,0.16666666666666652
1959-11-27,0.7500000000000001,0.24999999999999983,0.16666666666666652
1959-12-04,0.7500000000000001,0.24999999999999983,0.16666666666666652
1959-12-11,0.7500000000000001,0.24999999999999983,0.16666666666666652
1959-12-18,0.7500000000000001,0.24999999999999983,0.16666666666666652
1959-12-25,0.7500000000000001,0.24999999999999983,0.16666666666666652
1960-01-01,0.7500000000000001,0.24999999999999983,0.16666666666666652
1960-01-08,0.7500000000000001,0.24999999999999983,0.16666666666666652
1960-01-15,0.7500000000000001,0.24999999999999983,0.16666666666666652
1960-01-22,0.7500000000000001,0.24999999999999983,0.16666666666666652
1960-01-29,0.7500000000000001,0.24999999999999983,0.16666666666666652
1960-02-05,0.7500000000000001,0.24999999999999983,0.16666666666666652
1960-02-12,0.7500000000000001,0.24999999999999983,0.16666666666666652
1960-02-19,0.7500000000000001,0.24999999999999983,0.16666666666666652
1960-02-26,0.7500000000000001,0.24999999999999983,0.16666666666666652
1960-03-04,0.7500000000000001,0.24999999999999983,0.16666666666666652
1960-03-11,0.7500000000000001,0.24999999999999983,0.16666666666666652
1960-03-18,0.7500000000000001,0.24999999999999983,0.16666666666666652
1960-03-25,0.7500000000000001,0.24999999999999983,0.16666666666666652
1960-04-01,0.7500000000000001,0.24999999999999983,0.16666666666666652
1960-04-08,0.7500000000000001,0.24999999999999983,0.16666666666666652
1960-04-15,0.7500000000000001,0.24999999999999983,0.16666666666666652
1960-04-22,0.7500000000000001,0.24999999999999983,0.16666666666666652
1960-04-29,0.7500000000000001,0.24999999999999983,0.16666666666666652
1960-05-06,0.7500000000000001,0.24999999999999983,0.16666666666666652
1960-05-13,0.7500000000000001,0.24999999999999983,0.16666666666666652
1960-05-20,0.7500000000000001,0.24999999999999983,0.16666666666666652
1960-05-27,0.7500000000000001,0.24999999999999983,0.16666666666666652
1960-06-03,0.7500000000000001,0.24999999999999983,0.16666666666666652
1960-06-10,0.7500000000000001,0.24999999999999983,0.16666666666666652
1960-06-17,0.7500000000000001,0.24999999999999983,0.16666666666666652
1960-06-24,0.7500000000000001,0.24999999999999983,0.16666666666666652
1960-07-01,0.7500000000000001,0.24999999999999983,0.16666666666666652
1960-07-08,0.7500000000000001,0.24999999999999983,0.16666666666666652
1960-07-15,0.7500000000000001,0.24999999999999983,0.16666666666666652
1960-07-22,0.7500000000000001,0.24999999999999983,0.16666666666666652
1960-07-29,0.7500000000000001,0.24999999999999983,0.16666666666666652
1960-08-05,0.7500000000000001,0.24999999999999983,0.16666666666666652
1960-08-12,0.7500000000000001,0.24999999999999983,0.16666666666666652
1960-08-19,0.7500000000000001,0.24999999999999983,0.16666666666666652
1960-08-26,0.7500000000000001,0.24999999999999983,0.16666666666666652
1960-09-02,0.7500000000000001,0.24999999999999983,0.16666666666666652
1960-09-09,0.7500000000000001,0.24999999999999983,0.16666666666666652
1960-09-16,0.7500000000000001,0.24999999999999983,0.16666666666666652
1960-09-23,0.7500000000000001,0.24999999999999983,0.16666666666666652
1960-09-30,0.7500000000000001,0.24999999999999983,0.16666666666666652
1960-10-07,0.7500000000000001,0.24999999999999983,0.16666666666666652
1960-10-14,0.7500000000000001,0.24999999999999983,0.16666666666666652
1960-10-21,0.7500000000000001,0.24999999999999983,0.16666666666666652
1960-10-28,0.7500000000000001,0.24999999999999983,0.16666666666666652
1960-11-04,0.7500000000000001,0.24999999999999983,0.16666666666666652
1960-11-11,0.7500000000000001,0.24999999999999983,0.16666666666666652
1960-11-18,0.7500000000000001,0.24999999999999983,0.16666666666666652
1960-11-25,0.7500000000000001,0.24999999999999983,0.16666666666666652
1960-12-02,0.7500000000000001,0.24999999999999983,0.16666666666666652
1960-12-09,0.7500000000000001,0.24999999999999983,0.16666666666666652
1960-12-16,0.7500000000000001,0.24999999999999983,0.16666666666666652
1960-12-23,0.7500000000000001,0.24999999999999983,0.16666666666666652
1960-12-30,0.7500000000000001,0.24999999999999983,0.16666666666666652
1961-01-06,0.7500000000000001,0.24999999999999983,0.16666666666666652
1961-01-13,0.7500000000000001,0.24999999999999983,0.16666666666666652
1961-01-20,0.7500000000000001,0.24999999999999983,0.16666666666666652
1961-01-27,0.7500000000000001,0.24999999999999983,0.16666666666666652
1961-02-03,0.7500000000000001,0.24999999999999983,0.16666666666666652
1961-02-10,0.7500000000000001,0.24999999999999983,0.16666666666666652
1961-02-17,0.7500000000000001,0.24999999999999983,0.16666666666666652
1961-02-24,0.7500000000000001,0.24999999999999983,0.16666666666666652
1961-03-03,0.7500000000000001,0.24999999999999983,0.16666666666666652
1961-03-10,0.7500000000000001,0.24999999999999983,0.16666666666666652
1961-03-17,0.7500000000000001,0.24999999999999983,0.16666666666666652
1961-03-24,0.7500000000000001,0.24999999999999983,0.16666666666666652
1961-03-31,0.7500000000000001,0.24999999999999983,0.16666666666666652
1961-04-07,0.7500000000000001,0.24999999999999983,0.16666666666666652
1961-04-14,0.7500000000000001,0.24999999999999983,0.16666666666666652
1961-04-21,0.7500000000000001,0.24999999999999983,0.16666666666666652
1961-04-28,0.7500000000000001,0.24999999999999983,0.16666666666666652
1961-05-05,0.7500000000000001,0.24999999999999983,0.16666666666666652
1961-05-12,0.7500000000000001,0.24999999999999983,0.16666666666666652
1961-05-19,0.7500000000000001,0.24999999999999983,0.16666666666666652
1961-05-26,0.7500000000000001,0.24999999999999983,0.16666666666666652
1961-06-02,0.7500000000000001,0.24999999999999983,0.16666666666666652
1961-06-09,0.7500000000000001,0.24999999999999983,0.16666666666666652
1961-06-16,0.7500000000000001,0.24999999999999983,0.16666666666666652
1961-06-23,0.7500000000000001,0.24999999999999983,0.16666666666666652
1961-06-30,0.7500000000000001,0.24999999999999983,0.16666666666666652
1961-07-07,0.7500000000000001,0.24999999999999983,0.16666666666666652
1961-07-14,0.7500000000000001,0.24999999999999983,0.16666666666666652
1961-07-21,0.7500000000000001,0.24999999999999983,0.16666666666666652
1961-07-28,0.7500000000000001,0.24999999999999983,0.16666666666666652
1961-08-04,0.7500000000000001,0.24999999999999983,0.16666666666666652
1961-08-11,0.7500000000000001,0.24999999999999983,0.16666666666666652
1961-08-18,0.7500000000000001,0.24999999999999983,0.16666666666666652
1961-08-25,0.7500000000000001,0.24999999999999983,0.16666666666666652
1961-09-01,0.7500000000000001,0.24999999999999983,0.16666666666666652
1961-09-08,0.7500000000000001,0.24999999999999983,0.16666666666666652
1961-09-15,0.7500000000000001,0.24999999999999983,0.16666666666666652
1961-09-22,0.7500000000000001,0.24999999999999983,0.16666666666666652
1961-09-29,0.7500000000000001,0.24999999999999983,0.16666666666666652
1961-10-06,0.25,0.75,0.2012338942398276
1961-10-13,0.25,0.75,0.2012338942398276
1961-10-20,0.25,0.75,0.2012338942398276
1961-10-27,0.25,0.75,0.2012338942398276
1961-11-03,0.25,0.75,0.2012338942398276
1961-11-10,0.25,0.75,0.2012338942398276
1961-11-17,0.25,0.75,0.2012338942398276
1961-11-24,0.25,0.75,0.2012338942398276
1961-12-01,0.5,0.5,0.0999999999999998
1961-12-08,0.5,0.5,0.0999999999999998
1961-12-15,0.5,0.5,0.0999999999999998
1961-12-22,0.5,0.5,0.0999999999999998
1961-12-29,0.5,0.5,0.0999999999999998
1962-01-05,0.5,0.5,0.0999999999999998
1962-01-12,0.5,0.5,0.0999999999999998
1962-01-19,0.5,0.5,0.0999999999999998
1962-01-26,0.5,0.5,0.0999999999999998
1962-02-02,0.5,0.5,0.0999999999999998
1962-02-09,0.5,0.5,0.0999999999999998
1962-02-16,0.5,0.5,0.0999999999999998
1962-02-23,0.5,0.5,0.0999999999999998
1962-03-02,0.5,0.5,0.0999999999999998
1962-03-09,0.5,0.5,0.0999999999999998
1962-03-16,0.5,0.5,0.0999999999999998
1962-03-23,0.5,0.5,0.0999999999999998
1962-03-30,0.5,0.5,0.0999999999999998
1962-04-06,0.5,0.5,0.0999999999999998
1962-04-13,0.5,0.5,0.0999999999999998
1962-04-20,0.5,0.5,0.0999999999999998
1962-04-27,0.5,0.5,0.0999999999999998
1962-05-04,0.5,0.5,0.0999999999999998
1962-05-11,0.5,0.5,0.0999999999999998
1962-05-18,0.5,0.5,0.0999999999999998
1962-05-25,0.5,0.5,0.0999999999999998
1962-06-01,0.5,0.5,0.0999999999999998
1962-06-08,0.5,0.5,0.0999999999999998
1962-06-15,0.5,0.5,0.0999999999999998
1962-06-22,0.5,0.5,0.0999999999999998
1962-06-29,0.5,0.5,0.0999999999999998
1962-07-06,0.5,0.5,0.0999999999999998
1962-07-13,0.5,0.5,0.0999999999999998
1962-07-20,0.5,0.5,0.0999999999999998
1962-07-27,0.5,0.5,0.0999999999999998
1962-08-03,0.5,0.5,0.0999999999999998
1962-08-10,0.5,0.5,0.0999999999999998
1962-08-17,0.5,0.5,0.0999999999999998
1962-08-24,0.5,0.5,0.0999999999999998
1962-08-31,0.5,0.5,0.0999999999999998
1962-09-07,0.5,0.5,0.0999999999999998
1962-09-14,0.5,0.5,0.0999999999999998
1962-09-21,0.5,0.5,0.0999999999999998
1962-09-28,0.5,0.5,0.0999999999999998
1962-10-05,0.5,0.5,0.0999999999999998
1962-10-12,0.5,0.5,0.0999999999999998
1962-10-19,0.5,0.5,0.0999999999999998
1962-10-26,0.5,0.5,0.0999999999999998
1962-11-02,0.5,0.5,0.0999999999999998
1962-11-09,0.5,0.5,0.0999999999999998
1962-11-16,0.5,0.5,0.0999999999999998
1962-11-23,0.5,0.5,0.0999999999999998
1962-11-30,0.5,0.5,0.0999999999999998
1962-12-07,0.5,0.5,0.0999999999999998
1962-12-14,0.5,0.5,0.0999999999999998
1962-12-21,0.5,0.5,0.0999999999999998
1962-12-28,0.5,0.5,0.0999999999999998
1963-01-04,0.5,0.5,0.0999999999999998
1963-01-11,0.5,0.5,0.0999999999999998
1963-01-18,0.5,0.5,0.0999999999999998
1963-01-25,0.5,0.5,0.0999999999999998
1963-02-01,0.5,0.5,0.0999999999999998
1963-02-08,0.5,0.5,0.0999999999999998
1963-02-15,0.5,0.5,0.0999999999999998
1963-02-22,0.5,0.5,0.0999999999999998
1963-03-01,0.5,0.5,0.0999999999999998
1963-03-08,0.5,0.5,0.0999999999999998
1963-03-15,0.5,0.5,0.0999999999999998
1963-03-22,0.5,0.5,0.0999999999999998
1963-03-29,0.5,0.5,0.0999999999999998
1963-04-05,0.5,0.5,0.0999999999999998
1963-04-12,0.5,0.5,0.0999999999999998
1963-04-19,0.5,0.5,0.0999999999999998
1963-04-26,0.5,0.5,0.0999999999999998
1963-05-03,0.5,0.5,0.0999999999999998
1963-05-10,0.5,0.5,0.0999999999999998
1963-05-17,0.5,0.5,0.0999999999999998
1963-05-24,0.5,0.5,0.0999999999999998
1963-05-31,0.5,0.5,0.0999999999999998
1963-06-07,0.5,0.5,0.0999999999999998
1963-06-14,0.5,0.5,0.0999999999999998
1963-06-21,0.5,0.5,0.0999999999999998
1963-06-28,0.5,0.5,0.0999999999999998
1963-07-05,0.5,0.5,0.0999999999999998
1963-07-12,0.5,0.5,0.0999999999999998
1963-07-19,0.5,0.5,0.0999999999999998
1963-07-26,0.5,0.5,0.0999999999999998
1963-08-02,0.5,0.5,0.0999999999999998
1963-08-09,0.5,0.5,0.0999999999999998
1963-08-16,0.5,0.5,0.0999999999999998
1963-08-23,0.5,0.5,0.0999999999999998
1963-08-30,0.5,0.5,0.0999999999999998
1963-09-06,0.5,0.5,0.0999999999999998
1963-09-13,0.5,0.5,0.0999999999999998
1963-09-20,0.5,0.5,0.0999999999999998
1963-09-27,0.5,0.5,0.0999999999999998
1963-10-04,0.5,0.5,0.0999999999999998
1963-10-11,0.5,0.5,0.0999999999999998
1963-10-18,0.5,0.5,0.0999999999999998
1963-10-25,0.5,0.5,0.0999999999999998
1963-11-01,0.5,0.5,0.0999999999999998
1963-11-08,0.5,0.5,0.0999999999999998
1963-11-15,0.5,0.5,0.0999999999999998
1963-11-22,0.5,0.5,0.0999999999999998
1963-11-29,0.5,0.5,0.0999999999999998
1963-12-06,0.5,0.5,0.0999999999999998
1963-12-13,0.5,0.5,0.0999999999999998
1963-12-20,0.5,0.5,0.0999999999999998
1963-12-27,0.5,0.5,0.0999999999999998
1964-01-03,0.5,0.5,0.0999999999999998
1964-01-10,0.5,0.5,0.0999999999999998
1964-01-17,0.5,0.5,0.0999999999999998
1964-01-24,0.5,0.5,0.0999999999999998
1964-01-31,0.5,0.5,0.0999999999999998
1964-02-07,0.5,0.5,0.0999999999999998
1964-02-14,0.5,0.5,0.0999999999999998
1964-02-21,0.5,0.5,0.0999999999999998
1964-02-28,0.5,0.5,0.0999999999999998
1964-03-06,0.5,0.5,0.0999999999999998
1964-03-13,0.5,0.5,0.0999999999999998
1964-03-20,0.5,0.5,0.0999999999999998
1964-03-27,0.5,0.5,0.0999999999999998
1964-04-03,0.5,0.5,0.0999999999999998
1964-04-10,0.5,0.5,0.0999999999999998
1964-04-17,0.5,0.5,0.0999999999999998
1964-04-24,0.5,0.5,0.0999999999999998
1964-05-01,0.5,0.5,0.0999999999999998
1964-05-08,0.5,0.5,0.0999999999999998
1964-05-15,0.5,0.5,0.0999999999999998
1964-05-22,0.5,0.5,0.0999999999999998
1964-05-29,0.5,0.5,0.0999999999999998
1964-06-05,0.5,0.5,0.0999999999999998
1964-06-12,0.5,0.5,0.0999999999999998
1964-06-19,0.5,0.5,0.0999999999999998
1964-06-26,0.5,0.5,0.0999999999999998
1964-07-03,0.5,0.5,0.0999999999999998
1964-07-10,0.5,0.5,0.0999999999999998
1964-07-17,0.5,0.5,0.0999999999999998
1964-07-24,0.5,0.5,0.0999999999999998
1964-07-31,0.5,0.5,0.0999999999999998
1964-08-07,0.5,0.5,0.0999999999999998
1964-08-14,0.5,0.5,0.0999999999999998
1964-08-21,0.5,0.5,0.0999999999999998
1964-08-28,0.5,0.5,0.0999999999999998
1964-09-04,0.5,0.5,0.0999999999999998
1964-09-11,0.5,0.5,0.0999999999999998
1964-09-18,0.5,0.5,0.0999999999999998
1964-09-25,0.5,0.5,0.0999999999999998
1964-10-02,0.5,0.5,0.0999999999999998
1964-10-09,0.5,0.5,0.0999999999999998
1964-10-16,0.5,0.5,0.0999999999999998
1964-10-23,0.5,0.5,0.0999999999999998
1964-10-30,0.5,0.5,0.0999999999999998
1964-11-06,0.5,0.5,0.0999999999999998
1964-11-13,0.5,0.5,0.0999999999999998
1964-11-20,0.5,0.5,0.0999999999999998
1964-11-27,0.5,0.5,0.0999999999999998
1964-12-04,0.5,0.5,0.0999999999999998
1964-12-11,0.5,0.5,0.0999999999999998
1964-12-18,0.5,0.5,0.0999999999999998
1964-12-25,0.5,0.5,0.0999999999999998
1965-01-01,0.5,0.5,0.0999999999999998
1965-01-08,0.5,0.5,0.0999999999999998
1965-01-15,0.5,0.5,0.0999999999999998
1965-01-22,0.5,0.5,0.0999999999999998
1965-01-29,0.5,0.5,0.0999999999999998
1965-02-05,0.5,0.5,0.0999999999999998
1965-02-12,0.5,0.5,0.0999999999999998
1965-02-19,0.5,0.5,0.0999999999999998
1965-02-26,0.5,0.5,0.0999999999999998
1965-03-05,0.5,0.5,0.0999999999999998
1965-03-12,0.5,0.5,0.0999999999999998
1965-03-19,0.5,0.5,0.0999999999999998
1965-03-26,0.5,0.5,0.0999999999999998
1965-04-02,0.5,0.5,0.0999999999999998
1965-04-09,0.5,0.5,0.0999999999999998
1965-04-16,0.5,0.5,0.0999999999999998
1965-04-23,0.5,0.5,0.0999999999999998
1965-04-30,0.5,0.5,0.0999999999999998
1965-05-07,0.5,0.5,0.0999999999999998
1965-05-14,0.5,0.5,0.0999999999999998
1965-05-21,0.5,0.5,0.0999999999999998
1965-05-28,0.5,0.5,0.0999999999999998
1965-06-04,0.5,0.5,0.0999999999999998
1965-06-11,0.5,0.5,0.0999999999999998
1965-06-18,0.5,0.5,0.0999999999999998
1965-06-25,0.5,0.5,0.0999999999999998
1965-07-02,0.5,0.5,0.0999999999999998
1965-07-09,0.5,0.5,0.0999999999999998
1965-07-16,0.5,0.5,0.0999999999999998
1965-07-23,0.5,0.5,0.0999999999999998
1965-07-30,0.5,0.5,0.0999999999999998
1965-08-06,0.5,0.5,0.0999999999999998
1965-08-13,0.5,0.5,0.0999999999999998
1965-08-20,0.5,0.5,0.0999999999999998
1965-08-27,0.5,0.5,0.0999999999999998
1965-09-03,0.5,0.5,0.0999999999999998
1965-09-10,0.5,0.5,0.0999999999999998
1965-09-17,0.5,0.5,0.0999999999999998
1965-09-24,0.5,0.5,0.0999999999999998
1965-10-01,0.5,0.5,0.0999999999999998
1965-10-08,0.5,0.5,0.0999999999999998
1965-10-15,0.5,0.5,0.0999999999999998
1965-10-22,0.5,0.5,0.0999999999999998
1965-10-29,0.5,0.5,0.0999999999999998
1965-11-05,0.5,0.5,0.0999999999999998
1965-11-12,0.5,0.5,0.0999999999999998
1965-11-19,0.5,0.5,0.0999999999999998
1965-11-26,0.5,0.5,0.0999999999999998
1965-12-03,0.5,0.5,0.0999999999999998
1965-12-10,0.5,0.5,0.0999999999999998
1965-12-17,0.5,0.5,0.0999999999999998
1965-12-24,0.5,0.5,0.0999999999999998
1965-12-31,0.5,0.5,0.0999999999999998
1966-01-07,0.5,0.5,0.0999999999999998
1966-01-14,0.5,0.5,0.0999999999999998
1966-01-21,0.5,0.5,0.0999999999999998
1966-01-28,0.5,0.5,0.0999999999999998
1966-02-04,0.5,0.5,0.0999999999999998
1966-02-11,0.5,0.5,0.0999999999999998
1966-02-18,0.5,0.5,0.0999999999999998
1966-02-25,0.5,0.5,0.0999999999999998
1966-03-04,0.5,0.5,0.0999999999999998
1966-03-11,0.5,0.5,0.0999999999999998
1966-03-18,0.5,0.5,0.0999999999999998
1966-03-25,0.5,0.5,0.0999999999999998
1966-04-01,0.5,0.5,0.0999999999999998
1966-04-08,0.5,0.5,0.0999999999999998
1966-04-15,0.5,0.5,0.0999999999999998
1966-04-22,0.5,0.5,0.0999999999999998
1966-04-29,0.5,0.5,0.0999999999999998
1966-05-06,0.5,0.5,0.0999999999999998
1966-05-13,0.5,0.5,0.0999999999999998
1966-05-20,0.5,0.5,0.0999999999999998
1966-05-27,0.5,0.5,0.0999999999999998
1966-06-03,0.5,0.5,0.0999999999999998
1966-06-10,0.5,0.5,0.0999999999999998
1966-06-17,0.5,0.5,0.0999999999999998
1966-06-24,0.5,0.5,0.0999999999999998
1966-07-01,0.5,0.5,0.0999999999999998
1966-07-08,0.5,0.5,0.0999999999999998
1966-07-15,0.5,0.5,0.0999999999999998
1966-07-22,0.5,0.5,0.0999999999999998
1966-07-29,0.5,0.5,0.0999999999999998
1966-08-05,0.5,0.5,0.0999999999999998
1966-08-12,0.5,0.5,0.0999999999999998
1966-08-19,0.5,0.5,0.0999999999999998
1966-08-26,0.0,1.0,0.1797543076969504
1966-09-02,0.0,1.0,0.1797543076969504
1966-09-09,0.0,1.0,0.1797543076969504
1966-09-16,0.0,1.0,0.1797543076969504
1966-09-23,0.0,1.0,0.1797543076969504
1966-09-30,0.0,1.0,0.1797543076969504
1966-10-07,0.0,1.0,0.1797543076969504
1966-10-14,0.0,1.0,0.1797543076969504
1966-10-21,0.0,1.0,0.1797543076969504
1966-10-28,0.0,1.0,0.1797543076969504
1966-11-04,0.0,1.0,0.1797543076969504
1966-11-11,0.0,1.0,0.1797543076969504
1966-11-18,0.0,1.0,0.1797543076969504
1966-11-25,0.0,1.0,0.1797543076969504
1966-12-02,0.7500000000000001,0.25,0.1797543076969504
1966-12-09,0.7500000000000001,0.25,0.1797543076969504
1966-12-16,0.7500000000000001,0.25,0.1797543076969504
1966-12-23,0.7500000000000001,0.25,0.1797543076969504
1966-12-30,0.7500000000000001,0.25,0.1797543076969504
1967-01-06,0.7500000000000001,0.25,0.1797543076969504
1967-01-13,0.7500000000000001,0.25,0.1797543076969504
1967-01-20,0.7500000000000001,0.25,0.1797543076969504
1967-01-27,0.7500000000000001,0.25,0.1797543076969504
1967-02-03,0.7500000000000001,0.25,0.1797543076969504
1967-02-10,0.7500000000000001,0.25,0.1797543076969504
1967-02-17,0.7500000000000001,0.25,0.1797543076969504
1967-02-24,0.7500000000000001,0.25,0.1797543076969504
1967-03-03,0.7500000000000001,0.25,0.1797543076969504
1967-03-10,0.7500000000000001,0.25,0.1797543076969504
1967-03-17,0.7500000000000001,0.25,0.1797543076969504
1967-03-24,0.7500000000000001,0.25,0.1797543076969504
1967-03-31,0.7500000000000001,0.25,0.1797543076969504
1967-04-07,0.7500000000000001,0.25,0.1797543076969504
1967-04-14,0.7500000000000001,0.25,0.1797543076969504
1967-04-21,0.7500000000000001,0.25,0.1797543076969504
1967-04-28,0.7500000000000001,0.25,0.1797543076969504
1967-05-05,0.7500000000000001,0.25,0.1797543076969504
1967-05-12,0.7500000000000001,0.25,0.1797543076969504
1967-05-19,0.7500000000000001,0.25,0.1797543076969504
1967-05-26,0.7500000000000001,0.25,0.1797543076969504
1967-06-02,0.7500000000000001,0.25,0.1797543076969504
1967-06-09,0.7500000000000001,0.25,0.1797543076969504
1967-06-16,0.7500000000000001,0.25,0.1797543076969504
1967-06-23,0.7500000000000001,0.25,0.1797543076969504
1967-06-30,0.7500000000000001,0.25,0.1797543076969504
1967-07-07,0.7500000000000001,0.25,0.1797543076969504
1967-07-14,0.7500000000000001,0.25,0.1797543076969504
1967-07-21,0.7500000000000001,0.25,0.1797543076969504
1967-07-28,0.7500000000000001,0.25,0.1797543076969504
1967-08-04,0.7500000000000001,0.25,0.1797543076969504
1967-08-11,0.7500000000000001,0.25,0.1797543076969504
1967-08-18,0.7500000000000001,0.25,0.1797543076969504
1967-08-25,0.7500000000000001,0.25,0.1797543076969504
1967-09-01,0.7500000000000001,0.25,0.1797543076969504
1967-09-08,0.7500000000000001,0.25,0.1797543076969504
1967-09-15,0.7500000000000001,0.25,0.1797543076969504
1967-09-22,0.7500000000000001,0.25,0.1797543076969504
1967-09-29,0.7500000000000001,0.25,0.1797543076969504
1967-10-06,0.7500000000000001,0.25,0.1797543076969504
1967-10-13,0.7500000000000001,0.25,0.1797543076969504
1967-10-20,0.7500000000000001,0.25,0.1797543076969504
1967-10-27,0.7500000000000001,0.25,0.1797543076969504
1967-11-03,0.7500000000000001,0.25,0.1797543076969504
1967-11-10,0.7500000000000001,0.25,0.1797543076969504
1967-11-17,0.7500000000000001,0.25,0.1797543076969504
1967-11-24,0.7500000000000001,0.25,0.1797543076969504
1967-12-01,0.7500000000000001,0.25,0.1797543076969504
1967-12-08,0.7500000000000001,0.25,0.1797543076969504
1967-12-15,0.7500000000000001,0.25,0.1797543076969504
1967-12-22,0.7500000000000001,0.25,0.1797543076969504
1967-12-29,0.2499999999999995,0.7500000000000006,0.0999999999999998
1968-01-05,0.2499999999999995,0.7500000000000006,0.0999999999999998
1968-01-12,0.2499999999999995,0.7500000000000006,0.0999999999999998
1968-01-19,0.2499999999999995,0.7500000000000006,0.0999999999999998
1968-01-26,0.2499999999999995,0.7500000000000006,0.0999999999999998
1968-02-02,0.2499999999999995,0.7500000000000006,0.0999999999999998
1968-02-09,0.2499999999999995,0.7500000000000006,0.0999999999999998
1968-02-16,0.2499999999999995,0.7500000000000006,0.0999999999999998
1968-02-23,0.0,1.0,0.1797543076969504
1968-03-01,0.0,1.0,0.1797543076969504
1968-03-08,0.0,1.0,0.1797543076969504
1968-03-15,0.0,1.0,0.1797543076969504
1968-03-22,0.0,1.0,0.1797543076969504
1968-03-29,0.0,1.0,0.1797543076969504
1968-04-05,0.0,1.0,0.1797543076969504
1968-04-12,0.0,1.0,0.1797543076969504
1968-04-19,0.0,1.0,0.1797543076969504
1968-04-26,0.0,1.0,0.1797543076969504
1968-05-03,0.0,1.0,0.1797543076969504
1968-05-10,0.0,1.0,0.1797543076969504
1968-05-17,0.0,1.0,0.1797543076969504
1968-05-24,0.0,1.0,0.1797543076969504
1968-05-31,0.0,1.0,0.1797543076969504
1968-06-07,0.0,1.0,0.1797543076969504
1968-06-14,0.0,1.0,0.1797543076969504
1968-06-21,0.0,1.0,0.1797543076969504
1968-06-28,0.0,1.0,0.1797543076969504
1968-07-05,0.0,1.0,0.1797543076969504
1968-07-12,0.0,1.0,0.1797543076969504
1968-07-19,0.0,1.0,0.1797543076969504
1968-07-26,0.0,1.0,0.1797543076969504
1968-08-02,0.0,1.0,0.1797543076969504
1968-08-09,0.0,1.0,0.1797543076969504
1968-08-16,0.0,1.0,0.1797543076969504
1968-08-23,0.0,1.0,0.1797543076969504
1968-08-30,0.7500000000000001,0.25,0.1797543076969504
1968-09-06,0.7500000000000001,0.25,0.1797543076969504
1968-09-13,0.7500000000000001,0.25,0.1797543076969504
1968-09-20,0.7500000000000001,0.25,0.1797543076969504
1968-09-27,0.7500000000000001,0.25,0.1797543076969504
1968-10-04,0.7500000000000001,0.25,0.1797543076969504
1968-10-11,0.7500000000000001,0.25,0.1797543076969504
1968-10-18,0.7500000000000001,0.25,0.1797543076969504
1968-10-25,0.7500000000000001,0.25,0.1797543076969504
1968-11-01,0.7500000000000001,0.25,0.1797543076969504
1968-11-08,0.7500000000000001,0.25,0.1797543076969504
1968-11-15,0.7500000000000001,0.25,0.1797543076969504
1968-11-22,0.7500000000000001,0.25,0.1797543076969504
1968-11-29,0.7500000000000001,0.25,0.1797543076969504
1968-12-06,0.7500000000000001,0.25,0.1797543076969504
1968-12-13,0.7500000000000001,0.25,0.1797543076969504
1968-12-20,0.7500000000000001,0.25,0.1797543076969504
1968-12-27,0.7500000000000001,0.25,0.1797543076969504
1969-01-03,0.7500000000000001,0.25,0.1797543076969504
1969-01-10,0.7500000000000001,0.25,0.1797543076969504
1969-01-17,0.7500000000000001,0.25,0.1797543076969504
1969-01-24,0.7500000000000001,0.25,0.1797543076969504
1969-01-31,0.7500000000000001,0.25,0.1797543076969504
1969-02-07,0.7500000000000001,0.25,0.1797543076969504
1969-02-14,0.7500000000000001,0.25,0.1797543076969504
1969-02-21,0.7500000000000001,0.25,0.1797543076969504
1969-02-28,0.7500000000000001,0.25,0.1797543076969504
1969-03-07,0.5,0.5,0.35
1969-03-14,0.5,0.5,0.35
1969-03-21,0.5,0.5,0.35
1969-03-28,0.5,0.5,0.35
1969-04-04,0.5,0.5,0.35
1969-04-11,0.5,0.5,0.35
1969-04-18,0.5,0.5,0.35
1969-04-25,0.5,0.5,0.35
1969-05-02,0.5,0.5,0.35
1969-05-09,0.5,0.5,0.35
1969-05-16,0.5,0.5,0.35
1969-05-23,0.5,0.5,0.35
1969-05-30,0.0,1.0,0.35
1969-06-06,0.0,1.0,0.35
1969-06-13,0.0,1.0,0.35
1969-06-20,0.0,1.0,0.1797543076969504
1969-06-27,0.0,1.0,0.1797543076969504
1969-07-04,0.25000000000000006,0.75,0.34999999999999987
1969-07-11,0.25000000000000006,0.75,0.34999999999999987
1969-07-18,0.25000000000000006,0.75,0.34999999999999987
1969-07-25,0.25000000000000006,0.75,0.34999999999999987
1969-08-01,0.25,0.7500000000000001,0.1797543076969504
1969-08-08,0.25,0.7500000000000001,0.1797543076969504
1969-08-15,0.25000000000000006,0.75,0.34999999999999987
1969-08-22,0.25,0.7500000000000001,0.1797543076969504
1969-08-29,0.0,1.0,0.35
1969-09-05,0.0,1.0,0.35
1969-09-12,0.0,1.0,0.35
1969-09-19,0.0,1.0,0.35
1969-09-26,0.0,1.0,0.35
1969-10-03,0.0,1.0,0.35
1969-10-10,0.0,1.0,0.35
1969-10-17,0.0,1.0,0.35
1969-10-24,0.0,1.0,0.35
1969-10-31,0.5,0.5,0.1797543076969504
1969-11-07,0.5,0.5,0.1797543076969504
1969-11-14,0.5,0.5,0.1797543076969504
1969-11-21,0.5,0.5,0.1797543076969504
1969-11-28,0.5,0.5,0.1797543076969504
1969-12-05,0.5,0.5,0.1797543076969504
1969-12-12,0.5,0.5,0.1797543076969504
1969-12-19,0.5,0.5,0.1797543076969504
1969-12-26,0.5,0.5,0.1797543076969504
1970-01-02,0.7500000000000001,0.2499999999999999,0.44999999999999984
1970-01-09,0.7500000000000001,0.2499999999999999,0.44999999999999984
1970-01-16,0.7500000000000001,0.2499999999999999,0.44999999999999984
1970-01-23,0.7500000000000001,0.2499999999999999,0.44999999999999984
1970-01-30,0.7500000000000001,0.2499999999999999,0.44999999999999984
1970-02-06,0.7500000000000001,0.2499999999999999,0.44999999999999984
1970-02-13,0.7500000000000001,0.2499999999999999,0.44999999999999984
1970-02-20,0.7500000000000001,0.2499999999999999,0.44999999999999984
1970-02-27,0.5,0.5,0.4499999999999998
1970-03-06,0.5,0.5,0.4499999999999998
1970-03-13,0.5,0.5,0.4499999999999998
1970-03-20,0.5,0.5,0.4499999999999998
1970-03-27,0.5,0.5,0.4499999999999998
1970-04-03,0.5,0.5,0.4499999999999998
1970-04-10,0.5,0.5,0.4499999999999998
1970-04-17,0.5,0.5,0.4499999999999998
1970-04-24,0.7500000000000001,0.2499999999999999,0.44999999999999984
1970-05-01,0.7500000000000001,0.2499999999999999,0.44999999999999984
1970-05-08,0.7500000000000001,0.2499999999999999,0.44999999999999984
1970-05-15,0.7500000000000001,0.2499999999999999,0.44999999999999984
1970-05-22,0.7500000000000001,0.2499999999999999,0.44999999999999984
1970-05-29,0.7500000000000001,0.2499999999999999,0.44999999999999984
1970-06-05,0.7500000000000001,0.2499999999999999,0.44999999999999984
1970-06-12,0.7500000000000001,0.2499999999999999,0.44999999999999984
1970-06-19,0.7500000000000001,0.2499999999999999,0.44999999999999984
1970-06-26,0.7500000000000001,0.2499999999999999,0.44999999999999984
1970-07-03,0.7500000000000001,0.2499999999999999,0.44999999999999984
1970-07-10,0.7500000000000001,0.2499999999999999,0.44999999999999984
1970-07-17,0.7500000000000001,0.2499999999999999,0.44999999999999984
1970-07-24,0.7500000000000001,0.2499999999999999,0.44999999999999984
1970-07-31,0.7500000000000001,0.2499999999999999,0.44999999999999984
1970-08-07,0.7500000000000001,0.2499999999999999,0.44999999999999984
1970-08-14,0.7500000000000001,0.2499999999999999,0.44999999999999984
1970-08-21,0.7500000000000001,0.2499999999999999,0.44999999999999984
1970-08-28,0.7500000000000001,0.2499999999999999,0.44999999999999984
1970-09-04,0.7500000000000001,0.2499999999999999,0.44999999999999984
1970-09-11,0.7500000000000001,0.2499999999999999,0.44999999999999984
1970-09-18,0.7500000000000001,0.2499999999999999,0.44999999999999984
1970-09-25,0.7500000000000001,0.2499999999999999,0.44999999999999984
1970-10-02,0.7500000000000001,0.2499999999999999,0.44999999999999984
1970-10-09,0.7500000000000001,0.2499999999999999,0.44999999999999984
1970-10-16,0.7500000000000001,0.2499999999999999,0.44999999999999984
1970-10-23,0.7500000000000001,0.2499999999999999,0.44999999999999984
1970-10-30,0.7500000000000001,0.2499999999999999,0.44999999999999984
1970-11-06,0.75,0.24999999999999992,0.646420974363617
1970-11-13,0.75,0.24999999999999992,0.646420974363617
1970-11-20,0.75,0.24999999999999992,0.646420974363617
1970-11-27,0.75,0.24999999999999992,0.646420974363617
1970-12-04,0.75,0.24999999999999992,0.646420974363617
1970-12-11,0.75,0.24999999999999992,0.646420974363617
1970-12-18,0.75,0.24999999999999992,0.646420974363617
1970-12-25,0.75,0.24999999999999992,0.646420974363617
1971-01-01,0.7500000000000001,0.2499999999999999,0.446420974363617
1971-01-08,0.7500000000000001,0.2499999999999999,0.446420974363617
1971-01-15,0.7500000000000001,0.2499999999999999,0.446420974363617
1971-01-22,0.7500000000000001,0.2499999999999999,0.446420974363617
1971-01-29,0.7500000000000001,0.2499999999999999,0.446420974363617
1971-02-05,0.7500000000000001,0.2499999999999999,0.446420974363617
1971-02-12,0.7500000000000001,0.2499999999999999,0.446420974363617
1971-02-19,0.7500000000000001,0.2499999999999999,0.446420974363617
1971-02-26,0.7500000000000001,0.2499999999999999,0.446420974363617
1971-03-05,0.7500000000000001,0.2499999999999999,0.446420974363617
1971-03-12,0.7500000000000001,0.2499999999999999,0.446420974363617
1971-03-19,0.7500000000000001,0.2499999999999999,0.446420974363617
1971-03-26,0.7500000000000001,0.2499999999999999,0.446420974363617
1971-04-02,0.7500000000000001,0.2499999999999999,0.446420974363617
1971-04-09,0.7500000000000001,0.2499999999999999,0.446420974363617
1971-04-16,0.7500000000000001,0.2499999999999999,0.446420974363617
1971-04-23,0.7500000000000001,0.2499999999999999,0.446420974363617
1971-04-30,0.7500000000000001,0.2499999999999999,0.446420974363617
1971-05-07,0.5,0.5,0.446420974363617
1971-05-14,0.5,0.5,0.446420974363617
1971-05-21,0.5,0.5,0.446420974363617
1971-05-28,0.5,0.5,0.446420974363617
1971-06-04,0.5,0.5,0.446420974363617
1971-06-11,0.5,0.5,0.446420974363617
1971-06-18,0.5,0.5,0.446420974363617
1971-06-25,0.5,0.5,0.446420974363617
1971-07-02,0.5,0.5,0.446420974363617
1971-07-09,0.5,0.5,0.446420974363617
1971-07-16,0.5,0.5,0.446420974363617
1971-07-23,0.2499999999999999,0.7500000000000001,0.446420974363617
1971-07-30,0.2499999999999999,0.7500000000000001,0.446420974363617
1971-08-06,0.2499999999999999,0.7500000000000001,0.446420974363617
1971-08-13,0.2499999999999999,0.7500000000000001,0.446420974363617
1971-08-20,0.2499999999999999,0.7500000000000001,0.446420974363617
1971-08-27,0.2499999999999999,0.7500000000000001,0.446420974363617
1971-09-03,0.2499999999999999,0.7500000000000001,0.446420974363617
1971-09-10,0.2499999999999999,0.7500000000000001,0.446420974363617
1971-09-17,0.5,0.5,0.446420974363617
1971-09-24,0.5,0.5,0.446420974363617
1971-10-01,0.5,0.5,0.446420974363617
1971-10-08,0.5,0.5,0.446420974363617
1971-10-15,0.5,0.5,0.446420974363617
1971-10-22,0.5,0.5,0.446420974363617
1971-10-29,0.5,0.5,0.446420974363617
1971-11-05,0.5,0.5,0.446420974363617
1971-11-12,0.7500000000000001,0.2499999999999999,0.446420974363617
1971-11-19,0.7500000000000001,0.2499999999999999,0.446420974363617
1971-11-26,0.7500000000000001,0.2499999999999999,0.446420974363617
1971-12-03,0.7500000000000001,0.2499999999999999,0.446420974363617
1971-12-10,0.7500000000000001,0.2499999999999999,0.446420974363617
1971-12-17,0.7500000000000001,0.2499999999999999,0.446420974363617
1971-12-24,0.7500000000000001,0.2499999999999999,0.446420974363617
1971-12-31,0.7500000000000001,0.2499999999999999,0.446420974363617
1972-01-07,0.7500000000000001,0.2499999999999999,0.446420974363617
1972-01-14,0.7500000000000001,0.2499999999999999,0.446420974363617
1972-01-21,0.7500000000000001,0.2499999999999999,0.446420974363617
1972-01-28,0.7500000000000001,0.2499999999999999,0.446420974363617
1972-02-04,0.7500000000000001,0.2499999999999999,0.446420974363617
1972-02-11,0.7500000000000001,0.2499999999999999,0.446420974363617
1972-02-18,0.7500000000000001,0.2499999999999999,0.446420974363617
1972-02-25,0.7500000000000001,0.2499999999999999,0.446420974363617
1972-03-03,0.7500000000000001,0.2499999999999999,0.446420974363617
1972-03-10,0.7500000000000001,0.2499999999999999,0.446420974363617
1972-03-17,0.7500000000000001,0.2499999999999999,0.446420974363617
1972-03-24,0.7500000000000001,0.2499999999999999,0.446420974363617
1972-03-31,0.7500000000000001,0.2499999999999999,0.446420974363617
1972-04-07,0.5,0.5,0.446420974363617
1972-04-14,0.5,0.5,0.446420974363617
1972-04-21,0.5,0.5,0.446420974363617
1972-04-28,0.5,0.5,0.446420974363617
1972-05-05,0.5,0.5,0.446420974363617
1972-05-12,0.5,0.5,0.446420974363617
1972-05-19,0.5,0.5,0.446420974363617
1972-05-26,0.5,0.5,0.4019765299191726
1972-06-02,0.5,0.5,0.4019765299191726
1972-06-09,0.5,0.5,0.4019765299191726
1972-06-16,0.5,0.5,0.4019765299191726
1972-06-23,0.5,0.5,0.3575320854747282
1972-06-30,0.5,0.5,0.3575320854747282
1972-07-07,0.7500000000000002,0.24999999999999983,0.3575320854747282
1972-07-14,0.7500000000000002,0.24999999999999983,0.3575320854747282
1972-07-21,0.7500000000000001,0.24999999999999992,0.3130876410302837
1972-07-28,0.7500000000000001,0.24999999999999992,0.3130876410302837
1972-08-04,0.7500000000000001,0.24999999999999992,0.3130876410302837
1972-08-11,0.7500000000000001,0.24999999999999992,0.3130876410302837
1972-08-18,0.75,0.25,0.2686431965858392
1972-08-25,0.75,0.25,0.2686431965858392
1972-09-01,0.75,0.25,0.2686431965858392
1972-09-08,0.75,0.25,0.2686431965858392
1972-09-15,0.75,0.25,0.2241987521413948
1972-09-22,0.75,0.25,0.2241987521413948
1972-09-29,0.75,0.25,0.2241987521413948
1972-10-06,0.75,0.25,0.2241987521413948
1972-10-13,0.7500000000000001,0.25,0.1797543076969504
1972-10-20,0.7500000000000001,0.25,0.1797543076969504
1972-10-27,0.5,0.5,0.1797543076969504
1972-11-03,0.5,0.5,0.1797543076969504
1972-11-10,0.5,0.5,0.1797543076969504
1972-11-17,0.5,0.5,0.1797543076969504
1972-11-24,0.5,0.5,0.1797543076969504
1972-12-01,0.5,0.5,0.1797543076969504
1972-12-08,0.5,0.5,0.1797543076969504
1972-12-15,0.5,0.5,0.1797543076969504
1972-12-22,0.5,0.5,0.1797543076969504
1972-12-29,0.5,0.5,0.1797543076969504
1973-01-05,0.5,0.5,0.1797543076969504
1973-01-12,0.5,0.5,0.1797543076969504
1973-01-19,0.5,0.5,0.1797543076969504
1973-01-26,0.5,0.5,0.1797543076969504
1973-02-02,0.5,0.5,0.1797543076969504
1973-02-09,0.5,0.5,0.1797543076969504
1973-02-16,0.5,0.5,0.1797543076969504
1973-02-23,0.5,0.5,0.1797543076969504
1973-03-02,0.5,0.5,0.1797543076969504
1973-03-09,0.5,0.5,0.1797543076969504
1973-03-16,0.5,0.5,0.1797543076969504
1973-03-23,0.5,0.5,0.1797543076969504
1973-03-30,0.5,0.5,0.1797543076969504
1973-04-06,0.5,0.5,0.1797543076969504
1973-04-13,0.5,0.5,0.1797543076969504
1973-04-20,0.5,0.5,0.1797543076969504
1973-04-27,0.5,0.5,0.1797543076969504
1973-05-04,0.5,0.5,0.1797543076969504
1973-05-11,0.0,1.0,0.35
1973-05-18,0.0,1.0,0.35
1973-05-25,0.0,1.0,0.35
1973-06-01,0.0,1.0,0.35
1973-06-08,0.0,1.0,0.35
1973-06-15,0.0,1.0,0.35
1973-06-22,0.0,1.0,0.35
1973-06-29,0.0,1.0,0.35
1973-07-06,0.0,1.0,0.35
1973-07-13,0.0,1.0,0.35
1973-07-20,0.0,1.0,0.35
1973-07-27,0.0,1.0,0.35
1973-08-03,0.0,1.0,0.35
1973-08-10,0.0,1.0,0.35
1973-08-17,0.0,1.0,0.35
1973-08-24,0.0,1.0,0.35
1973-08-31,0.0,1.0,0.35
1973-09-07,0.0,1.0,0.1797543076969504
1973-09-14,0.0,1.0,0.1797543076969504
1973-09-21,0.0,1.0,0.1797543076969504
1973-09-28,0.0,1.0,0.1797543076969504
1973-10-05,0.0,1.0,0.1797543076969504
1973-10-12,0.0,1.0,0.1797543076969504
1973-10-19,0.0,1.0,0.1797543076969504
1973-10-26,0.0,1.0,0.1797543076969504
1973-11-02,0.0,1.0,0.1797543076969504
1973-11-09,0.0,1.0,0.1797543076969504
1973-11-16,0.0,1.0,0.1797543076969504
1973-11-23,0.0,1.0,0.1797543076969504
1973-11-30,0.7500000000000001,0.25,0.1797543076969504
1973-12-07,0.7500000000000001,0.25,0.1797543076969504
1973-12-14,0.7500000000000001,0.25,0.1797543076969504
1973-12-21,0.7500000000000001,0.25,0.1797543076969504
1973-12-28,0.7500000000000001,0.25,0.1797543076969504
1974-01-04,0.7500000000000001,0.2499999999999999,0.44999999999999984
1974-01-11,0.7500000000000001,0.2499999999999999,0.44999999999999984
1974-01-18,0.7500000000000001,0.2499999999999999,0.44999999999999984
1974-01-25,0.7500000000000001,0.2499999999999999,0.44999999999999984
1974-02-01,0.7500000000000001,0.2499999999999999,0.44999999999999984
1974-02-08,0.7500000000000001,0.2499999999999999,0.44999999999999984
1974-02-15,0.7500000000000001,0.2499999999999999,0.44999999999999984
1974-02-22,0.7500000000000001,0.2499999999999999,0.44999999999999984
1974-03-01,0.5,0.5,0.4499999999999998
1974-03-08,0.5,0.5,0.4499999999999998
1974-03-15,0.5,0.5,0.4499999999999998
1974-03-22,0.5,0.5,0.4499999999999998
1974-03-29,0.5,0.5,0.4499999999999998
1974-04-05,0.5,0.5,0.4499999999999998
1974-04-12,0.5,0.5,0.4499999999999998
1974-04-19,0.5,0.5,0.4499999999999998
1974-04-26,0.2499999999999999,0.7500000000000001,0.44999999999999984
1974-05-03,0.2499999999999999,0.7500000000000001,0.44999999999999984
1974-05-10,0.2499999999999999,0.7500000000000001,0.44999999999999984
1974-05-17,0.2499999999999999,0.7500000000000001,0.44999999999999984
1974-05-24,0.2499999999999999,0.7500000000000001,0.44999999999999984
1974-05-31,0.2499999999999999,0.7500000000000001,0.44999999999999984
1974-06-07,0.2499999999999999,0.7500000000000001,0.44999999999999984
1974-06-14,0.2499999999999999,0.7500000000000001,0.44999999999999984
1974-06-21,0.0,1.0,0.4499999999999999
1974-06-28,0.0,1.0,0.4499999999999999
1974-07-05,0.0,1.0,0.4499999999999999
1974-07-12,0.0,1.0,0.4499999999999999
1974-07-19,0.0,1.0,0.4499999999999999
1974-07-26,0.0,1.0,0.4499999999999999
1974-08-02,0.0,1.0,0.4499999999999999
1974-08-09,0.0,1.0,0.4499999999999999
1974-08-16,0.0,1.0,0.4499999999999999
1974-08-23,0.0,1.0,0.4499999999999999
1974-08-30,0.0,1.0,0.4499999999999999
1974-09-06,0.2499999999999999,0.7500000000000001,0.44999999999999984
1974-09-13,0.2499999999999999,0.7500000000000001,0.44999999999999984
1974-09-20,0.2499999999999999,0.7500000000000001,0.44999999999999984
1974-09-27,0.2499999999999999,0.7500000000000001,0.44999999999999984
1974-10-04,0.2499999999999999,0.7500000000000001,0.44999999999999984
1974-10-11,0.2499999999999999,0.7500000000000001,0.44999999999999984
1974-10-18,0.2499999999999999,0.7500000000000001,0.44999999999999984
1974-10-25,0.2499999999999999,0.7500000000000001,0.44999999999999984
1974-11-01,0.2499999999999999,0.7500000000000001,0.44999999999999984
1974-11-08,0.2499999999999999,0.7500000000000001,0.44999999999999984
1974-11-15,0.2499999999999999,0.7500000000000001,0.44999999999999984
1974-11-22,0.2499999999999999,0.7500000000000001,0.44999999999999984
1974-11-29,0.2499999999999999,0.7500000000000001,0.44999999999999984
1974-12-06,0.2499999999999999,0.7500000000000001,0.44999999999999984
1974-12-13,0.2499999999999999,0.7500000000000001,0.44999999999999984
1974-12-20,0.2499999999999999,0.7500000000000001,0.44999999999999984
1974-12-27,0.2499999999999999,0.7500000000000001,0.44999999999999984
1975-01-03,0.5,0.5,0.646420974363617
1975-01-10,0.5,0.5,0.646420974363617
1975-01-17,0.5,0.5,0.646420974363617
1975-01-24,0.5,0.5,0.646420974363617
1975-01-31,0.5,0.5,0.646420974363617
1975-02-07,0.5,0.5,0.646420974363617
1975-02-14,0.5,0.5,0.646420974363617
1975-02-21,0.5,0.5,0.646420974363617
1975-02-28,0.75,0.24999999999999992,0.646420974363617
1975-03-07,0.75,0.24999999999999992,0.646420974363617
1975-03-14,0.75,0.24999999999999992,0.646420974363617
1975-03-21,0.75,0.24999999999999992,0.646420974363617
1975-03-28,0.75,0.24999999999999992,0.646420974363617
1975-04-04,0.75,0.24999999999999992,0.646420974363617
1975-04-11,0.75,0.24999999999999992,0.646420974363617
1975-04-18,0.75,0.24999999999999992,0.646420974363617
1975-04-25,0.75,0.24999999999999992,0.646420974363617
1975-05-02,0.75,0.24999999999999992,0.646420974363617
1975-05-09,0.75,0.24999999999999992,0.646420974363617
1975-05-16,0.75,0.24999999999999992,0.646420974363617
1975-05-23,0.75,0.24999999999999992,0.646420974363617
1975-05-30,0.75,0.24999999999999992,0.646420974363617
1975-06-06,0.7500000000000001,0.2499999999999999,0.44999999999999984
1975-06-13,0.7500000000000001,0.2499999999999999,0.44999999999999984
1975-06-20,0.7500000000000001,0.2499999999999999,0.44999999999999984
1975-06-27,0.7500000000000001,0.2499999999999999,0.44999999999999984
1975-07-04,0.7500000000000001,0.2499999999999999,0.44999999999999984
1975-07-11,0.7500000000000001,0.2499999999999999,0.44999999999999984
1975-07-18,0.7500000000000001,0.2499999999999999,0.44999999999999984
1975-07-25,0.7500000000000001,0.2499999999999999,0.44999999999999984
1975-08-01,0.5,0.5,0.4499999999999998
1975-08-08,0.5,0.5,0.4499999999999998
1975-08-15,0.5,0.5,0.4499999999999998
1975-08-22,0.5,0.5,0.4499999999999998
1975-08-29,0.5,0.5,0.4499999999999998
1975-09-05,0.5,0.5,0.4499999999999998
1975-09-12,0.5,0.5,0.4499999999999998
1975-09-19,0.5,0.5,0.4499999999999998
1975-09-26,0.2499999999999999,0.7500000000000001,0.44999999999999984
1975-10-03,0.2499999999999999,0.7500000000000001,0.44999999999999984
1975-10-10,0.2499999999999999,0.7500000000000001,0.44999999999999984
1975-10-17,0.2499999999999999,0.7500000000000001,0.44999999999999984
1975-10-24,0.2499999999999999,0.7500000000000001,0.44999999999999984
1975-10-31,0.7500000000000001,0.2499999999999999,0.446420974363617
1975-11-07,0.7500000000000001,0.2499999999999999,0.446420974363617
1975-11-14,0.7500000000000001,0.2499999999999999,0.446420974363617
1975-11-21,0.7500000000000001,0.2499999999999999,0.446420974363617
1975-11-28,0.7500000000000001,0.2499999999999999,0.446420974363617
1975-12-05,0.7500000000000001,0.2499999999999999,0.446420974363617
1975-12-12,0.7500000000000001,0.2499999999999999,0.446420974363617
1975-12-19,0.7500000000000001,0.2499999999999999,0.446420974363617
1975-12-26,0.7499999999999999,0.25000000000000006,0.4019765299191727
1976-01-02,0.7499999999999999,0.25000000000000006,0.4019765299191727
1976-01-09,0.7499999999999999,0.25000000000000006,0.4019765299191727
1976-01-16,0.7499999999999999,0.25000000000000006,0.4019765299191727
1976-01-23,0.7500000000000002,0.24999999999999983,0.3575320854747282
1976-01-30,0.7500000000000002,0.24999999999999983,0.3575320854747282
1976-02-06,0.7500000000000002,0.24999999999999983,0.3575320854747282
1976-02-13,0.7500000000000002,0.24999999999999983,0.3575320854747282
1976-02-20,0.7500000000000001,0.24999999999999992,0.3130876410302837
1976-02-27,0.7500000000000001,0.24999999999999992,0.3130876410302837
1976-03-05,0.7500000000000001,0.24999999999999992,0.3130876410302837
1976-03-12,0.7500000000000001,0.24999999999999992,0.3130876410302837
1976-03-19,0.75,0.25,0.2686431965858392
1976-03-26,0.75,0.25,0.2686431965858392
1976-04-02,0.75,0.25,0.2686431965858392
1976-04-09,0.75,0.25,0.2686431965858392
1976-04-16,0.75,0.25,0.2241987521413948
1976-04-23,0.75,0.25,0.2241987521413948
1976-04-30,0.75,0.25,0.2241987521413948
1976-05-07,0.5,0.5,0.2241987521413948
1976-05-14,0.5,0.5,0.1797543076969504
1976-05-21,0.5,0.5,0.1797543076969504
1976-05-28,0.5,0.5,0.1797543076969504
1976-06-04,0.5,0.5,0.1797543076969504
1976-06-11,0.5,0.5,0.1797543076969504
1976-06-18,0.5,0.5,0.1797543076969504
1976-06-25,0.5,0.5,0.1797543076969504
1976-07-02,0.5,0.5,0.1797543076969504
1976-07-09,0.5,0.5,0.1797543076969504
1976-07-16,0.5,0.5,0.1797543076969504
1976-07-23,0.5,0.5,0.1797543076969504
1976-07-30,0.5,0.5,0.1797543076969504
1976-08-06,0.5,0.5,0.1797543076969504
1976-08-13,0.5,0.5,0.1797543076969504
1976-08-20,0.5,0.5,0.1797543076969504
1976-08-27,0.5,0.5,0.1797543076969504
1976-09-03,0.5,0.5,0.1797543076969504
1976-09-10,0.5,0.5,0.1797543076969504
1976-09-17,0.5,0.5,0.1797543076969504
1976-09-24,0.5,0.5,0.1797543076969504
1976-10-01,0.5,0.5,0.1797543076969504
1976-10-08,0.5,0.5,0.1797543076969504
1976-10-15,0.5,0.5,0.1797543076969504
1976-10-22,0.5,0.5,0.1797543076969504
1976-10-29,0.5,0.5,0.1797543076969504
1976-11-05,0.5,0.5,0.1797543076969504
1976-11-12,0.5,0.5,0.1797543076969504
1976-11-19,0.5,0.5,0.1797543076969504
1976-11-26,0.5,0.5,0.1797543076969504
1976-12-03,0.5,0.5,0.1797543076969504
1976-12-10,0.5,0.5,0.1797543076969504
1976-12-17,0.5,0.5,0.1797543076969504
1976-12-24,0.5,0.5,0.1797543076969504
1976-12-31,0.5,0.5,0.1797543076969504
1977-01-07,0.5,0.5,0.1797543076969504
1977-01-14,0.5,0.5,0.1797543076969504
1977-01-21,0.5,0.5,0.1797543076969504
1977-01-28,0.5,0.5,0.1797543076969504
1977-02-04,0.5,0.5,0.1797543076969504
1977-02-11,0.5,0.5,0.1797543076969504
1977-02-18,0.5,0.5,0.1797543076969504
1977-02-25,0.5,0.5,0.1797543076969504
1977-03-04,0.5,0.5,0.1797543076969504
1977-03-11,0.5,0.5,0.1797543076969504
1977-03-18,0.5,0.5,0.1797543076969504
1977-03-25,0.5,0.5,0.1797543076969504
1977-04-01,0.5,0.5,0.1797543076969504
1977-04-08,0.5,0.5,0.1797543076969504
1977-04-15,0.5,0.5,0.1797543076969504
1977-04-22,0.5,0.5,0.1797543076969504
1977-04-29,0.5,0.5,0.1797543076969504
1977-05-06,0.25,0.7500000000000001,0.1797543076969504
1977-05-13,0.25,0.7500000000000001,0.1797543076969504
1977-05-20,0.25,0.7500000000000001,0.1797543076969504
1977-05-27,0.25,0.7500000000000001,0.1797543076969504
1977-06-03,0.25,0.7500000000000001,0.1797543076969504
1977-06-10,0.25,0.7500000000000001,0.1797543076969504
1977-06-17,0.25,0.7500000000000001,0.1797543076969504
1977-06-24,0.25,0.7500000000000001,0.1797543076969504
1977-07-01,0.0,1.0,0.35
1977-07-08,0.0,1.0,0.1797543076969504
1977-07-15,0.0,1.0,0.1797543076969504
1977-07-22,0.0,1.0,0.1797543076969504
1977-07-29,0.0,1.0,0.1797543076969504
1977-08-05,0.0,1.0,0.1797543076969504
1977-08-12,0.0,1.0,0.1797543076969504
1977-08-19,0.0,1.0,0.1797543076969504
1977-08-26,0.0,1.0,0.1797543076969504
1977-09-02,0.0,1.0,0.1797543076969504
1977-09-09,0.0,1.0,0.1797543076969504
1977-09-16,0.0,1.0,0.1797543076969504
1977-09-23,0.0,1.0,0.1797543076969504
1977-09-30,0.0,1.0,0.1797543076969504
1977-10-07,0.0,1.0,0.1797543076969504
1977-10-14,0.0,1.0,0.1797543076969504
1977-10-21,0.0,1.0,0.1797543076969504
1977-10-28,0.0,1.0,0.1797543076969504
1977-11-04,0.0,1.0,0.1797543076969504
1977-11-11,0.0,1.0,0.1797543076969504
1977-11-18,0.0,1.0,0.1797543076969504
1977-11-25,0.0,1.0,0.1797543076969504
1977-12-02,0.0,1.0,0.1797543076969504
1977-12-09,0.0,1.0,0.1797543076969504
1977-12-16,0.0,1.0,0.1797543076969504
1977-12-23,0.25000000000000006,0.75,0.34999999999999987
1977-12-30,0.25,0.7500000000000001,0.1797543076969504
1978-01-06,0.25000000000000006,0.75,0.34999999999999987
1978-01-13,0.25000000000000006,0.75,0.34999999999999987
1978-01-20,0.25000000000000006,0.75,0.34999999999999987
1978-01-27,0.25000000000000006,0.75,0.34999999999999987
1978-02-03,0.25000000000000006,0.75,0.34999999999999987
1978-02-10,0.25000000000000006,0.75,0.34999999999999987
1978-02-17,0.25000000000000006,0.75,0.34999999999999987
1978-02-24,0.25000000000000006,0.75,0.34999999999999987
1978-03-03,0.7500000000000001,0.25,0.1797543076969504
1978-03-10,0.7500000000000001,0.25,0.1797543076969504
1978-03-17,0.7500000000000001,0.25,0.1797543076969504
1978-03-24,0.7500000000000001,0.25,0.1797543076969504
1978-03-31,0.7500000000000001,0.25,0.1797543076969504
1978-04-07,0.7500000000000001,0.25,0.1797543076969504
1978-04-14,0.7500000000000001,0.25,0.1797543076969504
1978-04-21,0.7500000000000001,0.25,0.1797543076969504
1978-04-28,0.7500000000000001,0.25,0.1797543076969504
1978-05-05,0.5,0.5,0.35
1978-05-12,0.5,0.5,0.35
1978-05-19,0.5,0.5,0.35
1978-05-26,0.5,0.5,0.35
1978-06-02,0.5,0.5,0.35
1978-06-09,0.5,0.5,0.35
1978-06-16,0.5,0.5,0.35
1978-06-23,0.5,0.5,0.35
1978-06-30,0.5,0.5,0.35
1978-07-07,0.5,0.5,0.35
1978-07-14,0.5,0.5,0.35
1978-07-21,0.5,0.5,0.35
1978-07-28,0.5,0.5,0.35
1978-08-04,0.25,0.7500000000000001,0.1797543076969504
1978-08-11,0.25,0.7500000000000001,0.1797543076969504
1978-08-18,0.25,0.7500000000000001,0.1797543076969504
1978-08-25,0.25,0.7500000000000001,0.1797543076969504
1978-09-01,0.25,0.7500000000000001,0.1797543076969504
1978-09-08,0.25,0.7500000000000001,0.1797543076969504
1978-09-15,0.25,0.7500000000000001,0.1797543076969504
1978-09-22,0.0,1.0,0.35
1978-09-29,0.0,1.0,0.1797543076969504
1978-10-06,0.0,1.0,0.1797543076969504
1978-10-13,0.0,1.0,0.1797543076969504
1978-10-20,0.0,1.0,0.1797543076969504
1978-10-27,0.0,1.0,0.35
1978-11-03,0.0,1.0,0.35
1978-11-10,0.0,1.0,0.1797543076969504
1978-11-17,0.0,1.0,0.1797543076969504
1978-11-24,0.0,1.0,0.1797543076969504
1978-12-01,0.0,1.0,0.4499999999999999
1978-12-08,0.0,1.0,0.4499999999999999
1978-12-15,0.0,1.0,0.4499999999999999
1978-12-22,0.0,1.0,0.4499999999999999
1978-12-29,0.0,1.0,0.4499999999999999
1979-01-05,0.0,1.0,0.1797543076969504
1979-01-12,0.0,1.0,0.1797543076969504
1979-01-19,0.0,1.0,0.1797543076969504
1979-01-26,0.0,1.0,0.1797543076969504
1979-02-02,0.25000000000000006,0.75,0.34999999999999987
1979-02-09,0.25000000000000006,0.75,0.34999999999999987
1979-02-16,0.25000000000000006,0.75,0.34999999999999987
1979-02-23,0.25000000000000006,0.75,0.34999999999999987
1979-03-02,0.25000000000000006,0.75,0.34999999999999987
1979-03-09,0.25000000000000006,0.75,0.34999999999999987
1979-03-16,0.25000000000000006,0.75,0.34999999999999987
1979-03-23,0.25000000000000006,0.75,0.34999999999999987
1979-03-30,0.25000000000000006,0.75,0.34999999999999987
1979-04-06,0.25000000000000006,0.75,0.34999999999999987
1979-04-13,0.25000000000000006,0.75,0.34999999999999987
1979-04-20,0.25000000000000006,0.75,0.34999999999999987
1979-04-27,0.25000000000000006,0.75,0.34999999999999987
1979-05-04,0.25,0.7500000000000001,0.1797543076969504
1979-05-11,0.25,0.7500000000000001,0.1797543076969504
1979-05-18,0.25,0.7500000000000001,0.1797543076969504
1979-05-25,0.25,0.7500000000000001,0.1797543076969504
1979-06-01,0.25,0.7500000000000001,0.1797543076969504
1979-06-08,0.25,0.7500000000000001,0.1797543076969504
1979-06-15,0.25,0.7500000000000001,0.1797543076969504
1979-06-22,0.25,0.7500000000000001,0.1797543076969504
1979-06-29,0.25,0.7500000000000001,0.1797543076969504
1979-07-06,0.25,0.7500000000000001,0.1797543076969504
1979-07-13,0.25,0.7500000000000001,0.1797543076969504
1979-07-20,0.25,0.7500000000000001,0.1797543076969504
1979-07-27,0.25,0.7500000000000001,0.1797543076969504
1979-08-03,0.0,1.0,0.4499999999999999
1979-08-10,0.0,1.0,0.4499999999999999
1979-08-17,0.0,1.0,0.4499999999999999
1979-08-24,0.0,1.0,0.4499999999999999
1979-08-31,0.0,1.0,0.4499999999999999
1979-09-07,0.0,1.0,0.4499999999999999
1979-09-14,0.0,1.0,0.4499999999999999
1979-09-21,0.0,1.0,0.4499999999999999
1979-09-28,0.2499999999999999,0.7500000000000001,0.44999999999999984
1979-10-05,0.2499999999999999,0.7500000000000001,0.44999999999999984
1979-10-12,0.2499999999999999,0.7500000000000001,0.44999999999999984
1979-10-19,0.2499999999999999,0.7500000000000001,0.44999999999999984
1979-10-26,0.2499999999999999,0.7500000000000001,0.44999999999999984
1979-11-02,0.2499999999999999,0.7500000000000001,0.44999999999999984
1979-11-09,0.2499999999999999,0.7500000000000001,0.44999999999999984
1979-11-16,0.2499999999999999,0.7500000000000001,0.44999999999999984
1979-11-23,0.0,1.0,0.4499999999999999
1979-11-30,0.0,1.0,0.4499999999999999
1979-12-07,0.0,1.0,0.4499999999999999
1979-12-14,0.0,1.0,0.4499999999999999
1979-12-21,0.0,1.0,0.4499999999999999
1979-12-28,0.0,1.0,0.4499999999999999
1980-01-04,0.0,1.0,0.4499999999999999
1980-01-11,0.0,1.0,0.4499999999999999
1980-01-18,0.2499999999999999,0.7500000000000001,0.44999999999999984
1980-01-25,0.2499999999999999,0.7500000000000001,0.44999999999999984
1980-02-01,0.2499999999999999,0.7500000000000001,0.44999999999999984
1980-02-08,0.2499999999999999,0.7500000000000001,0.44999999999999984
1980-02-15,0.2499999999999999,0.7500000000000001,0.44999999999999984
1980-02-22,0.2499999999999999,0.7500000000000001,0.44999999999999984
1980-02-29,0.2499999999999999,0.7500000000000001,0.44999999999999984
1980-03-07,0.2499999999999999,0.7500000000000001,0.44999999999999984
1980-03-14,0.0,1.0,0.4499999999999999
1980-03-21,0.0,1.0,0.4499999999999999
1980-03-28,0.0,1.0,0.4499999999999999
1980-04-04,0.0,1.0,0.4499999999999999
1980-04-11,0.0,1.0,0.4499999999999999
1980-04-18,0.0,1.0,0.4499999999999999
1980-04-25,0.0,1.0,0.4499999999999999
1980-05-02,0.0,1.0,0.4499999999999999
1980-05-09,0.2499999999999999,0.7500000000000001,0.44999999999999984
1980-05-16,0.2499999999999999,0.7500000000000001,0.44999999999999984
1980-05-23,0.2499999999999999,0.7500000000000001,0.44999999999999984
1980-05-30,0.2499999999999999,0.7500000000000001,0.44999999999999984
1980-06-06,0.2499999999999999,0.7500000000000001,0.44999999999999984
1980-06-13,0.2499999999999999,0.7500000000000001,0.44999999999999984
1980-06-20,0.2499999999999999,0.7500000000000001,0.44999999999999984
1980-06-27,0.7500000000000001,0.2499999999999999,0.44999999999999984
1980-07-04,0.7500000000000001,0.2499999999999999,0.44999999999999984
1980-07-11,0.7500000000000001,0.2499999999999999,0.44999999999999984
1980-07-18,0.7500000000000001,0.2499999999999999,0.44999999999999984
1980-07-25,0.7500000000000001,0.2499999999999999,0.44999999999999984
1980-08-01,0.7500000000000001,0.2499999999999999,0.44999999999999984
1980-08-08,0.7500000000000001,0.2499999999999999,0.44999999999999984
1980-08-15,0.7500000000000001,0.2499999999999999,0.44999999999999984
1980-08-22,0.7500000000000001,0.2499999999999999,0.44999999999999984
1980-08-29,0.7500000000000001,0.2499999999999999,0.44999999999999984
1980-09-05,0.5,0.5,0.4499999999999998
1980-09-12,0.5,0.5,0.4499999999999998
1980-09-19,0.5,0.5,0.4499999999999998
1980-09-26,0.5,0.5,0.4499999999999998
1980-10-03,0.5,0.5,0.4499999999999998
1980-10-10,0.5,0.5,0.4499999999999998
1980-10-17,0.5,0.5,0.4499999999999998
1980-10-24,0.5,0.5,0.4499999999999998
1980-10-31,0.2499999999999999,0.7500000000000001,0.44999999999999984
1980-11-07,0.2499999999999999,0.7500000000000001,0.44999999999999984
1980-11-14,0.2499999999999999,0.7500000000000001,0.44999999999999984
1980-11-21,0.2499999999999999,0.7500000000000001,0.44999999999999984
1980-11-28,0.2499999999999999,0.7500000000000001,0.44999999999999984
1980-12-05,0.2499999999999999,0.7500000000000001,0.44999999999999984
1980-12-12,0.2499999999999999,0.7500000000000001,0.44999999999999984
1980-12-19,0.2499999999999999,0.7500000000000001,0.44999999999999984
1980-12-26,0.0,1.0,0.4499999999999999
1981-01-02,0.0,1.0,0.4499999999999999
1981-01-09,0.0,1.0,0.4499999999999999
1981-01-16,0.0,1.0,0.4499999999999999
1981-01-23,0.0,1.0,0.4499999999999999
1981-01-30,0.0,1.0,0.4499999999999999
1981-02-06,0.0,1.0,0.4499999999999999
1981-02-13,0.0,1.0,0.4499999999999999
1981-02-20,0.5,0.5,0.35
1981-02-27,0.5,0.5,0.35
1981-03-06,0.5,0.5,0.35
1981-03-13,0.5,0.5,0.35
1981-03-20,0.5,0.5,0.35
1981-03-27,0.5,0.5,0.35
1981-04-03,0.5,0.5,0.35
1981-04-10,0.5,0.5,0.35
1981-04-17,0.5,0.5,0.35
1981-04-24,0.5,0.5,0.35
1981-05-01,0.5,0.5,0.35
1981-05-08,0.5,0.5,0.35
1981-05-15,0.5,0.5,0.35
1981-05-22,0.5,0.5,0.35
1981-05-29,0.5,0.5,0.35
1981-06-05,0.5,0.5,0.35
1981-06-12,0.5,0.5,0.35
1981-06-19,0.5,0.5,0.35
1981-06-26,0.5,0.5,0.35
1981-07-03,0.5,0.5,0.1797543076969504
1981-07-10,0.5,0.5,0.1797543076969504
1981-07-17,0.5,0.5,0.1797543076969504
1981-07-24,0.5,0.5,0.1797543076969504
1981-07-31,0.5,0.5,0.1797543076969504
1981-08-07,0.5,0.5,0.35
1981-08-14,0.5,0.5,0.35
1981-08-21,0.5,0.5,0.35
1981-08-28,0.5,0.5,0.35
1981-09-04,0.5,0.5,0.35
1981-09-11,0.5,0.5,0.35
1981-09-18,0.5,0.5,0.35
1981-09-25,0.5,0.5,0.35
1981-10-02,0.7500000000000001,0.2499999999999999,0.44999999999999984
1981-10-09,0.7500000000000001,0.2499999999999999,0.44999999999999984
1981-10-16,0.7500000000000001,0.2499999999999999,0.44999999999999984
1981-10-23,0.7500000000000001,0.2499999999999999,0.44999999999999984
1981-10-30,0.7500000000000001,0.2499999999999999,0.44999999999999984
1981-11-06,0.7500000000000001,0.2499999999999999,0.44999999999999984
1981-11-13,0.7500000000000001,0.2499999999999999,0.44999999999999984
1981-11-20,0.7500000000000001,0.2499999999999999,0.44999999999999984
1981-11-27,0.7500000000000001,0.2499999999999999,0.44999999999999984
1981-12-04,0.7500000000000001,0.2499999999999999,0.44999999999999984
1981-12-11,0.7500000000000001,0.2499999999999999,0.44999999999999984
1981-12-18,0.7500000000000001,0.2499999999999999,0.44999999999999984
1981-12-25,0.7500000000000001,0.2499999999999999,0.44999999999999984
1982-01-01,0.7500000000000001,0.2499999999999999,0.44999999999999984
1982-01-08,0.7500000000000001,0.2499999999999999,0.44999999999999984
1982-01-15,0.7500000000000001,0.2499999999999999,0.44999999999999984
1982-01-22,0.7500000000000001,0.2499999999999999,0.44999999999999984
1982-01-29,0.7500000000000001,0.2499999999999999,0.44999999999999984
1982-02-05,0.5,0.5,0.4499999999999998
1982-02-12,0.5,0.5,0.4499999999999998
1982-02-19,0.5,0.5,0.4499999999999998
1982-02-26,0.5,0.5,0.4499999999999998
1982-03-05,0.5,0.5,0.4499999999999998
1982-03-12,0.5,0.5,0.4499999999999998
1982-03-19,0.5,0.5,0.4499999999999998
1982-03-26,0.5,0.5,0.4499999999999998
1982-04-02,0.7500000000000001,0.2499999999999999,0.44999999999999984
1982-04-09,0.7500000000000001,0.2499999999999999,0.44999999999999984
1982-04-16,0.7500000000000001,0.2499999999999999,0.44999999999999984
1982-04-23,0.7500000000000001,0.2499999999999999,0.44999999999999984
1982-04-30,0.7500000000000001,0.25,0.1797543076969504
1982-05-07,0.7500000000000001,0.2499999999999999,0.44999999999999984
1982-05-14,0.7500000000000001,0.2499999999999999,0.44999999999999984
1982-05-21,0.7500000000000001,0.2499999999999999,0.44999999999999984
1982-05-28,0.7500000000000001,0.2499999999999999,0.44999999999999984
1982-06-04,0.7500000000000001,0.2499999999999999,0.44999999999999984
1982-06-11,0.7500000000000001,0.2499999999999999,0.44999999999999984
1982-06-18,0.7500000000000001,0.2499999999999999,0.44999999999999984
1982-06-25,0.7500000000000001,0.2499999999999999,0.44999999999999984
1982-07-02,0.7500000000000001,0.2499999999999999,0.44999999999999984
1982-07-09,0.7500000000000001,0.2499999999999999,0.44999999999999984
1982-07-16,0.7500000000000001,0.2499999999999999,0.44999999999999984
1982-07-23,0.7500000000000001,0.2499999999999999,0.44999999999999984
1982-07-30,0.7500000000000001,0.2499999999999999,0.44999999999999984
1982-08-06,0.7500000000000001,0.25,0.1797543076969504
1982-08-13,0.7500000000000001,0.25,0.1797543076969504
1982-08-20,0.7500000000000001,0.25,0.1797543076969504
1982-08-27,0.7500000000000001,0.25,0.1797543076969504
1982-09-03,0.7500000000000001,0.25,0.1797543076969504
1982-09-10,0.7500000000000001,0.25,0.1797543076969504
1982-09-17,0.7500000000000001,0.25,0.1797543076969504
1982-09-24,0.7500000000000001,0.25,0.1797543076969504
1982-10-01,0.7500000000000001,0.2499999999999999,0.446420974363617
1982-10-08,0.7500000000000001,0.2499999999999999,0.446420974363617
1982-10-15,0.7500000000000001,0.2499999999999999,0.446420974363617
1982-10-22,0.7500000000000001,0.2499999999999999,0.446420974363617
1982-10-29,0.7500000000000001,0.2499999999999999,0.446420974363617
1982-11-05,0.7500000000000001,0.2499999999999999,0.446420974363617
1982-11-12,0.7500000000000001,0.2499999999999999,0.446420974363617
1982-11-19,0.7500000000000001,0.2499999999999999,0.446420974363617
1982-11-26,0.7500000000000001,0.2499999999999999,0.446420974363617
1982-12-03,0.7500000000000001,0.2499999999999999,0.446420974363617
1982-12-10,0.7500000000000001,0.2499999999999999,0.446420974363617
1982-12-17,0.7500000000000001,0.2499999999999999,0.446420974363617
1982-12-24,0.7500000000000001,0.2499999999999999,0.446420974363617
1982-12-31,0.7500000000000001,0.2499999999999999,0.446420974363617
1983-01-07,0.7500000000000001,0.2499999999999999,0.446420974363617
1983-01-14,0.7500000000000001,0.2499999999999999,0.446420974363617
1983-01-21,0.7500000000000001,0.2499999999999999,0.446420974363617
1983-01-28,0.7500000000000001,0.2499999999999999,0.446420974363617
1983-02-04,0.7500000000000001,0.2499999999999999,0.446420974363617
1983-02-11,0.7500000000000001,0.2499999999999999,0.446420974363617
1983-02-18,0.7500000000000001,0.2499999999999999,0.446420974363617
1983-02-25,0.7500000000000001,0.2499999999999999,0.446420974363617
1983-03-04,0.7500000000000001,0.2499999999999999,0.446420974363617
1983-03-11,0.7500000000000001,0.2499999999999999,0.446420974363617
1983-03-18,0.7500000000000001,0.2499999999999999,0.446420974363617
1983-03-25,0.7500000000000001,0.2499999999999999,0.446420974363617
1983-04-01,0.7500000000000001,0.2499999999999999,0.446420974363617
1983-04-08,0.5,0.5,0.446420974363617
1983-04-15,0.5,0.5,0.446420974363617
1983-04-22,0.5,0.5,0.446420974363617
1983-04-29,0.5,0.5,0.446420974363617
1983-05-06,0.5,0.5,0.446420974363617
1983-05-13,0.5,0.5,0.446420974363617
1983-05-20,0.5,0.5,0.446420974363617
1983-05-27,0.5,0.5,0.446420974363617
1983-06-03,0.7500000000000001,0.2499999999999999,0.446420974363617
1983-06-10,0.7500000000000001,0.2499999999999999,0.446420974363617
1983-06-17,0.7500000000000001,0.2499999999999999,0.446420974363617
1983-06-24,0.7500000000000001,0.2499999999999999,0.446420974363617
1983-07-01,0.7500000000000001,0.2499999999999999,0.446420974363617
1983-07-08,0.7500000000000001,0.2499999999999999,0.446420974363617
1983-07-15,0.7500000000000001,0.2499999999999999,0.446420974363617
1983-07-22,0.7500000000000001,0.2499999999999999,0.446420974363617
1983-07-29,0.5,0.5,0.446420974363617
1983-08-05,0.5,0.5,0.446420974363617
1983-08-12,0.5,0.5,0.446420974363617
1983-08-19,0.5,0.5,0.446420974363617
1983-08-26,0.5,0.5,0.446420974363617
1983-09-02,0.5,0.5,0.446420974363617
1983-09-09,0.5,0.5,0.446420974363617
1983-09-16,0.5,0.5,0.446420974363617
1983-09-23,0.7500000000000001,0.2499999999999999,0.446420974363617
1983-09-30,0.7500000000000001,0.2499999999999999,0.446420974363617
1983-10-07,0.7500000000000001,0.2499999999999999,0.446420974363617
1983-10-14,0.7500000000000001,0.2499999999999999,0.446420974363617
1983-10-21,0.7500000000000001,0.2499999999999999,0.446420974363617
1983-10-28,0.7500000000000001,0.2499999999999999,0.446420974363617
1983-11-04,0.7500000000000001,0.2499999999999999,0.446420974363617
1983-11-11,0.7500000000000001,0.2499999999999999,0.446420974363617
1983-11-18,0.7500000000000001,0.2499999999999999,0.446420974363617
1983-11-25,0.5,0.5,0.446420974363617
1983-12-02,0.5,0.5,0.446420974363617
1983-12-09,0.5,0.5,0.446420974363617
1983-12-16,0.5,0.5,0.446420974363617
1983-12-23,0.5,0.5,0.446420974363617
1983-12-30,0.5,0.5,0.446420974363617
1984-01-06,0.5,0.5,0.446420974363617
1984-01-13,0.5,0.5,0.446420974363617
1984-01-20,0.5,0.5,0.446420974363617
1984-01-27,0.5,0.5,0.446420974363617
1984-02-03,0.2499999999999999,0.7500000000000001,0.446420974363617
1984-02-10,0.2499999999999999,0.7500000000000001,0.446420974363617
1984-02-17,0.2499999999999999,0.7500000000000001,0.446420974363617
1984-02-24,0.2499999999999999,0.7500000000000001,0.446420974363617
1984-03-02,0.2499999999999999,0.7500000000000001,0.446420974363617
1984-03-09,0.2499999999999999,0.7500000000000001,0.446420974363617
1984-03-16,0.2499999999999999,0.7500000000000001,0.446420974363617
1984-03-23,0.2499999999999999,0.7500000000000001,0.446420974363617
1984-03-30,0.5,0.5,0.446420974363617
1984-04-06,0.5,0.5,0.446420974363617
1984-04-13,0.5,0.5,0.446420974363617
1984-04-20,0.5,0.5,0.446420974363617
1984-04-27,0.5,0.5,0.446420974363617
1984-05-04,0.5,0.5,0.446420974363617
1984-05-11,0.5,0.5,0.446420974363617
1984-05-18,0.5,0.5,0.446420974363617
1984-05-25,0.2499999999999999,0.7500000000000001,0.446420974363617
1984-06-01,0.2499999999999999,0.7500000000000001,0.446420974363617
1984-06-08,0.2499999999999999,0.7500000000000001,0.446420974363617
1984-06-15,0.2499999999999999,0.7500000000000001,0.446420974363617
1984-06-22,0.2499999999999999,0.7500000000000001,0.446420974363617
1984-06-29,0.2499999999999999,0.7500000000000001,0.446420974363617
1984-07-06,0.2499999999999999,0.7500000000000001,0.446420974363617
1984-07-13,0.2499999999999999,0.7500000000000001,0.446420974363617
1984-07-20,0.5,0.5,0.446420974363617
1984-07-27,0.5,0.5,0.446420974363617
1984-08-03,0.5,0.5,0.446420974363617
1984-08-10,0.5,0.5,0.446420974363617
1984-08-17,0.5,0.5,0.446420974363617
1984-08-24,0.5,0.5,0.446420974363617
1984-08-31,0.5,0.5,0.446420974363617
1984-09-07,0.5,0.5,0.446420974363617
1984-09-14,0.7500000000000001,0.2499999999999999,0.446420974363617
1984-09-21,0.7500000000000001,0.2499999999999999,0.446420974363617
1984-09-28,0.7500000000000001,0.2499999999999999,0.446420974363617
1984-10-05,0.7500000000000001,0.2499999999999999,0.446420974363617
1984-10-12,0.7500000000000001,0.2499999999999999,0.446420974363617
1984-10-19,0.7500000000000001,0.2499999999999999,0.446420974363617
1984-10-26,0.7500000000000001,0.2499999999999999,0.446420974363617
1984-11-02,0.7500000000000001,0.2499999999999999,0.446420974363617
1984-11-09,0.7500000000000001,0.2499999999999999,0.446420974363617
1984-11-16,0.7500000000000001,0.2499999999999999,0.446420974363617
1984-11-23,0.7500000000000001,0.2499999999999999,0.446420974363617
1984-11-30,0.7500000000000001,0.2499999999999999,0.446420974363617
1984-12-07,0.7500000000000001,0.2499999999999999,0.446420974363617
1984-12-14,0.7500000000000001,0.2499999999999999,0.446420974363617
1984-12-21,0.7500000000000001,0.2499999999999999,0.446420974363617
1984-12-28,0.7500000000000001,0.2499999999999999,0.446420974363617
1985-01-04,0.7500000000000001,0.2499999999999999,0.446420974363617
1985-01-11,0.7500000000000001,0.2499999999999999,0.446420974363617
1985-01-18,0.7500000000000001,0.2499999999999999,0.446420974363617
1985-01-25,0.7500000000000001,0.2499999999999999,0.446420974363617
1985-02-01,0.7500000000000001,0.2499999999999999,0.446420974363617
1985-02-08,0.7500000000000001,0.2499999999999999,0.446420974363617
1985-02-15,0.7500000000000001,0.2499999999999999,0.446420974363617
1985-02-22,0.7500000000000001,0.2499999999999999,0.446420974363617
1985-03-01,0.7500000000000001,0.2499999999999999,0.446420974363617
1985-03-08,0.7500000000000001,0.2499999999999999,0.446420974363617
1985-03-15,0.7500000000000001,0.2499999999999999,0.446420974363617
1985-03-22,0.7500000000000001,0.2499999999999999,0.446420974363617
1985-03-29,0.7500000000000001,0.2499999999999999,0.446420974363617
1985-04-05,0.7500000000000001,0.2499999999999999,0.446420974363617
1985-04-12,0.7500000000000001,0.2499999999999999,0.446420974363617
1985-04-19,0.7500000000000001,0.2499999999999999,0.446420974363617
1985-04-26,0.7500000000000001,0.2499999999999999,0.446420974363617
1985-05-03,0.7500000000000001,0.2499999999999999,0.446420974363617
1985-05-10,0.7500000000000001,0.2499999999999999,0.446420974363617
1985-05-17,0.7500000000000001,0.2499999999999999,0.446420974363617
1985-05-24,0.7500000000000001,0.2499999999999999,0.446420974363617
1985-05-31,0.7500000000000001,0.2499999999999999,0.446420974363617
1985-06-07,0.7500000000000001,0.2499999999999999,0.446420974363617
1985-06-14,0.7500000000000001,0.2499999999999999,0.446420974363617
1985-06-21,0.7500000000000001,0.2499999999999999,0.446420974363617
1985-06-28,0.7500000000000001,0.2499999999999999,0.446420974363617
1985-07-05,0.7500000000000001,0.2499999999999999,0.446420974363617
1985-07-12,0.7500000000000001,0.2499999999999999,0.446420974363617
1985-07-19,0.7500000000000001,0.2499999999999999,0.446420974363617
1985-07-26,0.7500000000000001,0.2499999999999999,0.446420974363617
1985-08-02,0.7500000000000001,0.2499999999999999,0.446420974363617
1985-08-09,0.7500000000000001,0.2499999999999999,0.446420974363617
1985-08-16,0.7500000000000001,0.2499999999999999,0.446420974363617
1985-08-23,0.7500000000000001,0.2499999999999999,0.446420974363617
1985-08-30,0.7500000000000001,0.2499999999999999,0.446420974363617
1985-09-06,0.7500000000000001,0.2499999999999999,0.446420974363617
1985-09-13,0.7500000000000001,0.2499999999999999,0.446420974363617
1985-09-20,0.7500000000000001,0.2499999999999999,0.446420974363617
1985-09-27,0.7500000000000001,0.2499999999999999,0.446420974363617
1985-10-04,0.7500000000000001,0.2499999999999999,0.446420974363617
1985-10-11,0.7500000000000001,0.2499999999999999,0.446420974363617
1985-10-18,0.7500000000000001,0.2499999999999999,0.446420974363617
1985-10-25,0.7499999999999999,0.25000000000000006,0.4019765299191727
1985-11-01,0.7499999999999999,0.25000000000000006,0.4019765299191727
1985-11-08,0.7499999999999999,0.25000000000000006,0.4019765299191727
1985-11-15,0.7499999999999999,0.25000000000000006,0.4019765299191727
1985-11-22,0.7500000000000002,0.24999999999999983,0.3575320854747282
1985-11-29,0.7500000000000002,0.24999999999999983,0.3575320854747282
1985-12-06,0.5,0.5,0.3575320854747282
1985-12-13,0.5,0.5,0.3575320854747282
1985-12-20,0.5,0.5,0.3130876410302836
1985-12-27,0.5,0.5,0.3130876410302836
1986-01-03,0.5,0.5,0.3130876410302836
1986-01-10,0.5,0.5,0.3130876410302836
1986-01-17,0.5,0.5,0.2686431965858392
1986-01-24,0.5,0.5,0.2686431965858392
1986-01-31,0.75,0.25,0.2686431965858392
1986-02-07,0.75,0.25,0.2686431965858392
1986-02-14,0.75,0.25,0.2241987521413948
1986-02-21,0.75,0.25,0.2241987521413948
1986-02-28,0.75,0.25,0.2241987521413948
1986-03-07,0.75,0.25,0.2241987521413948
1986-03-14,0.7500000000000001,0.25,0.1797543076969504
1986-03-21,0.7500000000000001,0.25,0.1797543076969504
1986-03-28,0.7500000000000001,0.25,0.1797543076969504
1986-04-04,0.7500000000000001,0.2499999999999999,0.446420974363617
1986-04-11,0.7500000000000001,0.2499999999999999,0.446420974363617
1986-04-18,0.7500000000000001,0.2499999999999999,0.446420974363617
1986-04-25,0.7500000000000001,0.2499999999999999,0.446420974363617
1986-05-02,0.7500000000000001,0.2499999999999999,0.446420974363617
1986-05-09,0.7500000000000001,0.2499999999999999,0.446420974363617
1986-05-16,0.7500000000000001,0.2499999999999999,0.446420974363617
1986-05-23,0.7500000000000001,0.2499999999999999,0.446420974363617
1986-05-30,0.7500000000000001,0.2499999999999999,0.446420974363617
1986-06-06,0.7500000000000001,0.2499999999999999,0.446420974363617
1986-06-13,0.7500000000000001,0.2499999999999999,0.446420974363617
1986-06-20,0.7500000000000001,0.2499999999999999,0.446420974363617
1986-06-27,0.7500000000000001,0.2499999999999999,0.446420974363617
1986-07-04,0.7500000000000001,0.2499999999999999,0.446420974363617
1986-07-11,0.7500000000000001,0.2499999999999999,0.446420974363617
1986-07-18,0.7500000000000001,0.2499999999999999,0.446420974363617
1986-07-25,0.7500000000000001,0.2499999999999999,0.446420974363617
1986-08-01,0.7500000000000001,0.2499999999999999,0.446420974363617
1986-08-08,0.7500000000000001,0.2499999999999999,0.446420974363617
1986-08-15,0.7500000000000001,0.2499999999999999,0.446420974363617
1986-08-22,0.7500000000000001,0.2499999999999999,0.446420974363617
1986-08-29,0.7500000000000001,0.2499999999999999,0.446420974363617
1986-09-05,0.7500000000000001,0.2499999999999999,0.446420974363617
1986-09-12,0.7500000000000001,0.2499999999999999,0.446420974363617
1986-09-19,0.7500000000000001,0.2499999999999999,0.446420974363617
1986-09-26,0.7500000000000001,0.2499999999999999,0.446420974363617
1986-10-03,0.7500000000000001,0.2499999999999999,0.446420974363617
1986-10-10,0.7500000000000001,0.2499999999999999,0.446420974363617
1986-10-17,0.7500000000000001,0.2499999999999999,0.446420974363617
1986-10-24,0.7500000000000001,0.2499999999999999,0.446420974363617
1986-10-31,0.7500000000000001,0.2499999999999999,0.446420974363617
1986-11-07,0.7500000000000001,0.2499999999999999,0.446420974363617
1986-11-14,0.7500000000000001,0.2499999999999999,0.446420974363617
1986-11-21,0.7500000000000001,0.2499999999999999,0.446420974363617
1986-11-28,0.7500000000000001,0.2499999999999999,0.446420974363617
1986-12-05,0.5,0.5,0.446420974363617
1986-12-12,0.5,0.5,0.446420974363617
1986-12-19,0.5,0.5,0.446420974363617
1986-12-26,0.5,0.5,0.446420974363617
1987-01-02,0.5,0.5,0.446420974363617
1987-01-09,0.5,0.5,0.446420974363617
1987-01-16,0.5,0.5,0.446420974363617
1987-01-23,0.5,0.5,0.446420974363617
1987-01-30,0.7500000000000001,0.2499999999999999,0.446420974363617
1987-02-06,0.7500000000000001,0.2499999999999999,0.446420974363617
1987-02-13,0.7500000000000001,0.2499999999999999,0.446420974363617
1987-02-20,0.7500000000000001,0.2499999999999999,0.446420974363617
1987-02-27,0.7500000000000001,0.2499999999999999,0.446420974363617
1987-03-06,0.7500000000000001,0.2499999999999999,0.446420974363617
1987-03-13,0.7500000000000001,0.2499999999999999,0.446420974363617
1987-03-20,0.7500000000000001,0.2499999999999999,0.446420974363617
1987-03-27,0.7500000000000001,0.2499999999999999,0.446420974363617
1987-04-03,0.2499999999999999,0.7500000000000001,0.446420974363617
1987-04-10,0.2499999999999999,0.7500000000000001,0.446420974363617
1987-04-17,0.2499999999999999,0.7500000000000001,0.446420974363617
1987-04-24,0.2499999999999999,0.7500000000000001,0.446420974363617
1987-05-01,0.2499999999999999,0.7500000000000001,0.446420974363617
1987-05-08,0.2499999999999999,0.7500000000000001,0.446420974363617
1987-05-15,0.2499999999999999,0.7500000000000001,0.446420974363617
1987-05-22,0.2499999999999999,0.7500000000000001,0.446420974363617
1987-05-29,0.2499999999999999,0.7500000000000001,0.446420974363617
1987-06-05,0.2499999999999999,0.7500000000000001,0.446420974363617
1987-06-12,0.2499999999999999,0.7500000000000001,0.446420974363617
1987-06-19,0.2499999999999999,0.7500000000000001,0.446420974363617
1987-06-26,0.2499999999999999,0.7500000000000001,0.446420974363617
1987-07-03,0.2499999999999999,0.7500000000000001,0.446420974363617
1987-07-10,0.2499999999999999,0.7500000000000001,0.446420974363617
1987-07-17,0.2499999999999999,0.7500000000000001,0.446420974363617
1987-07-24,0.2499999999999999,0.7500000000000001,0.446420974363617
1987-07-31,0.2499999999999999,0.7500000000000001,0.446420974363617
1987-08-07,0.2499999999999999,0.7500000000000001,0.446420974363617
1987-08-14,0.2499999999999999,0.7500000000000001,0.446420974363617
1987-08-21,0.7500000000000001,0.2499999999999999,0.446420974363617
1987-08-28,0.2499999999999999,0.7500000000000001,0.446420974363617
1987-09-04,0.7500000000000001,0.2499999999999999,0.446420974363617
1987-09-11,0.7500000000000001,0.2499999999999999,0.446420974363617
1987-09-18,0.7500000000000001,0.2499999999999999,0.446420974363617
1987-09-25,0.7500000000000001,0.2499999999999999,0.446420974363617
1987-10-02,0.7500000000000001,0.2499999999999999,0.446420974363617
1987-10-09,0.7500000000000001,0.2499999999999999,0.446420974363617
1987-10-16,0.7500000000000001,0.2499999999999999,0.446420974363617
1987-10-23,0.7500000000000001,0.2499999999999999,0.446420974363617
1987-10-30,0.5,0.5,0.446420974363617
1987-11-06,0.7499999999999999,0.25000000000000006,0.4019765299191727
1987-11-13,0.7499999999999999,0.25000000000000006,0.4019765299191727
1987-11-20,0.7499999999999999,0.25000000000000006,0.4019765299191727
1987-11-27,0.7499999999999999,0.25000000000000006,0.4019765299191727
1987-12-04,0.7500000000000002,0.24999999999999983,0.3575320854747282
1987-12-11,0.7500000000000002,0.24999999999999983,0.3575320854747282
1987-12-18,0.7500000000000002,0.24999999999999983,0.3575320854747282
1987-12-25,0.7500000000000002,0.24999999999999983,0.3575320854747282
1988-01-01,0.7500000000000001,0.24999999999999992,0.3130876410302837
1988-01-08,0.7500000000000001,0.24999999999999992,0.3130876410302837
1988-01-15,0.7500000000000001,0.24999999999999992,0.3130876410302837
1988-01-22,0.7500000000000001,0.24999999999999992,0.3130876410302837
1988-01-29,0.75,0.25,0.2686431965858392
1988-02-05,0.75,0.25,0.2686431965858392
1988-02-12,0.75,0.25,0.2686431965858392
1988-02-19,0.75,0.25,0.2686431965858392
1988-02-26,0.75,0.25,0.2241987521413948
1988-03-04,0.75,0.25,0.2241987521413948
1988-03-11,0.75,0.25,0.2241987521413948
1988-03-18,0.75,0.25,0.2241987521413948
1988-03-25,0.7500000000000001,0.25,0.1797543076969504
1988-04-01,0.7500000000000001,0.25,0.1797543076969504
1988-04-08,0.7500000000000001,0.25,0.1797543076969504
1988-04-15,0.7500000000000001,0.25,0.1797543076969504
1988-04-22,0.7500000000000001,0.25,0.1797543076969504
1988-04-29,0.7500000000000001,0.25,0.1797543076969504
1988-05-06,0.7500000000000001,0.25,0.1797543076969504
1988-05-13,0.7500000000000001,0.25,0.1797543076969504
1988-05-20,0.7500000000000001,0.25,0.1797543076969504
1988-05-27,0.7500000000000001,0.25,0.1797543076969504
1988-06-03,0.7500000000000001,0.25,0.1797543076969504
1988-06-10,0.7500000000000001,0.25,0.1797543076969504
1988-06-17,0.7500000000000001,0.25,0.1797543076969504
1988-06-24,0.7500000000000001,0.25,0.1797543076969504
1988-07-01,0.7500000000000001,0.25,0.1797543076969504
1988-07-08,0.7500000000000001,0.25,0.1797543076969504
1988-07-15,0.7500000000000001,0.25,0.1797543076969504
1988-07-22,0.25000000000000006,0.75,0.34999999999999987
1988-07-29,0.25000000000000006,0.75,0.34999999999999987
1988-08-05,0.25000000000000006,0.75,0.34999999999999987
1988-08-12,0.25000000000000006,0.75,0.34999999999999987
1988-08-19,0.25000000000000006,0.75,0.34999999999999987
1988-08-26,0.25000000000000006,0.75,0.34999999999999987
1988-09-02,0.25000000000000006,0.75,0.34999999999999987
1988-09-09,0.25000000000000006,0.75,0.34999999999999987
1988-09-16,0.25000000000000006,0.75,0.34999999999999987
1988-09-23,0.25,0.7500000000000001,0.1797543076969504
1988-09-30,0.25,0.7500000000000001,0.1797543076969504
1988-10-07,0.25,0.7500000000000001,0.1797543076969504
1988-10-14,0.25,0.7500000000000001,0.1797543076969504
1988-10-21,0.25,0.7500000000000001,0.1797543076969504
1988-10-28,0.25,0.7500000000000001,0.1797543076969504
1988-11-04,0.25,0.7500000000000001,0.1797543076969504
1988-11-11,0.25,0.7500000000000001,0.1797543076969504
1988-11-18,0.25,0.7500000000000001,0.1797543076969504
1988-11-25,0.25,0.7500000000000001,0.1797543076969504
1988-12-02,0.25,0.7500000000000001,0.1797543076969504
1988-12-09,0.25,0.7500000000000001,0.1797543076969504
1988-12-16,0.25,0.7500000000000001,0.1797543076969504
1988-12-23,0.25,0.7500000000000001,0.1797543076969504
1988-12-30,0.25,0.7500000000000001,0.1797543076969504
1989-01-06,0.25,0.7500000000000001,0.1797543076969504
1989-01-13,0.25,0.7500000000000001,0.1797543076969504
1989-01-20,0.25,0.7500000000000001,0.1797543076969504
1989-01-27,0.25,0.7500000000000001,0.1797543076969504
1989-02-03,0.25,0.7500000000000001,0.1797543076969504
1989-02-10,0.25,0.7500000000000001,0.1797543076969504
1989-02-17,0.25,0.7500000000000001,0.1797543076969504
1989-02-24,0.25,0.7500000000000001,0.1797543076969504
1989-03-03,0.25,0.7500000000000001,0.1797543076969504
1989-03-10,0.25,0.7500000000000001,0.1797543076969504
1989-03-17,0.25000000000000006,0.75,0.34999999999999987
1989-03-24,0.25,0.7500000000000001,0.1797543076969504
1989-03-31,0.25,0.7500000000000001,0.1797543076969504
1989-04-07,0.25000000000000006,0.75,0.34999999999999987
1989-04-14,0.25,0.7500000000000001,0.1797543076969504
1989-04-21,0.25,0.7500000000000001,0.1797543076969504
1989-04-28,0.25,0.7500000000000001,0.1797543076969504
1989-05-05,0.25,0.7500000000000001,0.1797543076969504
1989-05-12,0.25,0.7500000000000001,0.1797543076969504
1989-05-19,0.25,0.7500000000000001,0.1797543076969504
1989-05-26,0.25,0.7500000000000001,0.1797543076969504
1989-06-02,0.25,0.7500000000000001,0.1797543076969504
1989-06-09,0.25,0.7500000000000001,0.1797543076969504
1989-06-16,0.25,0.7500000000000001,0.1797543076969504
1989-06-23,0.25,0.7500000000000001,0.1797543076969504
1989-06-30,0.25,0.7500000000000001,0.1797543076969504
1989-07-07,0.25,0.7500000000000001,0.1797543076969504
1989-07-14,0.25,0.7500000000000001,0.1797543076969504
1989-07-21,0.25,0.7500000000000001,0.1797543076969504
1989-07-28,0.25,0.7500000000000001,0.1797543076969504
1989-08-04,0.25,0.7500000000000001,0.1797543076969504
1989-08-11,0.25,0.7500000000000001,0.1797543076969504
1989-08-18,0.25,0.7500000000000001,0.1797543076969504
1989-08-25,0.25,0.7500000000000001,0.1797543076969504
1989-09-01,0.25,0.7500000000000001,0.1797543076969504
1989-09-08,0.25,0.7500000000000001,0.1797543076969504
1989-09-15,0.25,0.7500000000000001,0.1797543076969504
1989-09-22,0.25,0.7500000000000001,0.1797543076969504
1989-09-29,0.25,0.7500000000000001,0.1797543076969504
1989-10-06,0.25,0.7500000000000001,0.1797543076969504
1989-10-13,0.25,0.7500000000000001,0.1797543076969504
1989-10-20,0.25,0.7500000000000001,0.1797543076969504
1989-10-27,0.25,0.7500000000000001,0.1797543076969504
1989-11-03,0.25,0.7500000000000001,0.1797543076969504
1989-11-10,0.25,0.7500000000000001,0.1797543076969504
1989-11-17,0.25,0.7500000000000001,0.1797543076969504
1989-11-24,0.25,0.7500000000000001,0.1797543076969504
1989-12-01,0.25,0.7500000000000001,0.1797543076969504
1989-12-08,0.25,0.7500000000000001,0.1797543076969504
1989-12-15,0.25,0.7500000000000001,0.1797543076969504
1989-12-22,0.25,0.7500000000000001,0.1797543076969504
1989-12-29,0.25,0.7500000000000001,0.1797543076969504
1990-01-05,0.25,0.7500000000000001,0.1797543076969504
1990-01-12,0.25,0.7500000000000001,0.1797543076969504
1990-01-19,0.25,0.7500000000000001,0.1797543076969504
1990-01-26,0.25,0.7500000000000001,0.1797543076969504
1990-02-02,0.25,0.7500000000000001,0.1797543076969504
1990-02-09,0.25,0.7500000000000001,0.1797543076969504
1990-02-16,0.25,0.7500000000000001,0.1797543076969504
1990-02-23,0.25,0.7500000000000001,0.1797543076969504
1990-03-02,0.25,0.7500000000000001,0.1797543076969504
1990-03-09,0.25,0.7500000000000001,0.1797543076969504
1990-03-16,0.25,0.7500000000000001,0.1797543076969504
1990-03-23,0.25,0.7500000000000001,0.1797543076969504
1990-03-30,0.25,0.7500000000000001,0.1797543076969504
1990-04-06,0.25,0.7500000000000001,0.1797543076969504
1990-04-13,0.25,0.7500000000000001,0.1797543076969504
1990-04-20,0.25,0.7500000000000001,0.1797543076969504
1990-04-27,0.25,0.7500000000000001,0.1797543076969504
1990-05-04,0.25,0.7500000000000001,0.1797543076969504
1990-05-11,0.25,0.7500000000000001,0.1797543076969504
1990-05-18,0.25,0.7500000000000001,0.1797543076969504
1990-05-25,0.25,0.7500000000000001,0.1797543076969504
1990-06-01,0.25,0.7500000000000001,0.1797543076969504
1990-06-08,0.25,0.7500000000000001,0.1797543076969504
1990-06-15,0.25,0.7500000000000001,0.1797543076969504
1990-06-22,0.25,0.7500000000000001,0.1797543076969504
1990-06-29,0.25,0.7500000000000001,0.1797543076969504
1990-07-06,0.25,0.7500000000000001,0.1797543076969504
1990-07-13,0.25,0.7500000000000001,0.1797543076969504
1990-07-20,0.25,0.7500000000000001,0.1797543076969504
1990-07-27,0.25,0.7500000000000001,0.1797543076969504
1990-08-03,0.25,0.7500000000000001,0.1797543076969504
1990-08-10,0.25,0.7500000000000001,0.1797543076969504
1990-08-17,0.25,0.7500000000000001,0.1797543076969504
1990-08-24,0.25,0.7500000000000001,0.1797543076969504
1990-08-31,0.25,0.7500000000000001,0.1797543076969504
1990-09-07,0.5,0.5,0.4499999999999998
1990-09-14,0.5,0.5,0.4499999999999998
1990-09-21,0.5,0.5,0.4499999999999998
1990-09-28,0.5,0.5,0.4499999999999998
1990-10-05,0.5,0.5,0.4499999999999998
1990-10-12,0.5,0.5,0.4499999999999998
1990-10-19,0.5,0.5,0.4499999999999998
1990-10-26,0.5,0.5,0.4499999999999998
1990-11-02,0.2499999999999999,0.7500000000000001,0.44999999999999984
1990-11-09,0.2499999999999999,0.7500000000000001,0.44999999999999984
1990-11-16,0.2499999999999999,0.7500000000000001,0.44999999999999984
1990-11-23,0.2499999999999999,0.7500000000000001,0.44999999999999984
1990-11-30,0.5,0.5,0.1797543076969504
1990-12-07,0.5,0.5,0.4499999999999998
1990-12-14,0.5,0.5,0.4499999999999998
1990-12-21,0.5,0.5,0.4499999999999998
1990-12-28,0.5,0.5,0.4499999999999998
