date,forward_pe_proxy,s3_equity,s3_bond,pe_branch,s3_raw_equity,s3_raw_bond
1954-07-31,11.043655905339335,0.9,0.1,rising,0.9,0.1
1954-08-31,11.249253588413058,0.9,0.1,rising,0.9,0.1
1954-09-30,11.4982451009067,0.9,0.1,rising,0.9,0.1
1954-10-31,11.56000093112251,0.9,0.1,rising,0.9,0.1
1954-11-30,11.80681230473213,0.9,0.1,rising,0.9,0.1
1954-12-31,12.138989169675089,0.9,0.1,rising,0.9,0.1
1955-01-31,12.08146217728582,0.9,0.1,rising,0.9,0.1
1955-02-28,12.21229895017382,0.9,0.1,rising,0.9,0.1
1955-03-31,11.85680873180873,0.9,0.1,rising,0.9,0.1
1955-04-30,11.917172620497889,0.9,0.1,rising,0.9,0.1
1955-05-31,11.53847381343368,0.9,0.1,rising,0.9,0.1
1955-06-30,11.87888198757764,0.9,0.1,rising,0.9,0.1
1955-07-31,12.464003583933865,0.9,0.1,rising,0.9,0.1
1955-08-31,12.118228671974656,0.9,0.1,rising,0.9,0.1
1955-09-30,12.393783542039357,0.9,0.1,rising,0.9,0.1
1955-10-31,11.568681318681318,0.9,0.1,rising,0.9,0.1
1955-11-30,12.140773552290408,0.9,0.1,rising,0.9,0.1
1955-12-31,12.05110497237569,0.9,0.1,rising,0.9,0.1
1956-01-31,11.651956610277706,0.9,0.1,rising,0.9,0.1
1956-02-29,11.651213184211793,0.9,0.1,rising,0.9,0.1
1956-03-31,12.37492182614134,0.9,0.1,rising,0.9,0.1
1956-04-30,12.623476250525428,0.9,0.1,rising,0.9,0.1
1956-05-31,12.327823691460056,0.9,0.1,rising,0.9,0.1
1956-06-30,11.625312364189485,0.9,0.1,rising,0.9,0.1
1956-07-31,11.633871059216975,0.9,0.1,rising,0.9,0.1
1956-08-31,11.718587816641728,0.9,0.1,rising,0.9,0.1
1956-09-30,11.472518859606154,0.9,0.1,rising,0.9,0.1
1956-10-31,11.38039069097824,0.9,0.1,rising,0.9,0.1
1956-11-30,11.317010688787992,0.9,0.1,rising,0.9,0.1
1956-12-31,11.541329091903176,0.9,0.1,rising,0.9,0.1
1957-01-31,11.301358804932676,0.9,0.1,rising,0.9,0.1
1957-02-28,10.824393476638308,0.9,0.1,rising,0.9,0.1
1957-03-31,11.178133195592288,0.9,0.1,rising,0.9,0.1
1957-04-30,11.465460095593023,0.9,0.1,rising,0.9,0.1
1957-05-31,12.258442960719035,0.9,0.1,rising,0.9,0.1
1957-06-30,12.541720151776603,0.9,0.1,rising,0.9,0.1
1957-07-31,13.061234070443792,0.9,0.1,rising,0.9,0.1
1957-08-31,12.357057826560126,0.9,0.1,rising,0.9,0.1
1957-09-30,12.168341831629569,0.9,0.1,rising,0.9,0.1
1957-10-31,11.55193123529864,0.9,0.1,rising,0.9,0.1
1957-11-30,11.767761885331064,0.9,0.1,rising,0.9,0.1
1957-12-31,11.89818356460438,0.9,0.1,rising,0.9,0.1
1958-01-31,12.449860341683888,0.9,0.1,rising,0.9,0.1
1958-02-28,12.797673717021434,0.9,0.1,rising,0.9,0.1
1958-03-31,13.436817170391148,0.9,0.1,rising,0.9,0.1
1958-04-30,13.826718994253822,0.9,0.1,rising,0.9,0.1
1958-05-31,14.666564707702946,0.9,0.1,rising,0.9,0.1
1958-06-30,15.387323618830308,0.9,0.1,rising,0.9,0.1
1958-07-31,15.977001056397912,0.9,0.1,rising,0.9,0.1
1958-08-31,16.72361817128524,0.9,0.1,rising,0.9,0.1
1958-09-30,17.315490551938247,0.9,0.1,rising,0.9,0.1
1958-10-31,18.271415167184703,0.9,0.1,rising,0.9,0.1
1958-11-30,18.82314894215305,0.9,0.1,rising,0.9,0.1
1958-12-31,19.260351639268983,0.9,0.1,rising,0.9,0.1
1959-01-31,19.775819762731054,0.9,0.1,rising,0.9,0.1
1959-02-28,19.074527586470484,0.9,0.1,rising,0.9,0.1
1959-03-31,19.105757599951307,0.9,0.1,rising,0.9,0.1
1959-04-30,18.83993468424701,0.9,0.1,rising,0.9,0.1
1959-05-31,18.564102967486537,0.9,0.1,rising,0.9,0.1
1959-06-30,17.88068934643591,0.9,0.1,rising,0.9,0.1
1959-07-31,18.53567442704335,0.9,0.1,rising,0.9,0.1
1959-08-31,18.376292383443943,0.9,0.1,rising,0.9,0.1
1959-09-30,17.597828544071085,0.9,0.1,rising,0.9,0.1
1959-10-31,17.651002425868846,0.9,0.1,rising,0.9,0.1
1959-11-30,17.79169140757367,0.9,0.1,rising,0.9,0.1
1959-12-31,18.401976475077085,0.9,0.1,rising,0.9,0.1
1960-01-31,17.901664294744684,0.9,0.1,rising,0.9,0.1
1960-02-29,17.017655119682928,0.9,0.1,rising,0.9,0.1
1960-03-31,16.74096788600845,0.9,0.1,rising,0.9,0.1
1960-04-30,16.90212792997579,0.9,0.1,rising,0.9,0.1
1960-05-31,16.910229437965356,0.9,0.1,rising,0.9,0.1
1960-06-30,17.753351409672728,0.9,0.1,rising,0.9,0.1
1960-07-31,17.295416386661145,0.9,0.1,rising,0.9,0.1
1960-08-31,17.48504076335723,0.9,0.1,rising,0.9,0.1
1960-09-30,17.097402727827266,0.9,0.1,rising,0.9,0.1
1960-10-31,17.01411974857742,0.9,0.1,rising,0.9,0.1
1960-11-30,17.673354574270924,0.9,0.1,rising,0.9,0.1
1960-12-31,18.097107261917948,0.9,0.1,rising,0.9,0.1
1961-01-31,19.40775574839868,0.9,0.1,rising,0.9,0.1
1961-02-28,20.60290364693921,0.9,0.1,rising,0.8716280636734489,0.128371936326551
1961-03-31,21.66173069041556,0.846714486179888,0.153285513820112,rising,0.8218009086863268,0.1781990913136731
1961-04-30,22.384304113580164,0.7962983172805173,0.2037016827194827,rising,0.7877974534785805,0.2122025465214194
1961-05-31,22.76040176165612,0.7962983172805173,0.2037016827194827,rising,0.7700987406279474,0.2299012593720526
1961-06-30,22.60745710305277,0.7962983172805173,0.2037016827194827,rising,0.7772961363269285,0.2227038636730715
1961-07-31,22.49592262563465,0.7962983172805173,0.2037016827194827,rising,0.7825448176171929,0.2174551823828071
1961-08-31,23.25277047033209,0.7962983172805173,0.2037016827194827,rising,0.7469284484549604,0.2530715515450396
1961-09-30,23.02052063893219,0.7962983172805173,0.2037016827194827,rising,0.757857852285544,0.2421421477144559
1961-10-31,22.923034279376548,0.7962983172805173,0.2037016827194827,rising,0.7624454456763977,0.2375545543236022
1961-11-30,23.57792695917214,0.739114766622873,0.260885233377127,rising,0.7316269666271935,0.2683730333728065
1961-12-31,23.40197727514679,0.739114766622873,0.260885233377127,rising,0.7399069517577981,0.2600930482422019
1962-01-31,22.08002036383068,0.8021166887609094,0.1978833112390906,rising,0.8021166887609094,0.1978833112390906
1962-02-28,21.9620306078765,0.8021166887609094,0.1978833112390906,rising,0.8076691478646353,0.1923308521353647
1962-03-31,21.501128457383075,0.8021166887609094,0.1978833112390906,rising,0.8293586608290318,0.1706413391709682
1962-04-30,20.6120733351131,0.8607370769091486,0.1392629230908514,rising,0.8711965489358542,0.1288034510641458
1962-05-31,18.89432528789585,0.8607370769091486,0.1392629230908514,rising,0.9,0.1
1962-06-30,16.526359529884314,0.8607370769091486,0.1392629230908514,rising,0.9,0.1
1962-07-31,16.827453685699453,0.8607370769091486,0.1392629230908514,rising,0.9,0.1
1962-08-31,17.18679165876823,0.8607370769091486,0.1392629230908514,rising,0.9,0.1
1962-09-30,16.937562063922535,0.8607370769091486,0.1392629230908514,rising,0.9,0.1
1962-10-31,16.189117057692588,0.8607370769091486,0.1392629230908514,rising,0.9,0.1
1962-11-30,17.081673054717232,0.8607370769091486,0.1392629230908514,rising,0.9,0.1
1962-12-31,17.594757932560835,0.8607370769091486,0.1392629230908514,rising,0.9,0.1
1963-01-31,18.208368754080777,0.8607370769091486,0.1392629230908514,rising,0.9,0.1
1963-02-28,18.382481055530683,0.8607370769091486,0.1392629230908514,rising,0.9,0.1
1963-03-31,18.24696832235528,0.8607370769091486,0.1392629230908514,rising,0.9,0.1
1963-04-30,18.88498870166077,0.8607370769091486,0.1392629230908514,rising,0.9,0.1
1963-05-31,19.017423214793997,0.8607370769091486,0.1392629230908514,rising,0.9,0.1
1963-06-30,18.628780376830942,0.8607370769091486,0.1392629230908514,rising,0.9,0.1
1963-07-31,17.500785665363118,0.8607370769091486,0.1392629230908514,rising,0.9,0.1
1963-08-31,16.994467609499615,0.8607370769091486,0.1392629230908514,rising,0.9,0.1
1963-09-30,16.861168528616577,0.8607370769091486,0.1392629230908514,rising,0.9,0.1
1963-10-31,16.680456027203988,0.8607370769091486,0.1392629230908514,rising,0.9,0.1
1963-11-30,16.465678805737735,0.8607370769091486,0.1392629230908514,rising,0.9,0.1
1963-12-31,16.729753338902384,0.8607370769091486,0.1392629230908514,rising,0.9,0.1
1964-01-31,17.00105187279204,0.8607370769091486,0.1392629230908514,rising,0.9,0.1
1964-02-29,16.97999051757335,0.8607370769091486,0.1392629230908514,rising,0.9,0.1
1964-03-31,17.053262414934803,0.8607370769091486,0.1392629230908514,rising,0.9,0.1
1964-04-30,17.081729166971673,0.8607370769091486,0.1392629230908514,rising,0.9,0.1
1964-05-31,17.016380151552344,0.8607370769091486,0.1392629230908514,rising,0.9,0.1
1964-06-30,16.674459827214115,0.8607370769091486,0.1392629230908514,rising,0.9,0.1
1964-07-31,17.088423745717066,0.8607370769091486,0.1392629230908514,rising,0.9,0.1
1964-08-31,16.61268938774645,0.8607370769091486,0.1392629230908514,rising,0.9,0.1
1964-09-30,16.708859192026935,0.8607370769091486,0.1392629230908514,rising,0.9,0.1
1964-10-31,16.895794079283394,0.8607370769091486,0.1392629230908514,rising,0.9,0.1
1964-11-30,16.8470801579842,0.8607370769091486,0.1392629230908514,rising,0.9,0.1
1964-12-31,16.39596555248729,0.8607370769091486,0.1392629230908514,rising,0.9,0.1
1965-01-31,16.63959814043607,0.8607370769091486,0.1392629230908514,rising,0.9,0.1
1965-02-28,16.604480921714835,0.8607370769091486,0.1392629230908514,rising,0.9,0.1
1965-03-31,16.465918272754543,0.8607370769091486,0.1392629230908514,rising,0.9,0.1
1965-04-30,16.49414528749196,0.8607370769091486,0.1392629230908514,rising,0.9,0.1
1965-05-31,16.554076748766335,0.8607370769091486,0.1392629230908514,rising,0.9,0.1
1965-06-30,15.619496214459325,0.8607370769091486,0.1392629230908514,rising,0.9,0.1
1965-07-31,15.479900699534312,0.8607370769091486,0.1392629230908514,rising,0.9,0.1
1965-08-31,15.647218918744835,0.8607370769091486,0.1392629230908514,rising,0.9,0.1
1965-09-30,16.035902812499657,0.8607370769091486,0.1392629230908514,rising,0.9,0.1
1965-10-31,16.1726386378225,0.8607370769091486,0.1392629230908514,rising,0.9,0.1
1965-11-30,16.084181386307318,0.8607370769091486,0.1392629230908514,rising,0.9,0.1
1965-12-31,15.794926860385686,0.8607370769091486,0.1392629230908514,rising,0.9,0.1
1966-01-31,15.91538052314186,0.8607370769091486,0.1392629230908514,rising,0.9,0.1
1966-02-28,15.650853711690813,0.8607370769091486,0.1392629230908514,rising,0.9,0.1
1966-03-31,14.840504295522257,0.8607370769091486,0.1392629230908514,rising,0.9,0.1
1966-04-30,15.160475983657845,0.8607370769091486,0.1392629230908514,rising,0.9,0.1
1966-05-31,14.250814022937943,0.8607370769091486,0.1392629230908514,rising,0.9,0.1
1966-06-30,14.002281725025115,0.8607370769091486,0.1392629230908514,rising,0.9,0.1
1966-07-31,13.911397614114394,0.8607370769091486,0.1392629230908514,rising,0.9,0.1
1966-08-31,13.030656917496913,0.8607370769091486,0.1392629230908514,rising,0.9,0.1
1966-09-30,12.53376201599528,0.8607370769091486,0.1392629230908514,rising,0.9,0.1
1966-10-31,12.394241886376069,0.8607370769091486,0.1392629230908514,rising,0.9,0.1
1966-11-30,12.983159353821256,0.8607370769091486,0.1392629230908514,rising,0.9,0.1
1966-12-31,13.006349411612572,0.8607370769091486,0.1392629230908514,rising,0.9,0.1
1967-01-31,13.586896776011722,0.8607370769091486,0.1392629230908514,rising,0.9,0.1
1967-02-28,14.140535929878885,0.8607370769091486,0.1392629230908514,rising,0.9,0.1
1967-03-31,14.595739708426462,0.8607370769091486,0.1392629230908514,rising,0.9,0.1
1967-04-30,14.968405802358518,0.8607370769091486,0.1392629230908514,rising,0.9,0.1
1967-05-31,15.364762036345306,0.8607370769091486,0.1392629230908514,rising,0.9,0.1
1967-06-30,15.311605090432256,0.8607370769091486,0.1392629230908514,rising,0.9,0.1
1967-07-31,15.617417672691138,0.8607370769091486,0.1392629230908514,rising,0.9,0.1
1967-08-31,15.903565345861928,0.8607370769091486,0.1392629230908514,rising,0.9,0.1
1967-09-30,16.16710852979801,0.8607370769091486,0.1392629230908514,rising,0.9,0.1
1967-10-31,16.123581457429278,0.8607370769091486,0.1392629230908514,rising,0.9,0.1
1967-11-30,15.601675748719956,0.8607370769091486,0.1392629230908514,rising,0.9,0.1
1967-12-31,16.03802072942851,0.8607370769091486,0.1392629230908514,rising,0.9,0.1
1968-01-31,15.89880874616206,0.8607370769091486,0.1392629230908514,rising,0.9,0.1
1968-02-29,15.119260957028713,0.8607370769091486,0.1392629230908514,rising,0.9,0.1
1968-03-31,14.867590422560667,0.8607370769091486,0.1392629230908514,rising,0.9,0.1
1968-04-30,15.984574826094615,0.8607370769091486,0.1392629230908514,rising,0.9,0.1
1968-05-31,16.4448621930276,0.8607370769091486,0.1392629230908514,rising,0.9,0.1
1968-06-30,16.905650511369913,0.8607370769091486,0.1392629230908514,rising,0.9,0.1
1968-07-31,17.012802197110517,0.8607370769091486,0.1392629230908514,rising,0.9,0.1
1968-08-31,16.55365206598992,0.8607370769091486,0.1392629230908514,rising,0.9,0.1
1968-09-30,17.001293155521516,0.8607370769091486,0.1392629230908514,rising,0.9,0.1
1968-10-31,17.31888538095699,0.8607370769091486,0.1392629230908514,rising,0.9,0.1
1968-11-30,17.483460438827368,0.8607370769091486,0.1392629230908514,rising,0.9,0.1
1968-12-31,17.563702254745284,0.8607370769091486,0.1392629230908514,rising,0.9,0.1
1969-01-31,16.763367852084976,0.8607370769091486,0.1392629230908514,rising,0.9,0.1
1969-02-28,16.623673119984268,0.8607370769091486,0.1392629230908514,rising,0.9,0.1
1969-03-31,16.207469227436796,0.8607370769091486,0.1392629230908514,rising,0.9,0.1
1969-04-30,16.51497669513664,0.8607370769091486,0.1392629230908514,rising,0.9,0.1
1969-05-31,17.03350728461988,0.8607370769091486,0.1392629230908514,rising,0.9,0.1
1969-06-30,16.13520405790191,0.8607370769091486,0.1392629230908514,rising,0.9,0.1
1969-07-31,15.428520244614871,0.8607370769091486,0.1392629230908514,rising,0.9,0.1
1969-08-31,15.336882777223042,0.8607370769091486,0.1392629230908514,rising,0.9,0.1
1969-09-30,15.364433258146075,0.8607370769091486,0.1392629230908514,rising,0.9,0.1
1969-10-31,15.657390080277551,0.8607370769091486,0.1392629230908514,rising,0.9,0.1
1969-11-30,15.9166504242401,0.8607370769091486,0.1392629230908514,rising,0.9,0.1
1969-12-31,15.220774622766209,0.8607370769091486,0.1392629230908514,rising,0.9,0.1
1970-01-31,15.320104289593107,0.8607370769091486,0.1392629230908514,rising,0.9,0.1
1970-02-28,14.94740217124093,0.8607370769091486,0.1392629230908514,rising,0.9,0.1
1970-03-31,15.360301567232144,0.8607370769091486,0.1392629230908514,rising,0.9,0.1
1970-04-30,14.990110532660038,0.8607370769091486,0.1392629230908514,rising,0.9,0.1
1970-05-31,13.352762135320123,0.8607370769091486,0.1392629230908514,rising,0.9,0.1
1970-06-30,13.358406799414016,0.8607370769091486,0.1392629230908514,rising,0.9,0.1
1970-07-31,13.51192245970785,0.8607370769091486,0.1392629230908514,rising,0.9,0.1
1970-08-31,14.041510797585463,0.8607370769091486,0.1392629230908514,rising,0.9,0.1
1970-09-30,15.029325349281578,0.8607370769091486,0.1392629230908514,rising,0.9,0.1
1970-10-31,15.57792858097119,0.8607370769091486,0.1392629230908514,rising,0.9,0.1
1970-11-30,15.790426890976391,0.8607370769091486,0.1392629230908514,rising,0.9,0.1
1970-12-31,17.12362660836899,0.8607370769091486,0.1392629230908514,rising,0.9,0.1
1971-01-31,17.674407152770893,0.8607370769091486,0.1392629230908514,rising,0.9,0.1
1971-02-28,18.25265282739646,0.8607370769091486,0.1392629230908514,rising,0.9,0.1
1971-03-31,18.61307951158024,0.8607370769091486,0.1392629230908514,rising,0.9,0.1
1971-04-30,19.15540818267036,0.8607370769091486,0.1392629230908514,rising,0.9,0.1
1971-05-31,18.949471215879345,0.8607370769091486,0.1392629230908514,rising,0.9,0.1
1971-06-30,18.707880845713383,0.8607370769091486,0.1392629230908514,rising,0.9,0.1
1971-07-31,18.670024855421893,0.8607370769091486,0.1392629230908514,rising,0.9,0.1
1971-08-31,18.292842417733144,0.8607370769091486,0.1392629230908514,rising,0.9,0.1
1971-09-30,18.57290306038783,0.8607370769091486,0.1392629230908514,rising,0.9,0.1
1971-10-31,17.882258262229293,0.8607370769091486,0.1392629230908514,rising,0.9,0.1
1971-11-30,16.77972133418929,0.8607370769091486,0.1392629230908514,rising,0.9,0.1
1971-12-31,17.652194120843888,0.8607370769091486,0.1392629230908514,rising,0.9,0.1
1972-01-31,18.26979569164676,0.8607370769091486,0.1392629230908514,rising,0.9,0.1
1972-02-29,18.48768763538077,0.8607370769091486,0.1392629230908514,rising,0.9,0.1
1972-03-31,18.807575247783547,0.8607370769091486,0.1392629230908514,rising,0.9,0.1
1972-04-30,18.826855732907443,0.8607370769091486,0.1392629230908514,rising,0.9,0.1
1972-05-31,18.468498697683398,0.8607370769091486,0.1392629230908514,rising,0.9,0.1
1972-06-30,18.35450436409721,0.8607370769091486,0.1392629230908514,rising,0.9,0.1
1972-07-31,18.047232399134597,0.8607370769091486,0.1392629230908514,rising,0.9,0.1
1972-08-31,18.512916395138813,0.8607370769091486,0.1392629230908514,rising,0.9,0.1
1972-09-30,18.077658917345943,0.8607370769091486,0.1392629230908514,rising,0.9,0.1
1972-10-31,17.839540822513175,0.8607370769091486,0.1392629230908514,rising,0.9,0.1
1972-11-30,18.45837133424456,0.8607370769091486,0.1392629230908514,rising,0.9,0.1
1972-12-31,18.5693232214219,0.8607370769091486,0.1392629230908514,rising,0.9,0.1
1973-01-31,18.338006399175928,0.8607370769091486,0.1392629230908514,rising,0.9,0.1
1973-02-28,17.140550603127625,0.8607370769091486,0.1392629230908514,rising,0.9,0.1
1973-03-31,16.12951544764814,0.8607370769091486,0.1392629230908514,rising,0.9,0.1
1973-04-30,15.146135582642044,0.8607370769091486,0.1392629230908514,rising,0.9,0.1
1973-05-31,13.995709931436243,0.8607370769091486,0.1392629230908514,rising,0.9,0.1
1973-06-30,13.053213047289264,0.8607370769091486,0.1392629230908514,rising,0.9,0.1
1973-07-31,12.890056023728135,0.8607370769091486,0.1392629230908514,rising,0.9,0.1
1973-08-31,12.38119449079534,0.8607370769091486,0.1392629230908514,rising,0.9,0.1
1973-09-30,12.338511594772704,0.8607370769091486,0.1392629230908514,rising,0.9,0.1
1973-10-31,12.546294086763648,0.8607370769091486,0.1392629230908514,rising,0.9,0.1
1973-11-30,11.391540616430294,0.8607370769091486,0.1392629230908514,rising,0.9,0.1
1973-12-31,10.354038282046986,0.8607370769091486,0.1392629230908514,rising,0.9,0.1
1974-01-31,10.38728233432068,0.8607370769091486,0.1392629230908514,rising,0.9,0.1
1974-02-28,10.005755564817909,0.8607370769091486,0.1392629230908514,rising,0.9,0.1
1974-03-31,10.336837523326604,0.8607370769091486,0.1392629230908514,rising,0.9,0.1
1974-04-30,9.659200911656944,0.8607370769091486,0.1392629230908514,rising,0.9,0.1
1974-05-31,9.217679375800962,0.8607370769091486,0.1392629230908514,rising,0.9,0.1
1974-06-30,9.075043364243204,0.8607370769091486,0.1392629230908514,rising,0.9,0.1
1974-07-31,7.828443971969468,0.8607370769091486,0.1392629230908514,rising,0.9,0.1
1974-08-31,7.285216448007735,0.8607370769091486,0.1392629230908514,rising,0.9,0.1
1974-09-30,6.379500658301188,0.8607370769091486,0.1392629230908514,rising,0.9,0.1
1974-10-31,6.527031453971279,0.8607370769091486,0.1392629230908514,rising,0.9,0.1
1974-11-30,6.798395132706504,0.8607370769091486,0.1392629230908514,rising,0.9,0.1
1974-12-31,6.408272364204767,0.8607370769091486,0.1392629230908514,rising,0.9,0.1
1975-01-31,7.04911864343386,0.8607370769091486,0.1392629230908514,rising,0.9,0.1
1975-02-28,7.914375957113595,0.8607370769091486,0.1392629230908514,rising,0.9,0.1
1975-03-31,8.42166697092703,0.8607370769091486,0.1392629230908514,rising,0.9,0.1
1975-04-30,8.68401008789912,0.8607370769091486,0.1392629230908514,rising,0.9,0.1
1975-05-31,9.42117587262146,0.8607370769091486,0.1392629230908514,rising,0.9,0.1
1975-06-30,9.85991838153588,0.8607370769091486,0.1392629230908514,rising,0.9,0.1
1975-07-31,9.952883852215038,0.8607370769091486,0.1392629230908514,rising,0.9,0.1
1975-08-31,9.301840509061854,0.8607370769091486,0.1392629230908514,rising,0.9,0.1
1975-09-30,9.267919544314498,0.8607370769091486,0.1392629230908514,rising,0.9,0.1
1975-10-31,9.612227440060767,0.8607370769091486,0.1392629230908514,rising,0.9,0.1
1975-11-30,9.692466737690651,0.8607370769091486,0.1392629230908514,rising,0.9,0.1
1975-12-31,9.465094809980872,0.8607370769091486,0.1392629230908514,rising,0.9,0.1
1976-01-31,10.041496333847563,0.8607370769091486,0.1392629230908514,rising,0.9,0.1
1976-02-29,10.140430912276086,0.8607370769091486,0.1392629230908514,rising,0.9,0.1
1976-03-31,9.93614293789839,0.8607370769091486,0.1392629230908514,rising,0.9,0.1
1976-04-30,10.095918966664916,0.8607370769091486,0.1392629230908514,rising,0.9,0.1
1976-05-31,9.987090127633971,0.8607370769091486,0.1392629230908514,rising,0.9,0.1
1976-06-30,9.850727109296905,0.8607370769091486,0.1392629230908514,rising,0.9,0.1
1976-07-31,9.975125100381184,0.8607370769091486,0.1392629230908514,rising,0.9,0.1
1976-08-31,9.784322430235576,0.8607370769091486,0.1392629230908514,rising,0.9,0.1
1976-09-30,9.8880654170328,0.8607370769091486,0.1392629230908514,rising,0.9,0.1
1976-10-31,9.432133799515173,0.8607370769091486,0.1392629230908514,rising,0.9,0.1
1976-11-30,9.252520661808424,0.8607370769091486,0.1392629230908514,rising,0.9,0.1
1976-12-31,9.456605458137304,0.8607370769091486,0.1392629230908514,rising,0.9,0.1
1977-01-31,9.322008992702958,0.8607370769091486,0.1392629230908514,rising,0.9,0.1
1977-02-28,9.019301140190736,0.8607370769091486,0.1392629230908514,rising,0.9,0.1
1977-03-31,8.933048491786957,0.8607370769091486,0.1392629230908514,rising,0.9,0.1
1977-04-30,8.69764978489057,0.8607370769091486,0.1392629230908514,rising,0.9,0.1
1977-05-31,8.576768521390033,0.8607370769091486,0.1392629230908514,rising,0.9,0.1
1977-06-30,8.529037710660445,0.8607370769091486,0.1392629230908514,rising,0.9,0.1
1977-07-31,8.528064552183789,0.8607370769091486,0.1392629230908514,rising,0.9,0.1
1977-08-31,8.243821291042925,0.8607370769091486,0.1392629230908514,rising,0.9,0.1
1977-09-30,8.047284912384306,0.8607370769091486,0.1392629230908514,rising,0.9,0.1
1977-10-31,7.811633981029595,0.8607370769091486,0.1392629230908514,rising,0.9,0.1
1977-11-30,7.833887703324163,0.8607370769091486,0.1392629230908514,rising,0.9,0.1
1977-12-31,7.783287828012201,0.8607370769091486,0.1392629230908514,rising,0.9,0.1
1978-01-31,7.480252446463481,0.8607370769091486,0.1392629230908514,rising,0.9,0.1
1978-02-28,7.368230323935594,0.8607370769091486,0.1392629230908514,rising,0.9,0.1
1978-03-31,7.34824575914915,0.8607370769091486,0.1392629230908514,rising,0.9,0.1
1978-04-30,7.598196071862951,0.8607370769091486,0.1392629230908514,rising,0.9,0.1
1978-05-31,7.909202716949534,0.8607370769091486,0.1392629230908514,rising,0.9,0.1
1978-06-30,7.856561345373071,0.8607370769091486,0.1392629230908514,rising,0.9,0.1
1978-07-31,7.740654906188502,0.8607370769091486,0.1392629230908514,rising,0.9,0.1
1978-08-31,8.19316212639377,0.8607370769091486,0.1392629230908514,rising,0.9,0.1
1978-09-30,8.112930037463741,0.8607370769091486,0.1392629230908514,rising,0.9,0.1
1978-10-31,7.686963405626208,0.8607370769091486,0.1392629230908514,rising,0.9,0.1
1978-11-30,7.046306039403197,0.8607370769091486,0.1392629230908514,rising,0.9,0.1
1978-12-31,6.993596132963255,0.8607370769091486,0.1392629230908514,rising,0.9,0.1
1979-01-31,7.061658258812255,0.8607370769091486,0.1392629230908514,rising,0.9,0.1
1979-02-28,6.748615832453012,0.8607370769091486,0.1392629230908514,rising,0.9,0.1
1979-03-31,6.697618276145327,0.8607370769091486,0.1392629230908514,rising,0.9,0.1
1979-04-30,6.70940082324333,0.8607370769091486,0.1392629230908514,rising,0.9,0.1
1979-05-31,6.433046311746174,0.8607370769091486,0.1392629230908514,rising,0.9,0.1
1979-06-30,6.441422489404842,0.8607370769091486,0.1392629230908514,rising,0.9,0.1
1979-07-31,6.405470600815284,0.8607370769091486,0.1392629230908514,rising,0.9,0.1
1979-08-31,6.597947551161302,0.8607370769091486,0.1392629230908514,rising,0.9,0.1
1979-09-30,6.572846693862662,0.8607370769091486,0.1392629230908514,rising,0.9,0.1
1979-10-31,6.291715273765067,0.8607370769091486,0.1392629230908514,rising,0.9,0.1
1979-11-30,6.211197943308259,0.8607370769091486,0.1392629230908514,rising,0.9,0.1
1979-12-31,6.423444190433314,0.8607370769091486,0.1392629230908514,rising,0.9,0.1
1980-01-31,6.5450468035468505,0.8607370769091486,0.1392629230908514,rising,0.9,0.1
1980-02-29,6.740300939821803,0.8607370769091486,0.1392629230908514,rising,0.9,0.1
1980-03-31,6.063274076652952,0.8607370769091486,0.1392629230908514,rising,0.9,0.1
1980-04-30,6.02717012303343,0.8607370769091486,0.1392629230908514,rising,0.9,0.1
1980-05-31,6.360616027245386,0.8607370769091486,0.1392629230908514,rising,0.9,0.1
1980-06-30,6.830959161206806,0.8607370769091486,0.1392629230908514,rising,0.9,0.1
1980-07-31,7.19693352674185,0.8607370769091486,0.1392629230908514,rising,0.9,0.1
1980-08-31,7.487020031808022,0.8607370769091486,0.1392629230908514,rising,0.9,0.1
1980-09-30,7.751080639589016,0.8607370769091486,0.1392629230908514,rising,0.9,0.1
1980-10-31,7.961113826729445,0.8607370769091486,0.1392629230908514,rising,0.9,0.1
1980-11-30,8.291375969840303,0.8607370769091486,0.1392629230908514,rising,0.9,0.1
1980-12-31,8.138378419579643,0.8607370769091486,0.1392629230908514,rising,0.9,0.1
1981-01-31,8.154915163264642,0.8607370769091486,0.1392629230908514,rising,0.9,0.1
1981-02-28,7.91582789680747,0.8607370769091486,0.1392629230908514,rising,0.9,0.1
1981-03-31,8.25680429173168,0.8607370769091486,0.1392629230908514,rising,0.9,0.1
1981-04-30,8.250103507706186,0.8607370769091486,0.1392629230908514,rising,0.9,0.1
1981-05-31,8.006385315604312,0.8607370769091486,0.1392629230908514,rising,0.9,0.1
1981-06-30,7.9660759341956,0.8607370769091486,0.1392629230908514,rising,0.9,0.1
1981-07-31,7.728754409999692,0.8607370769091486,0.1392629230908514,rising,0.9,0.1
1981-08-31,7.714434896811636,0.8607370769091486,0.1392629230908514,rising,0.9,0.1
1981-09-30,7.001820896357501,0.8607370769091486,0.1392629230908514,rising,0.9,0.1
1981-10-31,7.098010743392285,0.8607370769091486,0.1392629230908514,rising,0.9,0.1
1981-11-30,7.375344571046167,0.8607370769091486,0.1392629230908514,rising,0.9,0.1
1981-12-31,7.562822659602912,0.8607370769091486,0.1392629230908514,rising,0.9,0.1
1982-01-31,7.3999703721856225,0.8607370769091486,0.1392629230908514,rising,0.9,0.1
1982-02-28,7.327517293444509,0.8607370769091486,0.1392629230908514,rising,0.9,0.1
1982-03-31,7.189941849514378,0.8607370769091486,0.1392629230908514,rising,0.9,0.1
1982-04-30,7.677355207589935,0.8607370769091486,0.1392629230908514,rising,0.9,0.1
1982-05-31,7.826276748490386,0.8607370769091486,0.1392629230908514,rising,0.9,0.1
1982-06-30,7.516902221887184,0.8607370769091486,0.1392629230908514,rising,0.9,0.1
1982-07-31,7.624001472690795,0.8607370769091486,0.1392629230908514,rising,0.9,0.1
1982-08-31,7.793354669189988,0.8607370769091486,0.1392629230908514,rising,0.9,0.1
1982-09-30,8.826482631092325,0.8607370769091486,0.1392629230908514,rising,0.9,0.1
1982-10-31,9.84419224287291,0.8607370769091486,0.1392629230908514,rising,0.9,0.1
1982-11-30,10.515564095206452,0.8607370769091486,0.1392629230908514,rising,0.9,0.1
1982-12-31,10.993500170918631,0.8607370769091486,0.1392629230908514,rising,0.9,0.1
1983-01-31,11.47978771980676,0.8607370769091486,0.1392629230908514,rising,0.9,0.1
1983-02-28,11.7606003133533,0.8607370769091486,0.1392629230908514,rising,0.9,0.1
1983-03-31,12.254718237407827,0.8607370769091486,0.1392629230908514,rising,0.9,0.1
1983-04-30,12.711354748137778,0.8607370769091486,0.1392629230908514,rising,0.9,0.1
1983-05-31,13.226830703997493,0.8607370769091486,0.1392629230908514,rising,0.9,0.1
1983-06-30,13.394129301699405,0.8607370769091486,0.1392629230908514,rising,0.9,0.1
1983-07-31,13.270119071844352,0.8607370769091486,0.1392629230908514,rising,0.9,0.1
1983-08-31,12.807111381350332,0.8607370769091486,0.1392629230908514,rising,0.9,0.1
1983-09-30,12.955659202954305,0.8607370769091486,0.1392629230908514,rising,0.9,0.1
1983-10-31,12.760962933657954,0.8607370769091486,0.1392629230908514,rising,0.9,0.1
1983-11-30,12.348795563755086,0.8607370769091486,0.1392629230908514,rising,0.9,0.1
1983-12-31,12.075886582939008,0.8607370769091486,0.1392629230908514,rising,0.9,0.1
1984-01-31,11.875749055339632,0.8607370769091486,0.1392629230908514,rising,0.9,0.1
1984-02-29,10.872510373945644,0.8607370769091486,0.1392629230908514,rising,0.9,0.1
1984-03-31,10.487271861383292,0.8607370769091486,0.1392629230908514,rising,0.9,0.1
1984-04-30,10.244013322407362,0.8607370769091486,0.1392629230908514,rising,0.9,0.1
1984-05-31,9.927691824637208,0.8607370769091486,0.1392629230908514,rising,0.9,0.1
1984-06-30,9.474659065931483,0.8607370769091486,0.1392629230908514,rising,0.9,0.1
1984-07-31,9.282131678468676,0.8607370769091486,0.1392629230908514,rising,0.9,0.1
1984-08-31,10.025439377406274,0.8607370769091486,0.1392629230908514,rising,0.9,0.1
1984-09-30,10.05570942383564,0.8607370769091486,0.1392629230908514,rising,0.9,0.1
1984-10-31,9.960947080471426,0.8607370769091486,0.1392629230908514,rising,0.9,0.1
1984-11-30,10.035517136647526,0.8607370769091486,0.1392629230908514,rising,0.9,0.1
1984-12-31,9.910966211438293,0.8607370769091486,0.1392629230908514,rising,0.9,0.1
1985-01-31,10.390750555140317,0.8607370769091486,0.1392629230908514,rising,0.9,0.1
1985-02-28,11.00934228947931,0.8607370769091486,0.1392629230908514,rising,0.9,0.1
1985-03-31,10.932259046628923,0.8607370769091486,0.1392629230908514,rising,0.9,0.1
1985-04-30,10.938320560472352,0.8607370769091486,0.1392629230908514,rising,0.9,0.1
1985-05-31,11.324604136563204,0.8607370769091486,0.1392629230908514,rising,0.9,0.1
1985-06-30,11.76229588879251,0.8607370769091486,0.1392629230908514,rising,0.9,0.1
1985-07-31,12.084543532913838,0.8607370769091486,0.1392629230908514,rising,0.9,0.1
1985-08-31,11.918331617309198,0.8607370769091486,0.1392629230908514,rising,0.9,0.1
1985-09-30,11.749433579244874,0.8607370769091486,0.1392629230908514,rising,0.9,0.1
1985-10-31,12.046957611158383,0.8607370769091486,0.1392629230908514,rising,0.9,0.1
1985-11-30,12.956230257355289,0.8607370769091486,0.1392629230908514,rising,0.9,0.1
1985-12-31,13.791519934106711,0.8607370769091486,0.1392629230908514,rising,0.9,0.1
1986-01-31,13.879897102337274,0.8607370769091486,0.1392629230908514,rising,0.9,0.1
1986-02-28,14.6567160857112,0.8607370769091486,0.1392629230908514,rising,0.9,0.1
1986-03-31,15.550545874122282,0.8607370769091486,0.1392629230908514,rising,0.9,0.1
1986-04-30,15.862958659506807,0.8607370769091486,0.1392629230908514,rising,0.9,0.1
1986-05-31,15.82747522761337,0.8607370769091486,0.1392629230908514,rising,0.9,0.1
1986-06-30,16.20869017109673,0.8607370769091486,0.1392629230908514,rising,0.9,0.1
1986-07-31,15.82146883560835,0.8607370769091486,0.1392629230908514,rising,0.9,0.1
1986-08-31,16.086834326033614,0.8607370769091486,0.1392629230908514,rising,0.9,0.1
1986-09-30,15.597702549322902,0.8607370769091486,0.1392629230908514,rising,0.9,0.1
1986-10-31,15.83015577993091,0.8607370769091486,0.1392629230908514,rising,0.9,0.1
1986-11-30,16.851115533520144,0.8607370769091486,0.1392629230908514,rising,0.9,0.1
1986-12-31,17.37088502406361,0.8607370769091486,0.1392629230908514,rising,0.9,0.1
1987-01-31,18.221781552435683,0.8607370769091486,0.1392629230908514,rising,0.9,0.1
1987-02-28,19.083155307396645,0.8607370769091486,0.1392629230908514,rising,0.9,0.1
1987-03-31,19.5991982734889,0.8607370769091486,0.1392629230908514,rising,0.9,0.1
1987-04-30,19.680244019868358,0.8607370769091486,0.1392629230908514,rising,0.9,0.1
1987-05-31,19.97090237708133,0.8607370769091486,0.1392629230908514,rising,0.9,0.1
1987-06-30,21.22128777870984,0.8607370769091486,0.1392629230908514,rising,0.8425276339430664,0.1574723660569336
1987-07-31,21.173266257789354,0.8607370769091486,0.1392629230908514,rising,0.8447874702216774,0.1552125297783225
1987-08-31,21.789116474698503,0.8607370769091486,0.1392629230908514,rising,0.8158062835435999,0.1841937164564001
1987-09-30,20.443311283820144,0.8607370769091486,0.1392629230908514,rising,0.8791382925261109,0.1208617074738891
1987-10-31,17.3747776300931,0.8607370769091486,0.1392629230908514,rising,0.9,0.1
1987-11-30,14.702263368632066,0.8607370769091486,0.1392629230908514,rising,0.9,0.1
1987-12-31,14.010426462449129,0.8607370769091486,0.1392629230908514,rising,0.9,0.1
1988-01-31,14.26653149026015,0.8607370769091486,0.1392629230908514,rising,0.9,0.1
1988-02-29,14.406295548379449,0.8607370769091486,0.1392629230908514,rising,0.9,0.1
1988-03-31,14.540673597274406,0.8607370769091486,0.1392629230908514,rising,0.9,0.1
1988-04-30,13.618871821230853,0.8607370769091486,0.1392629230908514,rising,0.9,0.1
1988-05-31,12.612760283914774,0.8607370769091486,0.1392629230908514,rising,0.9,0.1
1988-06-30,12.648047898800032,0.8607370769091486,0.1392629230908514,rising,0.9,0.1
1988-07-31,12.278648520821998,0.8607370769091486,0.1392629230908514,rising,0.9,0.1
1988-08-31,11.774988231052454,0.8607370769091486,0.1392629230908514,rising,0.9,0.1
1988-09-30,11.704925626060104,0.8607370769091486,0.1392629230908514,rising,0.9,0.1
1988-10-31,11.910458895941012,0.8607370769091486,0.1392629230908514,rising,0.9,0.1
1988-11-30,11.361509578857776,0.8607370769091486,0.1392629230908514,rising,0.9,0.1
1988-12-31,11.352567871624494,0.8607370769091486,0.1392629230908514,rising,0.9,0.1
1989-01-31,11.368617998861549,0.8607370769091486,0.1392629230908514,rising,0.9,0.1
1989-02-28,11.472564578816002,0.8607370769091486,0.1392629230908514,rising,0.9,0.1
1989-03-31,10.808528028252304,0.8607370769091486,0.1392629230908514,rising,0.9,0.1
1989-04-30,10.77780812643007,0.8607370769091486,0.1392629230908514,rising,0.9,0.1
1989-05-31,10.714691127001664,0.8607370769091486,0.1392629230908514,rising,0.9,0.1
1989-06-30,10.87716232745064,0.8607370769091486,0.1392629230908514,rising,0.9,0.1
1989-07-31,11.382888969675353,0.8607370769091486,0.1392629230908514,rising,0.9,0.1
1989-08-31,12.13755427931083,0.8607370769091486,0.1392629230908514,rising,0.9,0.1
1989-09-30,12.423893368438376,0.8607370769091486,0.1392629230908514,rising,0.9,0.1
1989-10-31,12.56714687348269,0.8607370769091486,0.1392629230908514,rising,0.9,0.1
1989-11-30,12.446632593186754,0.8607370769091486,0.1392629230908514,rising,0.9,0.1
1989-12-31,12.917522029451655,0.8607370769091486,0.1392629230908514,rising,0.9,0.1
1990-01-31,12.81059001740887,0.8607370769091486,0.1392629230908514,rising,0.9,0.1
1990-02-28,12.683078481945468,0.8607370769091486,0.1392629230908514,rising,0.9,0.1
1990-03-31,13.236294807317776,0.8607370769091486,0.1392629230908514,rising,0.9,0.1
1990-04-30,13.309303280917606,0.8607370769091486,0.1392629230908514,rising,0.9,0.1
1990-05-31,13.87232769063945,0.8607370769091486,0.1392629230908514,rising,0.9,0.1
1990-06-30,14.365722212478277,0.8607370769091486,0.1392629230908514,rising,0.9,0.1
1990-07-31,14.244172245169253,0.8607370769091486,0.1392629230908514,rising,0.9,0.1
1990-08-31,12.98872150924428,0.8607370769091486,0.1392629230908514,rising,0.9,0.1
1990-09-30,12.295152261706145,0.8607370769091486,0.1392629230908514,rising,0.9,0.1
1990-10-31,12.045855518921352,0.8607370769091486,0.1392629230908514,rising,0.9,0.1
1990-11-30,12.48636813287536,0.8607370769091486,0.1392629230908514,rising,0.9,0.1
1990-12-31,13.351928822596957,0.8607370769091486,0.1392629230908514,rising,0.9,0.1
1991-01-31,13.757681863728724,0.8607370769091486,0.1392629230908514,rising,0.9,0.1
1991-02-28,16.004120076674276,0.8607370769091486,0.1392629230908514,rising,0.9,0.1
1991-03-31,17.113763722372557,0.8607370769091486,0.1392629230908514,rising,0.9,0.1
1991-04-30,18.423901717480764,0.8607370769091486,0.1392629230908514,rising,0.9,0.1
1991-05-31,19.414238622692498,0.8607370769091486,0.1392629230908514,rising,0.9,0.1
1991-06-30,20.177665586956767,0.8607370769091486,0.1392629230908514,rising,0.8916392664961522,0.1083607335038477
1991-07-31,20.958631914717824,0.8607370769091486,0.1392629230908514,rising,0.8548879098956319,0.1451120901043681
1991-08-31,22.32752456619368,0.8087212487135715,0.1912787512864284,rising,0.7904694321791209,0.2095305678208791
1991-09-30,22.98829184351976,0.8087212487135715,0.1912787512864284,rising,0.7593745014814232,0.2406254985185768
1991-10-31,23.885358429723045,0.7487967978476897,0.2512032021523103,rising,0.7171596033071508,0.2828403966928492
1991-11-30,24.931998800698597,0.6934340129248686,0.3065659870751314,rising,0.6679059387906544,0.3320940612093456
1991-12-31,26.12614153507537,0.6399215973634741,0.3600784026365259,rising,0.6117109865846887,0.3882890134153113
1992-01-31,27.94399959452629,0.5693461264425346,0.4306538735574654,rising,0.5261647249634688,0.4738352750365312
1992-02-29,27.61928069958436,0.5693461264425346,0.4306538735574654,rising,0.5414456141372065,0.4585543858627935
1992-03-31,27.297757846927592,0.5693461264425346,0.4306538735574654,rising,0.5565761013210545,0.4434238986789455
1992-04-30,26.950819657706557,0.5693461264425346,0.4306538735574654,rising,0.572902604343221,0.4270973956567789
1992-05-31,27.165662038860926,0.5693461264425346,0.4306538735574654,rising,0.5627923746418387,0.4372076253581612
1992-06-30,26.66207715629959,0.5693461264425346,0.4306538735574654,rising,0.5864904867623724,0.4135095132376276
1992-07-31,26.671267775333483,0.5693461264425346,0.4306538735574654,rising,0.5860579870431302,0.4139420129568698
1992-08-31,26.355908997457156,0.5693461264425346,0.4306538735574654,rising,0.6008984001196633,0.3991015998803366
1992-09-30,25.907838871928536,0.6219840530857159,0.3780159469142841,rising,0.6219840530857159,0.3780159469142841
1992-10-31,25.051586648635148,0.6219840530857159,0.3780159469142841,rising,0.662278275358346,0.3377217246416539
1992-11-30,25.199939096869883,0.6219840530857159,0.3780159469142841,rising,0.6552969836767114,0.3447030163232886
1992-12-31,25.48677204158597,0.6219840530857159,0.3780159469142841,rising,0.6417989627488954,0.3582010372511046
1993-01-31,25.133638661251844,0.6219840530857159,0.3780159469142841,rising,0.6584170041763838,0.3415829958236162
1993-02-28,25.02571673815695,0.6219840530857159,0.3780159469142841,rising,0.6634956829102611,0.3365043170897389
1993-03-31,24.83612543523737,0.673173460408905,0.326826539591095,rising,0.6724176265770647,0.3275823734229353
1993-04-30,24.499958030430086,0.673173460408905,0.326826539591095,rising,0.6882372691562313,0.3117627308437687
1993-05-31,24.754699656913623,0.673173460408905,0.326826539591095,rising,0.676249427909947,0.323750572090053
1993-06-30,25.080573359387515,0.673173460408905,0.326826539591095,rising,0.6609141948523523,0.3390858051476477
1993-07-31,24.48817620882235,0.673173460408905,0.326826539591095,rising,0.6887917078201248,0.3112082921798752
1993-08-31,24.32351086680616,0.673173460408905,0.326826539591095,rising,0.6965406650914749,0.303459334908525
1993-09-30,24.04255180416206,0.673173460408905,0.326826539591095,rising,0.7097622680394325,0.2902377319605674
1993-10-31,23.530127242027667,0.7279708526998885,0.2720291473001115,rising,0.7338763650810509,0.2661236349189491
1993-11-30,22.848789333380253,0.7279708526998885,0.2720291473001115,rising,0.765939325487988,0.2340606745120119
1993-12-31,22.23156098368089,0.7784476850799522,0.2215523149200478,rising,0.7949853654738407,0.2050146345261593
1994-01-31,22.09365965614928,0.7784476850799522,0.2215523149200478,rising,0.8014748397106223,0.1985251602893777
1994-02-28,21.62774030355609,0.7784476850799522,0.2215523149200478,rising,0.8234004563032428,0.1765995436967572
1994-03-31,20.03685859588472,0.8982654778407191,0.1017345221592809,rising,0.8982654778407191,0.1017345221592809
1994-04-30,17.492031143174334,0.8982654778407191,0.1017345221592809,rising,0.9,0.1
1994-05-31,16.373461146309808,0.8982654778407191,0.1017345221592809,rising,0.9,0.1
1994-06-30,15.952150452611194,0.8982654778407191,0.1017345221592809,rising,0.9,0.1
1994-07-31,15.387242857883887,0.8982654778407191,0.1017345221592809,rising,0.9,0.1
1994-08-31,15.393542050543758,0.8982654778407191,0.1017345221592809,rising,0.9,0.1
1994-09-30,15.06608530482281,0.8982654778407191,0.1017345221592809,rising,0.9,0.1
1994-10-31,14.359902050244289,0.8982654778407191,0.1017345221592809,rising,0.9,0.1
1994-11-30,13.694130269933556,0.8982654778407191,0.1017345221592809,rising,0.9,0.1
1994-12-31,12.994899087944386,0.8982654778407191,0.1017345221592809,rising,0.9,0.1
1995-01-31,13.000315624823775,0.8982654778407191,0.1017345221592809,rising,0.9,0.1
1995-02-28,13.185200963287716,0.8982654778407191,0.1017345221592809,rising,0.9,0.1
1995-03-31,13.142796190826504,0.8982654778407191,0.1017345221592809,rising,0.9,0.1
1995-04-30,13.101715711763156,0.8982654778407191,0.1017345221592809,rising,0.9,0.1
1995-05-31,13.132054552692102,0.8982654778407191,0.1017345221592809,rising,0.9,0.1
1995-06-30,13.275523415232088,0.8982654778407191,0.1017345221592809,rising,0.9,0.1
1995-07-31,13.620168905049558,0.8982654778407191,0.1017345221592809,rising,0.9,0.1
1995-08-31,13.564902201497429,0.8982654778407191,0.1017345221592809,rising,0.9,0.1
1995-09-30,13.942099228182425,0.8982654778407191,0.1017345221592809,rising,0.9,0.1
1995-10-31,14.20630196156246,0.8982654778407191,0.1017345221592809,rising,0.9,0.1
1995-11-30,14.68533320563121,0.8982654778407191,0.1017345221592809,rising,0.9,0.1
1995-12-31,15.336337865085545,0.8982654778407191,0.1017345221592809,rising,0.9,0.1
1996-01-31,15.32054936943679,0.8982654778407191,0.1017345221592809,rising,0.9,0.1
1996-02-29,16.183599566012237,0.8982654778407191,0.1017345221592809,rising,0.9,0.1
1996-03-31,16.10941265510168,0.8982654778407191,0.1017345221592809,rising,0.9,0.1
1996-04-30,15.975798209798224,0.8982654778407191,0.1017345221592809,rising,0.9,0.1
1996-05-31,16.186146931821522,0.8982654778407191,0.1017345221592809,rising,0.9,0.1
1996-06-30,16.228170258631156,0.8982654778407191,0.1017345221592809,rising,0.9,0.1
1996-07-31,15.474084758111806,0.8982654778407191,0.1017345221592809,rising,0.9,0.1
1996-08-31,15.758844683682357,0.8982654778407191,0.1017345221592809,rising,0.9,0.1
1996-09-30,15.887005649717516,0.8982654778407191,0.1017345221592809,rising,0.9,0.1
1996-10-31,16.105598133802335,0.8982654778407191,0.1017345221592809,rising,0.9,0.1
1996-11-30,16.48464179117855,0.8982654778407191,0.1017345221592809,rising,0.9,0.1
1996-12-31,16.263177933279945,0.8982654778407191,0.1017345221592809,rising,0.9,0.1
1997-01-31,16.550710316258066,0.8982654778407191,0.1017345221592809,rising,0.9,0.1
1997-02-28,17.027123412745755,0.8982654778407191,0.1017345221592809,rising,0.9,0.1
1997-03-31,16.682953128685515,0.8982654778407191,0.1017345221592809,rising,0.9,0.1
1997-04-30,16.04723225627913,0.8982654778407191,0.1017345221592809,rising,0.9,0.1
1997-05-31,17.478244208256143,0.8982654778407191,0.1017345221592809,rising,0.9,0.1
1997-06-30,18.429488812836755,0.8982654778407191,0.1017345221592809,rising,0.9,0.1
1997-07-31,19.516926244858524,0.8982654778407191,0.1017345221592809,rising,0.9,0.1
1997-08-31,19.571179566549347,0.8982654778407191,0.1017345221592809,rising,0.9,0.1
1997-09-30,19.81753135250033,0.8982654778407191,0.1017345221592809,rising,0.9,0.1
1997-10-31,20.3814091168215,0.8982654778407191,0.1017345221592809,rising,0.8820513356789882,0.1179486643210118
1997-11-30,20.350410229314424,0.8982654778407191,0.1017345221592809,rising,0.8835101068557919,0.1164898931442081
1997-12-31,21.12946457912197,0.846848725688378,0.153151274311622,rising,0.846848725688378,0.153151274311622
1998-01-31,21.309403421469177,0.846848725688378,0.153151274311622,rising,0.838381015460274,0.161618984539726
1998-02-28,22.766312649769464,0.7884637895531982,0.2115362104468018,rising,0.7698205811873193,0.2301794188126806
1998-03-31,24.25856929277954,0.7359735563434369,0.2640264436565631,rising,0.6995967391633158,0.3004032608366842
1998-04-30,25.467827461263195,0.6837935152355995,0.3162064847644005,rising,0.6426904724111437,0.3573095275888562
1998-05-31,25.743097698877133,0.6320799144478974,0.3679200855521026,rising,0.6297365788763702,0.3702634211236297
1998-06-30,26.043538844986223,0.6320799144478974,0.3679200855521026,rising,0.6155981720006484,0.3844018279993516
1998-07-31,27.700069385868048,0.5810626904667666,0.4189373095332334,rising,0.5376437936062095,0.4623562063937905
1998-08-31,26.27238176198052,0.5810626904667666,0.4189373095332334,rising,0.6048290935538579,0.395170906446142
1998-09-30,25.25353501667357,0.6405912524612629,0.3594087475387371,rising,0.6527748227447732,0.3472251772552268
1998-10-31,25.812778485335684,0.6405912524612629,0.3594087475387371,rising,0.6264574830430267,0.3735425169569732
1998-11-30,28.96088179544372,0.5144247014527021,0.4855752985472978,rising,0.4783114449202956,0.5216885550797044
1998-12-31,30.531816547377648,0.4043851036528165,0.5956148963471835,rising,0.4043851036528165,0.5956148963471835
1999-01-31,32.116071657618235,0.3478496373494726,0.6521503626505274,rising,0.329831921994436,0.670168078005564
1999-02-28,31.90929919491084,0.3478496373494726,0.6521503626505274,rising,0.3395623908277253,0.6604376091722747
1999-03-31,32.6702022896558,0.3478496373494726,0.6521503626505274,rising,0.3037551863691389,0.6962448136308611
1999-04-30,33.38771122258577,0.2956323100033772,0.7043676899966228,rising,0.2699900601136107,0.7300099398863893
1999-05-31,32.62741568902307,0.2956323100033772,0.7043676899966228,rising,0.305768673457738,0.6942313265422619
1999-06-30,31.61433150025301,0.3534432235175054,0.6465567764824945,rising,0.3534432235175054,0.6465567764824945
1999-07-31,32.1250317678,0.3534432235175054,0.6465567764824945,rising,0.3294102697505885,0.6705897302494115
1999-08-31,30.13018365621052,0.423285475001858,0.576714524998142,rising,0.423285475001858,0.576714524998142
1999-09-30,29.143173039207497,0.423285475001858,0.576714524998142,rising,0.469733033449059,0.530266966550941
1999-10-31,27.579822272673127,0.5433024812859705,0.4566975187140295,rising,0.5433024812859705,0.4566975187140295
1999-11-30,28.624667009143668,0.5433024812859705,0.4566975187140295,rising,0.4941333172167685,0.5058666827832314
1999-12-31,28.543554101918176,0.5433024812859705,0.4566975187140295,rising,0.4979503952038506,0.5020496047961494
2000-01-31,27.944243846527165,0.5433024812859705,0.4566975187140295,rising,0.5261532307516628,0.4738467692483372
2000-02-29,26.720138126958,0.5433024812859705,0.4566975187140295,rising,0.5837582057902119,0.4162417942097881
2000-03-31,27.241689826289573,0.5433024812859705,0.4566975187140295,rising,0.5592145964099025,0.4407854035900975
2000-04-30,27.42934222313892,0.5433024812859705,0.4566975187140295,rising,0.5503838953816979,0.4496161046183021
2000-05-31,26.457652059641923,0.5961104913109683,0.4038895086890317,rising,0.5961104913109683,0.4038895086890317
2000-06-30,27.098829720660408,0.5961104913109683,0.4038895086890317,rising,0.5659374249100985,0.4340625750899015
2000-07-31,26.994972536396208,0.5961104913109683,0.4038895086890317,rising,0.5708248218166491,0.4291751781833509
2000-08-31,26.919168955087244,0.5961104913109683,0.4038895086890317,rising,0.574392049172365,0.425607950827635
2000-09-30,26.309723941883654,0.5961104913109683,0.4038895086890317,rising,0.6030718144995928,0.3969281855004072
2000-10-31,25.499096715550984,0.5961104913109683,0.4038895086890317,rising,0.6412189780917185,0.3587810219082815
2000-11-30,25.88564200652691,0.5961104913109683,0.4038895086890317,rising,0.6230286114575572,0.3769713885424428
2000-12-31,25.465094644816755,0.5961104913109683,0.4038895086890317,rising,0.6428190755380351,0.3571809244619649
2001-01-31,26.3562512335482,0.5961104913109683,0.4038895086890317,rising,0.6008822948918496,0.3991177051081503
2001-02-28,26.600636637479543,0.5961104913109683,0.4038895086890317,rising,0.5893818052950802,0.4106181947049198
2001-03-31,24.9661467958594,0.6470696820581442,0.3529303179418558,rising,0.666298974312499,0.333701025687501
2001-04-30,26.747367560993176,0.5824768206591446,0.4175231793408553,rising,0.5824768206591446,0.4175231793408553
2001-05-31,30.6331475368134,0.399616586502899,0.600383413497101,rising,0.399616586502899,0.600383413497101
2001-06-30,32.210683487089746,0.3439388470813806,0.6560611529186193,rising,0.3253796006075413,0.6746203993924587
2001-07-31,33.926460522988684,0.2850083762334486,0.7149916237665513,rising,0.2446371518593559,0.755362848140644
2001-08-31,36.20908530446074,0.1640739242779894,0.8359260757220106,rising,0.1372195150842002,0.8627804849157997
2001-09-30,35.300988478077606,0.1640739242779894,0.8359260757220106,rising,0.1799534833845832,0.8200465166154167
2001-10-31,38.00036076418862,0.0999999999999999,0.9,falling,0.0999999999999999,0.9
2001-11-30,41.732236300004864,0.0999999999999999,0.9,falling,0.0999999999999999,0.9
2001-12-31,44.362695854797785,0.0999999999999999,0.9,falling,0.0999999999999999,0.9
2002-01-31,44.17384583360985,0.0999999999999999,0.9,falling,0.0999999999999999,0.9
2002-02-28,42.63623761672399,0.0999999999999999,0.9,falling,0.0999999999999999,0.9
2002-03-31,44.68789540247985,0.0999999999999999,0.9,falling,0.0999999999999999,0.9
2002-04-30,41.91272660283858,0.0999999999999999,0.9,falling,0.0999999999999999,0.9
2002-05-31,39.68911141535375,0.0999999999999999,0.9,falling,0.0999999999999999,0.9
2002-06-30,36.76149142439888,0.0999999999999999,0.9,falling,0.0999999999999999,0.9
2002-07-31,33.07704916102046,0.0999999999999999,0.9,falling,0.0999999999999999,0.9
2002-08-31,33.715409359913465,0.0999999999999999,0.9,falling,0.0999999999999999,0.9
2002-09-30,31.081238261447304,0.0999999999999999,0.9,falling,0.0999999999999999,0.9
2002-10-31,31.464582425661856,0.0999999999999999,0.9,falling,0.0999999999999999,0.9
2002-11-30,34.46365222935329,0.0999999999999999,0.9,falling,0.0999999999999999,0.9
2002-12-31,35.064570901505654,0.0999999999999999,0.9,falling,0.0999999999999999,0.9
2003-01-31,33.81887688583357,0.0999999999999999,0.9,falling,0.0999999999999999,0.9
2003-02-28,30.621015540130752,0.0999999999999999,0.9,falling,0.0999999999999999,0.9
2003-03-31,30.042636776480503,0.0999999999999999,0.9,falling,0.0999999999999999,0.9
2003-04-30,30.17923063413783,0.0999999999999999,0.9,falling,0.0999999999999999,0.9
2003-05-31,30.38633876066536,0.0999999999999999,0.9,falling,0.0999999999999999,0.9
2003-06-30,30.76681098441776,0.0999999999999999,0.9,falling,0.0999999999999999,0.9
2003-07-31,29.75142805835921,0.0999999999999999,0.9,falling,0.0999999999999999,0.9
2003-08-31,28.591158881685768,0.0999999999999999,0.9,falling,0.0999999999999999,0.9
2003-09-30,28.429749782326738,0.0999999999999999,0.9,falling,0.0999999999999999,0.9
2003-10-31,26.63003823747525,0.0999999999999999,0.9,falling,0.1174099652952821,0.8825900347047179
2003-11-30,24.906477751136467,0.157964329679724,0.8420356703202759,falling,0.1985186940641662,0.8014813059358338
2003-12-31,23.85443335614264,0.2108956869464465,0.7891043130535534,falling,0.2480266655932875,0.7519733344067124
2004-01-31,24.45443517716982,0.2108956869464465,0.7891043130535534,falling,0.2197912857802437,0.7802087142197562
2004-02-29,23.762044901160607,0.2108956869464465,0.7891043130535534,falling,0.2523743575924421,0.7476256424075579
2004-03-31,20.32946533412266,0.3861874107400069,0.613812589259993,falling,0.4139075136883454,0.5860924863116546
2004-04-30,19.564157807257764,0.4378992956122509,0.5621007043877491,falling,0.4499219855408111,0.5500780144591889
2004-05-31,18.314212496411624,0.4950003812028172,0.5049996187971828,falling,0.5087429413453354,0.4912570586546646
2004-06-30,17.98072393501299,0.4950003812028172,0.5049996187971828,falling,0.5244365207052711,0.4755634792947288
2004-07-31,16.835648207122624,0.5515257643050602,0.4484742356949398,falling,0.5783224373118765,0.4216775626881235
2004-08-31,16.124943359681573,0.6057294595548773,0.3942705404451226,falling,0.6117673713091025,0.3882326286908975
2004-09-30,16.39552521248786,0.6057294595548773,0.3942705404451226,falling,0.5990341076476301,0.4009658923523699
2004-10-31,16.315494323508883,0.6057294595548773,0.3942705404451226,falling,0.6028002671289938,0.3971997328710062
2004-11-30,16.99480388821527,0.6057294595548773,0.3942705404451226,falling,0.5708327582016344,0.4291672417983656
2004-12-31,17.35746645630998,0.5537662844089422,0.4462337155910578,falling,0.5537662844089422,0.4462337155910578
2005-01-31,16.938781557425628,0.5537662844089422,0.4462337155910578,falling,0.5734691031799705,0.4265308968200295
2005-02-28,17.039537290692316,0.5537662844089422,0.4462337155910578,falling,0.568727656908597,0.431272343091403
2005-03-31,16.815461950250217,0.5537662844089422,0.4462337155910578,falling,0.5792723788117545,0.4207276211882454
2005-04-30,16.11548859138426,0.6039773208893765,0.3960226791106235,falling,0.6122123015819172,0.3877876984180828
2005-05-31,16.041700324751353,0.6039773208893765,0.3960226791106235,falling,0.6156846905999362,0.3843153094000637
2005-06-30,16.10584780593408,0.6039773208893765,0.3960226791106235,falling,0.6126659856031023,0.3873340143968977
2005-07-31,16.10129970728263,0.6039773208893765,0.3960226791106235,falling,0.6128800137749351,0.3871199862250649
2005-08-31,15.864173534442548,0.6039773208893765,0.3960226791106235,falling,0.6240388924968212,0.3759611075031788
2005-09-30,15.629836832214355,0.6039773208893765,0.3960226791106235,falling,0.6350665020134421,0.3649334979865579
2005-10-31,14.945045024712815,0.6592356246311435,0.3407643753688565,falling,0.6672919988370439,0.332708001162956
2005-11-30,15.261514249276622,0.6592356246311435,0.3407643753688565,falling,0.652399329445806,0.3476006705541939
2005-12-31,15.31649502302201,0.6592356246311435,0.3407643753688565,falling,0.6498119989166113,0.3501880010833886
2006-01-31,15.31111229961038,0.6592356246311435,0.3407643753688565,falling,0.6500653035477468,0.3499346964522531
2006-02-28,15.084446432974165,0.6592356246311435,0.3407643753688565,falling,0.6607319325659218,0.3392680674340782
2006-03-31,15.087241372072034,0.6592356246311435,0.3407643753688565,falling,0.6606004060201396,0.3393995939798604
2006-04-30,15.059826661125664,0.6592356246311435,0.3407643753688565,falling,0.6618905100646746,0.3381094899353254
2006-05-31,14.796690460987891,0.6592356246311435,0.3407643753688565,falling,0.6742733900711579,0.325726609928842
2006-06-30,14.257061009212933,0.6592356246311435,0.3407643753688565,falling,0.6996677172135091,0.3003322827864909
2006-07-31,14.080421885299936,0.6592356246311435,0.3407643753688565,falling,0.7079801465741207,0.2920198534258793
2006-08-31,14.12776952138017,0.6592356246311435,0.3407643753688565,falling,0.7057520225232862,0.2942479774767138
2006-09-30,14.213170593856717,0.6592356246311435,0.3407643753688565,falling,0.7017331485243898,0.2982668514756101
2006-10-31,14.52428384237608,0.6592356246311435,0.3407643753688565,falling,0.687092525064655,0.312907474935345
2006-11-30,14.613356007972609,0.6592356246311435,0.3407643753688565,falling,0.6829008937424655,0.3170991062575344
2006-12-31,14.72648671578199,0.6592356246311435,0.3407643753688565,falling,0.6775770957279064,0.3224229042720936
2007-01-31,14.70831442788262,0.6592356246311435,0.3407643753688565,falling,0.6784322622172885,0.3215677377827115
2007-02-28,14.822728457217426,0.6592356246311435,0.3407643753688565,falling,0.6730480726015329,0.3269519273984671
2007-03-31,14.342840508040409,0.6592356246311435,0.3407643753688565,falling,0.6956310349157455,0.3043689650842545
2007-04-30,14.825277592978516,0.6592356246311435,0.3407643753688565,falling,0.6729281132715993,0.3270718867284007
2007-05-31,15.20786151936369,0.6592356246311435,0.3407643753688565,falling,0.6549241637946499,0.3450758362053501
2007-06-30,15.147240216259904,0.6592356246311435,0.3407643753688565,falling,0.6577769309995339,0.342223069000466
2007-07-31,15.63307944749939,0.6592356246311435,0.3407643753688565,falling,0.6349139083529698,0.3650860916470302
2007-08-31,15.37945690234958,0.6592356246311435,0.3407643753688565,falling,0.646849086948255,0.3531509130517449
2007-09-30,16.293913555864613,0.6038158326651948,0.3961841673348052,falling,0.6038158326651948,0.3961841673348052
2007-10-31,17.729037997516286,0.5531637552699064,0.4468362447300936,falling,0.536280564822763,0.463719435177237
2007-11-30,17.918665837918677,0.5531637552699064,0.4468362447300936,falling,0.5273569017450034,0.4726430982549966
2007-12-31,19.292399438219253,0.4944939322556534,0.5055060677443466,falling,0.4627106146720352,0.5372893853279648
2008-01-31,18.569158744003897,0.4944939322556534,0.5055060677443466,falling,0.4967454708704049,0.5032545291295951
2008-02-29,18.888249834852736,0.4944939322556534,0.5055060677443466,falling,0.4817294195363418,0.5182705804636581
2008-03-31,18.989610665309183,0.4944939322556534,0.5055060677443466,falling,0.4769594981030971,0.5230405018969029
2008-04-30,20.83475067249319,0.4333505495219155,0.5666494504780845,falling,0.3901293801179675,0.6098706198820325
2008-05-31,22.54099181344589,0.3098356793672521,0.6901643206327479,falling,0.3098356793672521,0.6901643206327479
2008-06-30,22.80657165947205,0.3098356793672521,0.6901643206327479,falling,0.2973378042601389,0.7026621957398611
2008-07-31,22.158920938223872,0.3098356793672521,0.6901643206327479,falling,0.327815485260053,0.672184514739947
2008-08-31,23.44188619893589,0.3098356793672521,0.6901643206327479,falling,0.2674406494618404,0.7325593505381596
2008-09-30,23.14981906239508,0.3098356793672521,0.6901643206327479,falling,0.281184985299055,0.718815014700945
2008-10-31,23.828549934364915,0.2574888881041767,0.7425111118958233,falling,0.2492447089710628,0.7507552910289371
2008-11-30,30.66967355662616,0.0999999999999999,0.9,falling,0.0999999999999999,0.9
2008-12-31,52.01170816855785,0.0999999999999999,0.9,falling,0.0999999999999999,0.9
2009-01-31,60.0,0.0999999999999999,0.9,falling,0.0999999999999999,0.9
2009-02-28,60.0,0.0999999999999999,0.9,falling,0.0999999999999999,0.9
2009-03-31,60.0,0.0999999999999999,0.9,falling,0.0999999999999999,0.9
2009-04-30,60.0,0.0999999999999999,0.9,falling,0.0999999999999999,0.9
2009-05-31,60.0,0.0999999999999999,0.9,falling,0.0999999999999999,0.9
2009-06-30,60.0,0.0999999999999999,0.9,falling,0.0999999999999999,0.9
2009-07-31,60.0,0.0999999999999999,0.9,falling,0.0999999999999999,0.9
2009-08-31,60.0,0.0999999999999999,0.9,falling,0.0999999999999999,0.9
2009-09-30,60.0,0.0999999999999999,0.9,falling,0.0999999999999999,0.9
2009-10-31,49.549135630583606,0.0999999999999999,0.9,falling,0.0999999999999999,0.9
2009-11-30,33.54513503514614,0.0999999999999999,0.9,falling,0.0999999999999999,0.9
2009-12-31,25.629378296345028,0.164499844877881,0.835500155122119,falling,0.164499844877881,0.835500155122119
2010-01-31,24.348108740641223,0.2247948827933542,0.7752051172066458,falling,0.2247948827933542,0.7752051172066458
2010-02-28,22.24205356504692,0.2991262419319765,0.7008737580680234,falling,0.3239033616448508,0.6760966383551492
2010-03-31,22.24442706674004,0.2991262419319765,0.7008737580680234,falling,0.3237916674475276,0.6762083325524724
2010-04-30,22.36364994770135,0.2991262419319765,0.7008737580680234,falling,0.3181811789317011,0.6818188210682988
2010-05-31,20.349510582688467,0.3655726934025924,0.6344273065974075,falling,0.412964207873484,0.587035792126516
2010-06-30,18.99465240641711,0.4289037158296175,0.5710962841703825,falling,0.4767222396980183,0.5232777603019817
2010-07-31,18.494898687418285,0.4826016952156516,0.5173983047843483,falling,0.5002400617685513,0.4997599382314487
2010-08-31,18.202536872827118,0.4826016952156516,0.5173983047843483,falling,0.5139982648081358,0.4860017351918642
2010-09-30,18.37036066862036,0.4826016952156516,0.5173983047843483,falling,0.5061006744178655,0.4938993255821344
2010-10-31,18.7044295259154,0.4826016952156516,0.5173983047843483,falling,0.4903797870157458,0.5096202129842542
2010-11-30,18.67662637088734,0.4826016952156516,0.5173983047843483,falling,0.4916881707817722,0.5083118292182278
2010-12-31,18.883303547663413,0.4826016952156516,0.5173983047843483,falling,0.48196218599231,0.51803781400769
2011-01-31,19.18094198401364,0.4826016952156516,0.5173983047843483,falling,0.4679556713405348,0.5320443286594652
2011-02-28,19.430664127133536,0.4826016952156516,0.5173983047843483,falling,0.4562040410760689,0.5437959589239311
2011-03-31,18.87460481671453,0.4826016952156516,0.5173983047843483,falling,0.4823715380369631,0.5176284619630369
2011-04-30,18.31702698281057,0.4826016952156516,0.5173983047843483,falling,0.5086104949265612,0.4913895050734388
2011-05-31,13.66184722283661,0.6993265010931208,0.3006734989068792,falling,0.7276777777488654,0.2723222222511345
2011-06-30,13.007317620288056,0.7507788225446967,0.2492211774553032,falling,0.7584791708099738,0.2415208291900261
2011-07-31,13.226786740907931,0.7507788225446967,0.2492211774553032,falling,0.748151212192568,0.251848787807432
2011-08-31,11.687933909940655,0.8024636650502365,0.1975363349497635,falling,0.8205678160027926,0.1794321839972074
2011-09-30,11.437267869878523,0.8024636650502365,0.1975363349497635,falling,0.832363864946893,0.167636135053107
2011-10-31,11.763456325286532,0.8024636650502365,0.1975363349497635,falling,0.8170138199865162,0.1829861800134837
2011-11-30,11.951920228275617,0.8024636650502365,0.1975363349497635,falling,0.8081449304340887,0.1918550695659112
2011-12-31,12.118010545706182,0.8024636650502365,0.1975363349497635,falling,0.8003289154961797,0.1996710845038203
2012-01-31,12.599296304046252,0.8024636650502365,0.1975363349497635,falling,0.7776801739272352,0.2223198260727648
2012-02-29,13.023269697780878,0.8024636650502365,0.1975363349497635,falling,0.7577284848103116,0.2422715151896883
2012-03-31,13.297063856994637,0.7512862692993997,0.2487137307006003,falling,0.7448440537884877,0.2551559462115123
2012-04-30,13.301215222257756,0.7512862692993997,0.2487137307006003,falling,0.7446486954231644,0.2553513045768356
2012-05-31,12.898133272472467,0.7512862692993997,0.2487137307006003,falling,0.7636172577660014,0.2363827422339985
2012-06-30,12.756974753628109,0.7512862692993997,0.2487137307006003,falling,0.7702600115939715,0.2297399884060285
2012-07-31,13.177814273881868,0.7512862692993997,0.2487137307006003,falling,0.7504557988761474,0.2495442011238525
2012-08-31,13.675046835577891,0.7512862692993997,0.2487137307006003,falling,0.7270566195022169,0.2729433804977831
2012-09-30,14.141471539139808,0.7512862692993997,0.2487137307006003,falling,0.7051072216875385,0.2948927783124615
2012-10-31,14.086064414747742,0.7512862692993997,0.2487137307006003,falling,0.7077146157765768,0.2922853842234232
2012-11-30,13.66123769566762,0.7512862692993997,0.2487137307006003,falling,0.7277064613803472,0.2722935386196528
2012-12-31,13.932846011727849,0.7512862692993997,0.2487137307006003,falling,0.7149248935657483,0.2850751064342517
2013-01-31,14.435903703434038,0.6971699162114122,0.3028300837885878,falling,0.6912515904266335,0.3087484095733664
2013-02-28,14.680065412559236,0.6971699162114122,0.3028300837885878,falling,0.6797616276442712,0.3202383723557288
2013-03-31,14.985891811452756,0.6971699162114122,0.3028300837885878,falling,0.6653697971081056,0.3346302028918944
2013-04-30,15.03819387106639,0.6971699162114122,0.3028300837885878,falling,0.6629085237145228,0.3370914762854772
2013-05-31,15.991056483057363,0.6428088131771688,0.3571911868228312,falling,0.6180679302090653,0.3819320697909347
2013-06-30,15.854825868664909,0.6428088131771688,0.3571911868228312,falling,0.6244787826510632,0.3755212173489368
2013-07-31,16.316837553566785,0.6428088131771688,0.3571911868228312,falling,0.6027370563027395,0.3972629436972604
2013-08-31,16.344747160914313,0.6428088131771688,0.3571911868228312,falling,0.6014236630157971,0.3985763369842029
2013-09-30,16.418343320782984,0.6428088131771688,0.3571911868228312,falling,0.5979603143160949,0.4020396856839051
2013-10-31,16.400385308886836,0.6428088131771688,0.3571911868228312,falling,0.5988053972288547,0.4011946027711452
2013-11-30,16.66960352460042,0.5924708509767704,0.4075291490232295,falling,0.5861363047246861,0.4138636952753138
2013-12-31,16.56846593688611,0.5924708509767704,0.4075291490232295,falling,0.5908957206171243,0.4091042793828757
2014-01-31,16.66605523442999,0.5924708509767704,0.4075291490232295,falling,0.5863032830856475,0.4136967169143525
2014-02-28,16.58162438282415,0.5924708509767704,0.4075291490232295,falling,0.5902764996318047,0.4097235003681952
2014-03-31,16.969248086543352,0.5924708509767704,0.4075291490232295,falling,0.5720353841626657,0.4279646158373342
2014-04-30,16.84956606458448,0.5924708509767704,0.4075291490232295,falling,0.5776674793136716,0.4223325206863284
2014-05-31,16.953874891656774,0.5924708509767704,0.4075291490232295,falling,0.5727588286279165,0.4272411713720835
2014-06-30,17.339939001416475,0.5924708509767704,0.4075291490232295,falling,0.5545911058156953,0.4454088941843047
2014-07-31,17.41172887616566,0.5924708509767704,0.4075291490232295,falling,0.5512127587686748,0.4487872412313252
2014-08-31,17.153587178090074,0.5924708509767704,0.4075291490232295,falling,0.5633606033839965,0.4366393966160035
2014-09-30,17.275073700940972,0.5924708509767704,0.4075291490232295,falling,0.5576435905439543,0.4423564094560457
2014-10-31,16.99869110157631,0.5924708509767704,0.4075291490232295,falling,0.570649830514056,0.4293501694859439
2014-11-30,18.28017552899799,0.5421604250071406,0.4578395749928594,falling,0.5103446809883299,0.4896553190116701
2014-12-31,18.69700096592858,0.4907293663092432,0.5092706336907568,falling,0.4907293663092432,0.5092706336907568
2015-01-31,18.728437846735726,0.4907293663092432,0.5092706336907568,falling,0.4892499836830246,0.5107500163169754
2015-02-28,19.58013419702234,0.4907293663092432,0.5092706336907568,falling,0.4491701554342429,0.5508298445657571
2015-03-31,19.89152822450111,0.4375782321561162,0.5624217678438838,falling,0.4345163188470067,0.5654836811529933
2015-04-30,20.35075775691051,0.4375782321561162,0.5624217678438838,falling,0.4129055173218583,0.5870944826781417
2015-05-31,21.007641979136416,0.3851572566564762,0.6148427433435237,falling,0.3819933186288745,0.6180066813711255
2015-06-30,21.39363430579576,0.3851572566564762,0.6148427433435237,falling,0.3638289738449053,0.6361710261550947
2015-07-31,21.741314537251952,0.3851572566564762,0.6148427433435237,falling,0.3474675511881434,0.6525324488118566
2015-08-31,21.54428663427541,0.3851572566564762,0.6148427433435237,falling,0.3567394525046866,0.6432605474953134
2015-09-30,20.856976293124085,0.3851572566564762,0.6148427433435237,falling,0.3890834685588665,0.6109165314411334
2015-10-31,22.054290828847392,0.3327392551130639,0.6672607448869361,falling,0.3327392551130639,0.6672607448869361
2015-11-30,23.017077114876315,0.3327392551130639,0.6672607448869361,falling,0.287431665182291,0.712568334817709
2015-12-31,23.084999344403894,0.3327392551130639,0.6672607448869361,falling,0.2842353249692285,0.7157646750307715
2016-01-31,21.56987105708045,0.3327392551130639,0.6672607448869361,falling,0.3555354796668022,0.6444645203331978
2016-02-29,21.417880495701034,0.3327392551130639,0.6672607448869361,falling,0.3626879766728925,0.6373120233271075
2016-03-31,22.747562656941195,0.3327392551130639,0.6672607448869361,falling,0.3001146984968849,0.6998853015031151
2016-04-30,23.307324986264312,0.2803583809913631,0.7196416190086369,falling,0.2737729418228559,0.7262270581771441
2016-05-31,23.155417191443107,0.2803583809913631,0.7196416190086369,falling,0.280921543932089,0.719078456067911
2016-06-30,23.516105395229904,0.2803583809913631,0.7196416190086369,falling,0.2639479814009456,0.7360520185990543
2016-07-31,24.344590934004675,0.2267157475660919,0.7732842524339081,falling,0.2249604266350741,0.7750395733649259
2016-08-31,24.69468449189812,0.2267157475660919,0.7732842524339081,falling,0.2084854356753828,0.7915145643246172
2016-09-30,24.61873817352313,0.2267157475660919,0.7732842524339081,falling,0.2120593800694995,0.7879406199305005
2016-10-31,23.970689117400063,0.2267157475660919,0.7732842524339081,falling,0.2425558062399969,0.757444193760003
2016-11-30,23.74114103548411,0.2267157475660919,0.7732842524339081,falling,0.2533580689183948,0.7466419310816051
2016-12-31,24.162172121411537,0.2267157475660919,0.7732842524339081,falling,0.2335448413453394,0.7664551586546605
2017-01-31,23.983247882941992,0.2267157475660919,0.7732842524339081,falling,0.2419648055086121,0.7580351944913879
2017-02-28,24.08313362309893,0.2267157475660919,0.7732842524339081,falling,0.2372643000894619,0.762735699910538
2017-03-31,23.99791729198976,0.2267157475660919,0.7732842524339081,falling,0.2412744803769525,0.7587255196230475
2017-04-30,23.628835414326566,0.2267157475660919,0.7732842524339081,falling,0.2586430393258087,0.7413569606741913
2017-05-31,23.699566642210502,0.2267157475660919,0.7732842524339081,falling,0.2553145109547998,0.7446854890452002
2017-06-30,23.79402388593826,0.2267157475660919,0.7732842524339081,falling,0.2508694641911407,0.7491305358088592
2017-07-31,23.75765084459295,0.2267157475660919,0.7732842524339081,falling,0.2525811367250377,0.7474188632749623
2017-08-31,23.549494735888874,0.2267157475660919,0.7732842524339081,falling,0.2623767183111117,0.7376232816888882
2017-09-30,23.67292898320654,0.2267157475660919,0.7732842524339081,falling,0.256568047849104,0.743431952150896
2017-10-31,24.07239562311297,0.2267157475660919,0.7732842524339081,falling,0.2377696177358601,0.7622303822641399
2017-11-30,24.207875544845404,0.2267157475660919,0.7732842524339081,falling,0.2313940920072751,0.7686059079927249
2017-12-31,24.656813329210447,0.2267157475660919,0.7732842524339081,falling,0.2102676080371553,0.7897323919628446
2018-01-31,25.38962390550952,0.1757824044466109,0.824217595553389,falling,0.1757824044466109,0.824217595553389
2018-02-28,24.21762529237428,0.2309352803588573,0.7690647196411426,falling,0.2309352803588573,0.7690647196411426
2018-03-31,23.62124000209691,0.2309352803588573,0.7690647196411426,falling,0.2590004704895571,0.7409995295104429
2018-04-30,22.028213274758546,0.298571457268432,0.701428542731568,falling,0.3339664341290096,0.6660335658709904
2018-05-31,21.223906247734018,0.3529841332516186,0.6470158667483814,falling,0.3718161765772227,0.6281838234227772
2018-06-30,20.52645565096803,0.4046373811309163,0.5953626188690837,falling,0.4046373811309163,0.5953626188690837
2018-07-31,19.97205415327654,0.4046373811309163,0.5953626188690837,falling,0.4307268633752216,0.5692731366247784
2018-08-31,19.576597364150604,0.4046373811309163,0.5953626188690837,falling,0.4493365946282068,0.5506634053717931
2018-09-30,19.324688412483862,0.457107186916632,0.542892813083368,falling,0.461191133530171,0.538808866469829
2018-10-31,18.400916953004028,0.457107186916632,0.542892813083368,falling,0.5046627316233399,0.4953372683766601
2018-11-30,17.8450487095694,0.5112238356070262,0.4887761643929738,falling,0.530821237196734,0.469178762803266
2018-12-31,16.71585979176556,0.5707864939055955,0.4292135060944044,falling,0.5839595392110325,0.4160404607889675
2019-01-31,16.886404702489507,0.5707864939055955,0.4292135060944044,falling,0.575933896353435,0.424066103646565
2019-02-28,17.726999069222348,0.5707864939055955,0.4292135060944044,falling,0.5363765143895366,0.4636234856104634
2019-03-31,17.922447703372015,0.5707864939055955,0.4292135060944044,falling,0.5271789316060228,0.4728210683939772
2019-04-30,18.52005229549509,0.5201482893457513,0.4798517106542487,falling,0.4990563625649369,0.5009436374350631
2019-05-31,18.167395122104217,0.5201482893457513,0.4798517106542487,falling,0.5156519942539192,0.4843480057460808
2019-06-30,18.35317741628136,0.5201482893457513,0.4798517106542487,falling,0.5069092980573479,0.4930907019426521
2019-07-31,19.13770892715412,0.4699901681339238,0.5300098318660762,falling,0.4699901681339238,0.5300098318660762
2019-08-31,18.61716779271214,0.4699901681339238,0.5300098318660762,falling,0.4944862215194285,0.5055137784805714
2019-09-30,19.275015739541782,0.4699901681339238,0.5300098318660762,falling,0.4635286710803867,0.5364713289196132
2019-10-31,18.934079068948204,0.4699901681339238,0.5300098318660762,falling,0.479572749696555,0.5204272503034449
2019-11-30,19.428100457285105,0.4699901681339238,0.5300098318660762,falling,0.4563246843630539,0.543675315636946
2019-12-31,19.56552639479103,0.4699901681339238,0.5300098318660762,falling,0.4498575814215987,0.5501424185784013
2020-01-31,21.3723653488632,0.407343723678724,0.5926562763212759,falling,0.3648298659358495,0.6351701340641505
2020-02-29,22.695200142826543,0.3492671036539276,0.6507328963460723,falling,0.3025788168081627,0.6974211831918373
2020-03-31,19.58554284991636,0.412331427146169,0.587668572853831,falling,0.4489156305921712,0.5510843694078288
2020-04-30,21.45015387499334,0.3611692294120781,0.6388307705879219,falling,0.3611692294120781,0.6388307705879219
2020-05-31,23.947765064601622,0.2438841696985155,0.7561158303014844,falling,0.2436345851952175,0.7563654148047825
2020-06-30,26.97534833628661,0.1011600782923947,0.8988399217076053,falling,0.1011600782923947,0.8988399217076053
2020-07-31,28.03593148086357,0.1011600782923947,0.8988399217076053,falling,0.0999999999999999,0.9
2020-08-31,29.840004918193834,0.1011600782923947,0.8988399217076053,falling,0.0999999999999999,0.9
2020-09-30,29.79292194064436,0.1011600782923947,0.8988399217076053,falling,0.0999999999999999,0.9
2020-10-31,31.072750692862066,0.1011600782923947,0.8988399217076053,falling,0.0999999999999999,0.9
2020-11-30,33.292080742874475,0.1011600782923947,0.8988399217076053,falling,0.0999999999999999,0.9
2020-12-31,35.685861821267004,0.1011600782923947,0.8988399217076053,falling,0.0999999999999999,0.9
2021-01-31,33.71373296262292,0.1011600782923947,0.8988399217076053,falling,0.0999999999999999,0.9
2021-02-28,31.62818856215145,0.1011600782923947,0.8988399217076053,falling,0.0999999999999999,0.9
2021-03-31,29.14865363975215,0.1011600782923947,0.8988399217076053,falling,0.0999999999999999,0.9
2021-04-30,28.595834643903547,0.1011600782923947,0.8988399217076053,falling,0.0999999999999999,0.9
2021-05-31,26.806769400771103,0.1011600782923947,0.8988399217076053,falling,0.1090932046695951,0.8909067953304048
2021-06-30,25.51193168489253,0.1547933593476623,0.8452066406523376,falling,0.1700267442403514,0.8299732557596485
2021-07-31,25.377443307939757,0.1547933593476623,0.8452066406523376,falling,0.1763556090381293,0.8236443909618707
2021-08-31,25.056386672919167,0.1547933593476623,0.8452066406523376,falling,0.1914641565685096,0.8085358434314903
2021-09-30,24.215548010527307,0.2112485956836123,0.7887514043163877,falling,0.2310330347987149,0.768966965201285
2021-10-31,23.30448870837712,0.2631880689922508,0.7368119310077492,falling,0.2739064137234296,0.7260935862765704
2021-11-30,23.4262602995083,0.2631880689922508,0.7368119310077492,falling,0.2681759859054917,0.7318240140945083
2021-12-31,22.576357062951125,0.2631880689922508,0.7368119310077492,falling,0.3081714323317117,0.6918285676682883
2022-01-31,22.08730568323015,0.3139249779754881,0.6860750220245119,falling,0.3311856149068165,0.6688143850931835
2022-02-28,21.420246737446416,0.3139249779754881,0.6860750220245119,falling,0.3625766241201686,0.6374233758798313
2022-03-31,21.202899081113245,0.3651336553711471,0.6348663446288528,falling,0.3728047491240825,0.6271952508759174
2022-04-30,21.406756765130897,0.3651336553711471,0.6348663446288528,falling,0.3632114463467812,0.6367885536532187
2022-05-31,19.88707438685081,0.416847294991961,0.583152705008039,falling,0.4347259112070207,0.5652740887929792
2022-06-30,19.37901388241187,0.416847294991961,0.583152705008039,falling,0.4586346408276768,0.5413653591723232
2022-07-31,19.597230331834925,0.416847294991961,0.583152705008039,falling,0.4483656314430624,0.5516343685569376
2022-08-31,20.778660712795663,0.416847294991961,0.583152705008039,falling,0.3927689076331453,0.6072310923668547
2022-09-30,18.96069527195468,0.4783202224962503,0.5216797775037497,falling,0.4783202224962503,0.5216797775037497
2022-10-31,18.833293624080977,0.4783202224962503,0.5216797775037497,falling,0.4843155941608952,0.5156844058391048
2022-11-30,20.33911712510264,0.4134533117598757,0.5865466882401242,falling,0.4134533117598757,0.5865466882401242
2022-12-31,20.88013673691874,0.4134533117598757,0.5865466882401242,falling,0.387993565321471,0.612006434678529
2023-01-31,21.039534975693343,0.4134533117598757,0.5865466882401242,falling,0.380492471732078,0.619507528267922
2023-02-28,21.57156725488969,0.3617148618780894,0.6382851381219106,falling,0.3554556585934265,0.6445443414065735
2023-03-31,20.88735192789668,0.3617148618780894,0.6382851381219106,falling,0.3876540269225091,0.6123459730774908
2023-04-30,21.44726604563553,0.3617148618780894,0.6382851381219106,falling,0.3613051272642102,0.6386948727357897
2023-05-31,21.334988008793992,0.3617148618780894,0.6382851381219106,falling,0.3665887995861651,0.6334112004138349
2023-06-30,22.113170857652616,0.3617148618780894,0.6382851381219106,falling,0.3299684302281122,0.6700315697718878
2023-07-31,22.941148446406025,0.310486604610385,0.689513395389615,falling,0.2910047789926576,0.7089952210073424
2023-08-31,22.683055666622096,0.310486604610385,0.689513395389615,falling,0.3031503215707249,0.696849678429275
2023-09-30,22.30060805327428,0.310486604610385,0.689513395389615,falling,0.3211478563165044,0.6788521436834956
2023-10-31,21.63213509033509,0.310486604610385,0.689513395389615,falling,0.3526054075136426,0.6473945924863573
2023-11-30,22.76273885607937,0.310486604610385,0.689513395389615,falling,0.2994005244197945,0.7005994755802055
2023-12-31,24.076968199067803,0.2484606562292352,0.7515393437707648,falling,0.2375544376909268,0.7624455623090731
2024-01-31,24.56204589670938,0.2484606562292352,0.7515393437707648,falling,0.2147272519195585,0.7852727480804415
2024-02-29,25.69710504907656,0.1839657377332609,0.816034262266739,falling,0.1613127035728676,0.8386872964271324
2024-03-31,27.17961449476853,0.133714029968214,0.866285970031786,falling,0.0999999999999999,0.9
2024-04-30,27.07183708272808,0.133714029968214,0.866285970031786,falling,0.0999999999999999,0.9
2024-05-31,28.226528879159225,0.133714029968214,0.866285970031786,falling,0.0999999999999999,0.9
2024-06-30,29.191217230458467,0.133714029968214,0.866285970031786,falling,0.0999999999999999,0.9
2024-07-31,29.93614948164405,0.133714029968214,0.866285970031786,falling,0.0999999999999999,0.9
2024-08-31,30.317424908384996,0.133714029968214,0.866285970031786,falling,0.0999999999999999,0.9
2024-09-30,30.859063285535967,0.133714029968214,0.866285970031786,falling,0.0999999999999999,0.9
2024-10-31,32.221375168370365,0.133714029968214,0.866285970031786,falling,0.0999999999999999,0.9
2024-11-30,33.46034584827808,0.133714029968214,0.866285970031786,falling,0.0999999999999999,0.9
2024-12-31,33.743710280702054,0.133714029968214,0.866285970031786,falling,0.0999999999999999,0.9
2025-01-31,33.65555477112775,0.133714029968214,0.866285970031786,falling,0.0999999999999999,0.9
2025-02-28,33.89135682511935,0.133714029968214,0.866285970031786,falling,0.0999999999999999,0.9
2025-03-31,31.877934720530888,0.133714029968214,0.866285970031786,falling,0.0999999999999999,0.9
2025-04-30,29.91737389727385,0.133714029968214,0.866285970031786,falling,0.0999999999999999,0.9
2025-05-31,32.89699529652346,0.133714029968214,0.866285970031786,falling,0.0999999999999999,0.9
2025-06-30,34.05430421415284,0.133714029968214,0.866285970031786,falling,0.0999999999999999,0.9
2025-07-31,35.63998253202965,0.133714029968214,0.866285970031786,falling,0.0999999999999999,0.9
2025-08-31,36.45298438399221,0.133714029968214,0.866285970031786,falling,0.0999999999999999,0.9
2025-09-30,37.34432180047688,0.133714029968214,0.866285970031786,falling,0.0999999999999999,0.9
2025-10-31,38.05745385752621,0.133714029968214,0.866285970031786,falling,0.0999999999999999,0.9
2025-11-30,38.17972586692496,0.133714029968214,0.866285970031786,falling,0.0999999999999999,0.9
2025-12-31,38.99130062003871,0.133714029968214,0.866285970031786,falling,0.0999999999999999,0.9
2026-01-31,39.45629859907742,0.133714029968214,0.866285970031786,falling,0.0999999999999999,0.9
2026-02-28,39.18336397553004,0.133714029968214,0.866285970031786,falling,0.0999999999999999,0.9
2026-03-31,37.37296177565714,0.133714029968214,0.866285970031786,falling,0.0999999999999999,0.9
2026-04-30,39.45595648034666,0.133714029968214,0.866285970031786,falling,0.0999999999999999,0.9
2026-05-31,42.59513645572882,0.133714029968214,0.866285970031786,falling,0.0999999999999999,0.9
2026-06-30,42.30804021668919,0.133714029968214,0.866285970031786,falling,0.0999999999999999,0.9
2026-07-31,42.6059547574864,0.133714029968214,0.866285970031786,falling,0.0999999999999999,0.9
