date,spx_share_of_equity,ndx_share_of_equity
1954-07-02,1.0,0.0
1954-07-09,1.0,0.0
1954-07-16,1.0,0.0
1954-07-23,1.0,0.0
1954-07-30,1.0,0.0
1954-08-06,1.0,0.0
1954-08-13,1.0,0.0
1954-08-20,1.0,0.0
1954-08-27,1.0,0.0
1954-09-03,1.0,0.0
1954-09-10,1.0,0.0
1954-09-17,1.0,0.0
1954-09-24,1.0,0.0
1954-10-01,1.0,0.0
1954-10-08,1.0,0.0
1954-10-15,1.0,0.0
1954-10-22,1.0,0.0
1954-10-29,1.0,0.0
1954-11-05,1.0,0.0
1954-11-12,1.0,0.0
1954-11-19,1.0,0.0
1954-11-26,1.0,0.0
1954-12-03,1.0,0.0
1954-12-10,1.0,0.0
1954-12-17,1.0,0.0
1954-12-24,1.0,0.0
1954-12-31,1.0,0.0
1955-01-07,1.0,0.0
1955-01-14,1.0,0.0
1955-01-21,1.0,0.0
1955-01-28,1.0,0.0
1955-02-04,1.0,0.0
1955-02-11,1.0,0.0
1955-02-18,1.0,0.0
1955-02-25,1.0,0.0
1955-03-04,1.0,0.0
1955-03-11,1.0,0.0
1955-03-18,1.0,0.0
1955-03-25,1.0,0.0
1955-04-01,1.0,0.0
1955-04-08,1.0,0.0
1955-04-15,1.0,0.0
1955-04-22,1.0,0.0
1955-04-29,1.0,0.0
1955-05-06,1.0,0.0
1955-05-13,1.0,0.0
1955-05-20,1.0,0.0
1955-05-27,1.0,0.0
1955-06-03,1.0,0.0
1955-06-10,1.0,0.0
1955-06-17,1.0,0.0
1955-06-24,1.0,0.0
1955-07-01,1.0,0.0
1955-07-08,1.0,0.0
1955-07-15,1.0,0.0
1955-07-22,1.0,0.0
1955-07-29,1.0,0.0
1955-08-05,1.0,0.0
1955-08-12,1.0,0.0
1955-08-19,1.0,0.0
1955-08-26,1.0,0.0
1955-09-02,1.0,0.0
1955-09-09,1.0,0.0
1955-09-16,1.0,0.0
1955-09-23,1.0,0.0
1955-09-30,1.0,0.0
1955-10-07,1.0,0.0
1955-10-14,1.0,0.0
1955-10-21,1.0,0.0
1955-10-28,1.0,0.0
1955-11-04,1.0,0.0
1955-11-11,1.0,0.0
1955-11-18,1.0,0.0
1955-11-25,1.0,0.0
1955-12-02,1.0,0.0
1955-12-09,1.0,0.0
1955-12-16,1.0,0.0
1955-12-23,1.0,0.0
1955-12-30,1.0,0.0
1956-01-06,1.0,0.0
1956-01-13,1.0,0.0
1956-01-20,1.0,0.0
1956-01-27,1.0,0.0
1956-02-03,1.0,0.0
1956-02-10,1.0,0.0
1956-02-17,1.0,0.0
1956-02-24,1.0,0.0
1956-03-02,1.0,0.0
1956-03-09,1.0,0.0
1956-03-16,1.0,0.0
1956-03-23,1.0,0.0
1956-03-30,1.0,0.0
1956-04-06,1.0,0.0
1956-04-13,1.0,0.0
1956-04-20,1.0,0.0
1956-04-27,1.0,0.0
1956-05-04,1.0,0.0
1956-05-11,1.0,0.0
1956-05-18,1.0,0.0
1956-05-25,1.0,0.0
1956-06-01,1.0,0.0
1956-06-08,1.0,0.0
1956-06-15,1.0,0.0
1956-06-22,1.0,0.0
1956-06-29,1.0,0.0
1956-07-06,1.0,0.0
1956-07-13,1.0,0.0
1956-07-20,1.0,0.0
1956-07-27,1.0,0.0
1956-08-03,1.0,0.0
1956-08-10,1.0,0.0
1956-08-17,1.0,0.0
1956-08-24,1.0,0.0
1956-08-31,1.0,0.0
1956-09-07,1.0,0.0
1956-09-14,1.0,0.0
1956-09-21,1.0,0.0
1956-09-28,1.0,0.0
1956-10-05,1.0,0.0
1956-10-12,1.0,0.0
1956-10-19,1.0,0.0
1956-10-26,1.0,0.0
1956-11-02,1.0,0.0
1956-11-09,1.0,0.0
1956-11-16,1.0,0.0
1956-11-23,1.0,0.0
1956-11-30,1.0,0.0
1956-12-07,1.0,0.0
1956-12-14,1.0,0.0
1956-12-21,1.0,0.0
1956-12-28,1.0,0.0
1957-01-04,1.0,0.0
1957-01-11,1.0,0.0
1957-01-18,1.0,0.0
1957-01-25,1.0,0.0
1957-02-01,1.0,0.0
1957-02-08,1.0,0.0
1957-02-15,1.0,0.0
1957-02-22,1.0,0.0
1957-03-01,1.0,0.0
1957-03-08,1.0,0.0
1957-03-15,1.0,0.0
1957-03-22,1.0,0.0
1957-03-29,1.0,0.0
1957-04-05,1.0,0.0
1957-04-12,1.0,0.0
1957-04-19,1.0,0.0
1957-04-26,1.0,0.0
1957-05-03,1.0,0.0
1957-05-10,1.0,0.0
1957-05-17,1.0,0.0
1957-05-24,1.0,0.0
1957-05-31,1.0,0.0
1957-06-07,1.0,0.0
1957-06-14,1.0,0.0
1957-06-21,1.0,0.0
1957-06-28,1.0,0.0
1957-07-05,1.0,0.0
1957-07-12,1.0,0.0
1957-07-19,1.0,0.0
1957-07-26,1.0,0.0
1957-08-02,1.0,0.0
1957-08-09,1.0,0.0
1957-08-16,1.0,0.0
1957-08-23,1.0,0.0
1957-08-30,1.0,0.0
1957-09-06,1.0,0.0
1957-09-13,1.0,0.0
1957-09-20,1.0,0.0
1957-09-27,1.0,0.0
1957-10-04,1.0,0.0
1957-10-11,1.0,0.0
1957-10-18,1.0,0.0
1957-10-25,1.0,0.0
1957-11-01,1.0,0.0
1957-11-08,1.0,0.0
1957-11-15,1.0,0.0
1957-11-22,1.0,0.0
1957-11-29,1.0,0.0
1957-12-06,1.0,0.0
1957-12-13,1.0,0.0
1957-12-20,1.0,0.0
1957-12-27,1.0,0.0
1958-01-03,1.0,0.0
1958-01-10,1.0,0.0
1958-01-17,1.0,0.0
1958-01-24,1.0,0.0
1958-01-31,1.0,0.0
1958-02-07,1.0,0.0
1958-02-14,1.0,0.0
1958-02-21,1.0,0.0
1958-02-28,1.0,0.0
1958-03-07,1.0,0.0
1958-03-14,1.0,0.0
1958-03-21,1.0,0.0
1958-03-28,1.0,0.0
1958-04-04,1.0,0.0
1958-04-11,1.0,0.0
1958-04-18,1.0,0.0
1958-04-25,1.0,0.0
1958-05-02,1.0,0.0
1958-05-09,1.0,0.0
1958-05-16,1.0,0.0
1958-05-23,1.0,0.0
1958-05-30,1.0,0.0
1958-06-06,1.0,0.0
1958-06-13,1.0,0.0
1958-06-20,1.0,0.0
1958-06-27,1.0,0.0
1958-07-04,1.0,0.0
1958-07-11,1.0,0.0
1958-07-18,1.0,0.0
1958-07-25,1.0,0.0
1958-08-01,1.0,0.0
1958-08-08,1.0,0.0
1958-08-15,1.0,0.0
1958-08-22,1.0,0.0
1958-08-29,1.0,0.0
1958-09-05,1.0,0.0
1958-09-12,1.0,0.0
1958-09-19,1.0,0.0
1958-09-26,1.0,0.0
1958-10-03,1.0,0.0
1958-10-10,1.0,0.0
1958-10-17,1.0,0.0
1958-10-24,1.0,0.0
1958-10-31,1.0,0.0
1958-11-07,1.0,0.0
1958-11-14,1.0,0.0
1958-11-21,1.0,0.0
1958-11-28,1.0,0.0
1958-12-05,1.0,0.0
1958-12-12,1.0,0.0
1958-12-19,1.0,0.0
1958-12-26,1.0,0.0
1959-01-02,1.0,0.0
1959-01-09,1.0,0.0
1959-01-16,1.0,0.0
1959-01-23,1.0,0.0
1959-01-30,1.0,0.0
1959-02-06,1.0,0.0
1959-02-13,1.0,0.0
1959-02-20,1.0,0.0
1959-02-27,1.0,0.0
1959-03-06,1.0,0.0
1959-03-13,1.0,0.0
1959-03-20,1.0,0.0
1959-03-27,1.0,0.0
1959-04-03,1.0,0.0
1959-04-10,1.0,0.0
1959-04-17,1.0,0.0
1959-04-24,1.0,0.0
1959-05-01,1.0,0.0
1959-05-08,1.0,0.0
1959-05-15,1.0,0.0
1959-05-22,1.0,0.0
1959-05-29,1.0,0.0
1959-06-05,1.0,0.0
1959-06-12,1.0,0.0
1959-06-19,1.0,0.0
1959-06-26,1.0,0.0
1959-07-03,1.0,0.0
1959-07-10,1.0,0.0
1959-07-17,1.0,0.0
1959-07-24,1.0,0.0
1959-07-31,1.0,0.0
1959-08-07,1.0,0.0
1959-08-14,1.0,0.0
1959-08-21,1.0,0.0
1959-08-28,1.0,0.0
1959-09-04,1.0,0.0
1959-09-11,1.0,0.0
1959-09-18,1.0,0.0
1959-09-25,1.0,0.0
1959-10-02,1.0,0.0
1959-10-09,1.0,0.0
1959-10-16,1.0,0.0
1959-10-23,1.0,0.0
1959-10-30,1.0,0.0
1959-11-06,1.0,0.0
1959-11-13,1.0,0.0
1959-11-20,1.0,0.0
1959-11-27,1.0,0.0
1959-12-04,1.0,0.0
1959-12-11,1.0,0.0
1959-12-18,1.0,0.0
1959-12-25,1.0,0.0
1960-01-01,1.0,0.0
1960-01-08,1.0,0.0
1960-01-15,1.0,0.0
1960-01-22,1.0,0.0
1960-01-29,1.0,0.0
1960-02-05,1.0,0.0
1960-02-12,1.0,0.0
1960-02-19,1.0,0.0
1960-02-26,1.0,0.0
1960-03-04,1.0,0.0
1960-03-11,1.0,0.0
1960-03-18,1.0,0.0
1960-03-25,1.0,0.0
1960-04-01,1.0,0.0
1960-04-08,1.0,0.0
1960-04-15,1.0,0.0
1960-04-22,1.0,0.0
1960-04-29,1.0,0.0
1960-05-06,1.0,0.0
1960-05-13,1.0,0.0
1960-05-20,1.0,0.0
1960-05-27,1.0,0.0
1960-06-03,1.0,0.0
1960-06-10,1.0,0.0
1960-06-17,1.0,0.0
1960-06-24,1.0,0.0
1960-07-01,1.0,0.0
1960-07-08,1.0,0.0
1960-07-15,1.0,0.0
1960-07-22,1.0,0.0
1960-07-29,1.0,0.0
1960-08-05,1.0,0.0
1960-08-12,1.0,0.0
1960-08-19,1.0,0.0
1960-08-26,1.0,0.0
1960-09-02,1.0,0.0
1960-09-09,1.0,0.0
1960-09-16,1.0,0.0
1960-09-23,1.0,0.0
1960-09-30,1.0,0.0
1960-10-07,1.0,0.0
1960-10-14,1.0,0.0
1960-10-21,1.0,0.0
1960-10-28,1.0,0.0
1960-11-04,1.0,0.0
1960-11-11,1.0,0.0
1960-11-18,1.0,0.0
1960-11-25,1.0,0.0
1960-12-02,1.0,0.0
1960-12-09,1.0,0.0
1960-12-16,1.0,0.0
1960-12-23,1.0,0.0
1960-12-30,1.0,0.0
1961-01-06,1.0,0.0
1961-01-13,1.0,0.0
1961-01-20,1.0,0.0
1961-01-27,1.0,0.0
1961-02-03,1.0,0.0
1961-02-10,1.0,0.0
1961-02-17,1.0,0.0
1961-02-24,1.0,0.0
1961-03-03,1.0,0.0
1961-03-10,1.0,0.0
1961-03-17,1.0,0.0
1961-03-24,1.0,0.0
1961-03-31,1.0,0.0
1961-04-07,1.0,0.0
1961-04-14,1.0,0.0
1961-04-21,1.0,0.0
1961-04-28,1.0,0.0
1961-05-05,1.0,0.0
1961-05-12,1.0,0.0
1961-05-19,1.0,0.0
1961-05-26,1.0,0.0
1961-06-02,1.0,0.0
1961-06-09,1.0,0.0
1961-06-16,1.0,0.0
1961-06-23,1.0,0.0
1961-06-30,1.0,0.0
1961-07-07,1.0,0.0
1961-07-14,1.0,0.0
1961-07-21,1.0,0.0
1961-07-28,1.0,0.0
1961-08-04,1.0,0.0
1961-08-11,1.0,0.0
1961-08-18,1.0,0.0
1961-08-25,1.0,0.0
1961-09-01,1.0,0.0
1961-09-08,1.0,0.0
1961-09-15,1.0,0.0
1961-09-22,1.0,0.0
1961-09-29,1.0,0.0
1961-10-06,1.0,0.0
1961-10-13,1.0,0.0
1961-10-20,1.0,0.0
1961-10-27,1.0,0.0
1961-11-03,1.0,0.0
1961-11-10,1.0,0.0
1961-11-17,1.0,0.0
1961-11-24,1.0,0.0
1961-12-01,1.0,0.0
1961-12-08,1.0,0.0
1961-12-15,1.0,0.0
1961-12-22,1.0,0.0
1961-12-29,1.0,0.0
1962-01-05,1.0,0.0
1962-01-12,1.0,0.0
1962-01-19,1.0,0.0
1962-01-26,1.0,0.0
1962-02-02,1.0,0.0
1962-02-09,1.0,0.0
1962-02-16,1.0,0.0
1962-02-23,1.0,0.0
1962-03-02,1.0,0.0
1962-03-09,1.0,0.0
1962-03-16,1.0,0.0
1962-03-23,1.0,0.0
1962-03-30,1.0,0.0
1962-04-06,1.0,0.0
1962-04-13,1.0,0.0
1962-04-20,1.0,0.0
1962-04-27,1.0,0.0
1962-05-04,1.0,0.0
1962-05-11,1.0,0.0
1962-05-18,1.0,0.0
1962-05-25,1.0,0.0
1962-06-01,1.0,0.0
1962-06-08,1.0,0.0
1962-06-15,1.0,0.0
1962-06-22,1.0,0.0
1962-06-29,1.0,0.0
1962-07-06,1.0,0.0
1962-07-13,1.0,0.0
1962-07-20,1.0,0.0
1962-07-27,1.0,0.0
1962-08-03,1.0,0.0
1962-08-10,1.0,0.0
1962-08-17,1.0,0.0
1962-08-24,1.0,0.0
1962-08-31,1.0,0.0
1962-09-07,1.0,0.0
1962-09-14,1.0,0.0
1962-09-21,1.0,0.0
1962-09-28,1.0,0.0
1962-10-05,1.0,0.0
1962-10-12,1.0,0.0
1962-10-19,1.0,0.0
1962-10-26,1.0,0.0
1962-11-02,1.0,0.0
1962-11-09,1.0,0.0
1962-11-16,1.0,0.0
1962-11-23,1.0,0.0
1962-11-30,1.0,0.0
1962-12-07,1.0,0.0
1962-12-14,1.0,0.0
1962-12-21,1.0,0.0
1962-12-28,1.0,0.0
1963-01-04,1.0,0.0
1963-01-11,1.0,0.0
1963-01-18,1.0,0.0
1963-01-25,1.0,0.0
1963-02-01,1.0,0.0
1963-02-08,1.0,0.0
1963-02-15,1.0,0.0
1963-02-22,1.0,0.0
1963-03-01,1.0,0.0
1963-03-08,1.0,0.0
1963-03-15,1.0,0.0
1963-03-22,1.0,0.0
1963-03-29,1.0,0.0
1963-04-05,1.0,0.0
1963-04-12,1.0,0.0
1963-04-19,1.0,0.0
1963-04-26,1.0,0.0
1963-05-03,1.0,0.0
1963-05-10,1.0,0.0
1963-05-17,1.0,0.0
1963-05-24,1.0,0.0
1963-05-31,1.0,0.0
1963-06-07,1.0,0.0
1963-06-14,1.0,0.0
1963-06-21,1.0,0.0
1963-06-28,1.0,0.0
1963-07-05,1.0,0.0
1963-07-12,1.0,0.0
1963-07-19,1.0,0.0
1963-07-26,1.0,0.0
1963-08-02,1.0,0.0
1963-08-09,1.0,0.0
1963-08-16,1.0,0.0
1963-08-23,1.0,0.0
1963-08-30,1.0,0.0
1963-09-06,1.0,0.0
1963-09-13,1.0,0.0
1963-09-20,1.0,0.0
1963-09-27,1.0,0.0
1963-10-04,1.0,0.0
1963-10-11,1.0,0.0
1963-10-18,1.0,0.0
1963-10-25,1.0,0.0
1963-11-01,1.0,0.0
1963-11-08,1.0,0.0
1963-11-15,1.0,0.0
1963-11-22,1.0,0.0
1963-11-29,1.0,0.0
1963-12-06,1.0,0.0
1963-12-13,1.0,0.0
1963-12-20,1.0,0.0
1963-12-27,1.0,0.0
1964-01-03,1.0,0.0
1964-01-10,1.0,0.0
1964-01-17,1.0,0.0
1964-01-24,1.0,0.0
1964-01-31,1.0,0.0
1964-02-07,1.0,0.0
1964-02-14,1.0,0.0
1964-02-21,1.0,0.0
1964-02-28,1.0,0.0
1964-03-06,1.0,0.0
1964-03-13,1.0,0.0
1964-03-20,1.0,0.0
1964-03-27,1.0,0.0
1964-04-03,1.0,0.0
1964-04-10,1.0,0.0
1964-04-17,1.0,0.0
1964-04-24,1.0,0.0
1964-05-01,1.0,0.0
1964-05-08,1.0,0.0
1964-05-15,1.0,0.0
1964-05-22,1.0,0.0
1964-05-29,1.0,0.0
1964-06-05,1.0,0.0
1964-06-12,1.0,0.0
1964-06-19,1.0,0.0
1964-06-26,1.0,0.0
1964-07-03,1.0,0.0
1964-07-10,1.0,0.0
1964-07-17,1.0,0.0
1964-07-24,1.0,0.0
1964-07-31,1.0,0.0
1964-08-07,1.0,0.0
1964-08-14,1.0,0.0
1964-08-21,1.0,0.0
1964-08-28,1.0,0.0
1964-09-04,1.0,0.0
1964-09-11,1.0,0.0
1964-09-18,1.0,0.0
1964-09-25,1.0,0.0
1964-10-02,1.0,0.0
1964-10-09,1.0,0.0
1964-10-16,1.0,0.0
1964-10-23,1.0,0.0
1964-10-30,1.0,0.0
1964-11-06,1.0,0.0
1964-11-13,1.0,0.0
1964-11-20,1.0,0.0
1964-11-27,1.0,0.0
1964-12-04,1.0,0.0
1964-12-11,1.0,0.0
1964-12-18,1.0,0.0
1964-12-25,1.0,0.0
1965-01-01,1.0,0.0
1965-01-08,1.0,0.0
1965-01-15,1.0,0.0
1965-01-22,1.0,0.0
1965-01-29,1.0,0.0
1965-02-05,1.0,0.0
1965-02-12,1.0,0.0
1965-02-19,1.0,0.0
1965-02-26,1.0,0.0
1965-03-05,1.0,0.0
1965-03-12,1.0,0.0
1965-03-19,1.0,0.0
1965-03-26,1.0,0.0
1965-04-02,1.0,0.0
1965-04-09,1.0,0.0
1965-04-16,1.0,0.0
1965-04-23,1.0,0.0
1965-04-30,1.0,0.0
1965-05-07,1.0,0.0
1965-05-14,1.0,0.0
1965-05-21,1.0,0.0
1965-05-28,1.0,0.0
1965-06-04,1.0,0.0
1965-06-11,1.0,0.0
1965-06-18,1.0,0.0
1965-06-25,1.0,0.0
1965-07-02,1.0,0.0
1965-07-09,1.0,0.0
1965-07-16,1.0,0.0
1965-07-23,1.0,0.0
1965-07-30,1.0,0.0
1965-08-06,1.0,0.0
1965-08-13,1.0,0.0
1965-08-20,1.0,0.0
1965-08-27,1.0,0.0
1965-09-03,1.0,0.0
1965-09-10,1.0,0.0
1965-09-17,1.0,0.0
1965-09-24,1.0,0.0
1965-10-01,1.0,0.0
1965-10-08,1.0,0.0
1965-10-15,1.0,0.0
1965-10-22,1.0,0.0
1965-10-29,1.0,0.0
1965-11-05,1.0,0.0
1965-11-12,1.0,0.0
1965-11-19,1.0,0.0
1965-11-26,1.0,0.0
1965-12-03,1.0,0.0
1965-12-10,1.0,0.0
1965-12-17,1.0,0.0
1965-12-24,1.0,0.0
1965-12-31,1.0,0.0
1966-01-07,1.0,0.0
1966-01-14,1.0,0.0
1966-01-21,1.0,0.0
1966-01-28,1.0,0.0
1966-02-04,1.0,0.0
1966-02-11,1.0,0.0
1966-02-18,1.0,0.0
1966-02-25,1.0,0.0
1966-03-04,1.0,0.0
1966-03-11,1.0,0.0
1966-03-18,1.0,0.0
1966-03-25,1.0,0.0
1966-04-01,1.0,0.0
1966-04-08,1.0,0.0
1966-04-15,1.0,0.0
1966-04-22,1.0,0.0
1966-04-29,1.0,0.0
1966-05-06,1.0,0.0
1966-05-13,1.0,0.0
1966-05-20,1.0,0.0
1966-05-27,1.0,0.0
1966-06-03,1.0,0.0
1966-06-10,1.0,0.0
1966-06-17,1.0,0.0
1966-06-24,1.0,0.0
1966-07-01,1.0,0.0
1966-07-08,1.0,0.0
1966-07-15,1.0,0.0
1966-07-22,1.0,0.0
1966-07-29,1.0,0.0
1966-08-05,1.0,0.0
1966-08-12,1.0,0.0
1966-08-19,1.0,0.0
1966-08-26,1.0,0.0
1966-09-02,1.0,0.0
1966-09-09,1.0,0.0
1966-09-16,1.0,0.0
1966-09-23,1.0,0.0
1966-09-30,1.0,0.0
1966-10-07,1.0,0.0
1966-10-14,1.0,0.0
1966-10-21,1.0,0.0
1966-10-28,1.0,0.0
1966-11-04,1.0,0.0
1966-11-11,1.0,0.0
1966-11-18,1.0,0.0
1966-11-25,1.0,0.0
1966-12-02,1.0,0.0
1966-12-09,1.0,0.0
1966-12-16,1.0,0.0
1966-12-23,1.0,0.0
1966-12-30,1.0,0.0
1967-01-06,1.0,0.0
1967-01-13,1.0,0.0
1967-01-20,1.0,0.0
1967-01-27,1.0,0.0
1967-02-03,1.0,0.0
1967-02-10,1.0,0.0
1967-02-17,1.0,0.0
1967-02-24,1.0,0.0
1967-03-03,1.0,0.0
1967-03-10,1.0,0.0
1967-03-17,1.0,0.0
1967-03-24,1.0,0.0
1967-03-31,1.0,0.0
1967-04-07,1.0,0.0
1967-04-14,1.0,0.0
1967-04-21,1.0,0.0
1967-04-28,1.0,0.0
1967-05-05,1.0,0.0
1967-05-12,1.0,0.0
1967-05-19,1.0,0.0
1967-05-26,1.0,0.0
1967-06-02,1.0,0.0
1967-06-09,1.0,0.0
1967-06-16,1.0,0.0
1967-06-23,1.0,0.0
1967-06-30,1.0,0.0
1967-07-07,1.0,0.0
1967-07-14,1.0,0.0
1967-07-21,1.0,0.0
1967-07-28,1.0,0.0
1967-08-04,1.0,0.0
1967-08-11,1.0,0.0
1967-08-18,1.0,0.0
1967-08-25,1.0,0.0
1967-09-01,1.0,0.0
1967-09-08,1.0,0.0
1967-09-15,1.0,0.0
1967-09-22,1.0,0.0
1967-09-29,1.0,0.0
1967-10-06,1.0,0.0
1967-10-13,1.0,0.0
1967-10-20,1.0,0.0
1967-10-27,1.0,0.0
1967-11-03,1.0,0.0
1967-11-10,1.0,0.0
1967-11-17,1.0,0.0
1967-11-24,1.0,0.0
1967-12-01,1.0,0.0
1967-12-08,1.0,0.0
1967-12-15,1.0,0.0
1967-12-22,1.0,0.0
1967-12-29,1.0,0.0
1968-01-05,1.0,0.0
1968-01-12,1.0,0.0
1968-01-19,1.0,0.0
1968-01-26,1.0,0.0
1968-02-02,1.0,0.0
1968-02-09,1.0,0.0
1968-02-16,1.0,0.0
1968-02-23,1.0,0.0
1968-03-01,1.0,0.0
1968-03-08,1.0,0.0
1968-03-15,1.0,0.0
1968-03-22,1.0,0.0
1968-03-29,1.0,0.0
1968-04-05,1.0,0.0
1968-04-12,1.0,0.0
1968-04-19,1.0,0.0
1968-04-26,1.0,0.0
1968-05-03,1.0,0.0
1968-05-10,1.0,0.0
1968-05-17,1.0,0.0
1968-05-24,1.0,0.0
1968-05-31,1.0,0.0
1968-06-07,1.0,0.0
1968-06-14,1.0,0.0
1968-06-21,1.0,0.0
1968-06-28,1.0,0.0
1968-07-05,1.0,0.0
1968-07-12,1.0,0.0
1968-07-19,1.0,0.0
1968-07-26,1.0,0.0
1968-08-02,1.0,0.0
1968-08-09,1.0,0.0
1968-08-16,1.0,0.0
1968-08-23,1.0,0.0
1968-08-30,1.0,0.0
1968-09-06,1.0,0.0
1968-09-13,1.0,0.0
1968-09-20,1.0,0.0
1968-09-27,1.0,0.0
1968-10-04,1.0,0.0
1968-10-11,1.0,0.0
1968-10-18,1.0,0.0
1968-10-25,1.0,0.0
1968-11-01,1.0,0.0
1968-11-08,1.0,0.0
1968-11-15,1.0,0.0
1968-11-22,1.0,0.0
1968-11-29,1.0,0.0
1968-12-06,1.0,0.0
1968-12-13,1.0,0.0
1968-12-20,1.0,0.0
1968-12-27,1.0,0.0
1969-01-03,1.0,0.0
1969-01-10,1.0,0.0
1969-01-17,1.0,0.0
1969-01-24,1.0,0.0
1969-01-31,1.0,0.0
1969-02-07,1.0,0.0
1969-02-14,1.0,0.0
1969-02-21,1.0,0.0
1969-02-28,1.0,0.0
1969-03-07,1.0,0.0
1969-03-14,1.0,0.0
1969-03-21,1.0,0.0
1969-03-28,1.0,0.0
1969-04-04,1.0,0.0
1969-04-11,1.0,0.0
1969-04-18,1.0,0.0
1969-04-25,1.0,0.0
1969-05-02,1.0,0.0
1969-05-09,1.0,0.0
1969-05-16,1.0,0.0
1969-05-23,1.0,0.0
1969-05-30,1.0,0.0
1969-06-06,1.0,0.0
1969-06-13,1.0,0.0
1969-06-20,0.7000000000000001,0.29999999999999993
1969-06-27,0.7000000000000001,0.29999999999999993
1969-07-04,1.0,0.0
1969-07-11,1.0,0.0
1969-07-18,1.0,0.0
1969-07-25,1.0,0.0
1969-08-01,0.7000000000000001,0.29999999999999993
1969-08-08,0.7000000000000001,0.29999999999999993
1969-08-15,1.0,0.0
1969-08-22,0.7000000000000001,0.29999999999999993
1969-08-29,1.0,0.0
1969-09-05,1.0,0.0
1969-09-12,1.0,0.0
1969-09-19,1.0,0.0
1969-09-26,1.0,0.0
1969-10-03,1.0,0.0
1969-10-10,1.0,0.0
1969-10-17,1.0,0.0
1969-10-24,1.0,0.0
1969-10-31,0.7000000000000001,0.29999999999999993
1969-11-07,0.7000000000000001,0.29999999999999993
1969-11-14,0.7000000000000001,0.29999999999999993
1969-11-21,0.7000000000000001,0.29999999999999993
1969-11-28,0.7000000000000001,0.29999999999999993
1969-12-05,0.7000000000000001,0.29999999999999993
1969-12-12,0.7000000000000001,0.29999999999999993
1969-12-19,0.7000000000000001,0.29999999999999993
1969-12-26,0.7000000000000001,0.29999999999999993
1970-01-02,0.7,0.3
1970-01-09,0.7,0.3
1970-01-16,0.7,0.3
1970-01-23,0.7,0.3
1970-01-30,0.7,0.3
1970-02-06,0.7,0.3
1970-02-13,0.7,0.3
1970-02-20,0.7,0.3
1970-02-27,0.7,0.3
1970-03-06,0.7,0.3
1970-03-13,0.7,0.3
1970-03-20,0.7,0.3
1970-03-27,0.7,0.3
1970-04-03,0.7,0.3
1970-04-10,0.7,0.3
1970-04-17,0.7,0.3
1970-04-24,0.7,0.3
1970-05-01,0.7,0.3
1970-05-08,0.7,0.3
1970-05-15,0.7,0.3
1970-05-22,0.7,0.3
1970-05-29,0.7,0.3
1970-06-05,0.7,0.3
1970-06-12,0.7,0.3
1970-06-19,1.0,0.0
1970-06-26,1.0,0.0
1970-07-03,1.0,0.0
1970-07-10,1.0,0.0
1970-07-17,1.0,0.0
1970-07-24,1.0,0.0
1970-07-31,1.0,0.0
1970-08-07,1.0,0.0
1970-08-14,1.0,0.0
1970-08-21,1.0,0.0
1970-08-28,1.0,0.0
1970-09-04,1.0,0.0
1970-09-11,1.0,0.0
1970-09-18,1.0,0.0
1970-09-25,1.0,0.0
1970-10-02,1.0,0.0
1970-10-09,1.0,0.0
1970-10-16,1.0,0.0
1970-10-23,1.0,0.0
1970-10-30,1.0,0.0
1970-11-06,1.0,0.0
1970-11-13,1.0,0.0
1970-11-20,1.0,0.0
1970-11-27,1.0,0.0
1970-12-04,1.0,0.0
1970-12-11,1.0,0.0
1970-12-18,1.0,0.0
1970-12-25,1.0,0.0
1971-01-01,0.7,0.3
1971-01-08,0.7,0.3
1971-01-15,0.7,0.3
1971-01-22,0.7,0.3
1971-01-29,0.7,0.3
1971-02-05,0.7,0.3
1971-02-12,0.7,0.3
1971-02-19,0.7,0.3
1971-02-26,0.7,0.3
1971-03-05,0.7,0.3
1971-03-12,0.7,0.3
1971-03-19,0.7,0.3
1971-03-26,0.7,0.3
1971-04-02,0.7,0.3
1971-04-09,0.7,0.3
1971-04-16,0.7,0.3
1971-04-23,0.7,0.3
1971-04-30,0.7,0.3
1971-05-07,0.7,0.3
1971-05-14,0.7,0.3
1971-05-21,0.7,0.3
1971-05-28,0.7,0.3
1971-06-04,0.7,0.3
1971-06-11,0.7,0.3
1971-06-18,0.7,0.3
1971-06-25,0.7,0.3
1971-07-02,0.7,0.3
1971-07-09,0.7,0.3
1971-07-16,0.7,0.3
1971-07-23,1.0,0.0
1971-07-30,1.0,0.0
1971-08-06,1.0,0.0
1971-08-13,1.0,0.0
1971-08-20,1.0,0.0
1971-08-27,1.0,0.0
1971-09-03,1.0,0.0
1971-09-10,1.0,0.0
1971-09-17,1.0,0.0
1971-09-24,1.0,0.0
1971-10-01,1.0,0.0
1971-10-08,1.0,0.0
1971-10-15,1.0,0.0
1971-10-22,1.0,0.0
1971-10-29,1.0,0.0
1971-11-05,1.0,0.0
1971-11-12,1.0,0.0
1971-11-19,1.0,0.0
1971-11-26,1.0,0.0
1971-12-03,1.0,0.0
1971-12-10,1.0,0.0
1971-12-17,1.0,0.0
1971-12-24,1.0,0.0
1971-12-31,1.0,0.0
1972-01-07,1.0,0.0
1972-01-14,1.0,0.0
1972-01-21,1.0,0.0
1972-01-28,1.0,0.0
1972-02-04,1.0,0.0
1972-02-11,1.0,0.0
1972-02-18,1.0,0.0
1972-02-25,1.0,0.0
1972-03-03,1.0,0.0
1972-03-10,1.0,0.0
1972-03-17,1.0,0.0
1972-03-24,1.0,0.0
1972-03-31,1.0,0.0
1972-04-07,1.0,0.0
1972-04-14,1.0,0.0
1972-04-21,1.0,0.0
1972-04-28,1.0,0.0
1972-05-05,1.0,0.0
1972-05-12,1.0,0.0
1972-05-19,1.0,0.0
1972-05-26,0.7,0.29999999999999993
1972-06-02,0.7,0.29999999999999993
1972-06-09,0.7,0.29999999999999993
1972-06-16,0.7,0.29999999999999993
1972-06-23,0.7000000000000001,0.30000000000000004
1972-06-30,0.7000000000000001,0.30000000000000004
1972-07-07,0.7000000000000001,0.30000000000000004
1972-07-14,0.7000000000000001,0.30000000000000004
1972-07-21,0.7000000000000001,0.29999999999999993
1972-07-28,0.7000000000000001,0.29999999999999993
1972-08-04,0.7000000000000001,0.29999999999999993
1972-08-11,0.7000000000000001,0.29999999999999993
1972-08-18,0.7,0.3
1972-08-25,0.7,0.3
1972-09-01,0.7,0.3
1972-09-08,0.7,0.3
1972-09-15,0.7,0.29999999999999993
1972-09-22,0.7,0.29999999999999993
1972-09-29,0.7,0.29999999999999993
1972-10-06,0.7,0.29999999999999993
1972-10-13,0.7000000000000001,0.29999999999999993
1972-10-20,0.7000000000000001,0.29999999999999993
1972-10-27,0.7000000000000001,0.29999999999999993
1972-11-03,0.7000000000000001,0.29999999999999993
1972-11-10,0.7000000000000001,0.29999999999999993
1972-11-17,0.7000000000000001,0.29999999999999993
1972-11-24,0.7000000000000001,0.29999999999999993
1972-12-01,0.7000000000000001,0.29999999999999993
1972-12-08,0.7000000000000001,0.29999999999999993
1972-12-15,0.7000000000000001,0.29999999999999993
1972-12-22,0.7000000000000001,0.29999999999999993
1972-12-29,0.7000000000000001,0.29999999999999993
1973-01-05,0.7000000000000001,0.29999999999999993
1973-01-12,0.7000000000000001,0.29999999999999993
1973-01-19,0.7000000000000001,0.29999999999999993
1973-01-26,0.7000000000000001,0.29999999999999993
1973-02-02,0.7000000000000001,0.29999999999999993
1973-02-09,0.7000000000000001,0.29999999999999993
1973-02-16,0.7000000000000001,0.29999999999999993
1973-02-23,0.7000000000000001,0.29999999999999993
1973-03-02,0.7000000000000001,0.29999999999999993
1973-03-09,0.7000000000000001,0.29999999999999993
1973-03-16,0.7000000000000001,0.29999999999999993
1973-03-23,0.7000000000000001,0.29999999999999993
1973-03-30,0.7000000000000001,0.29999999999999993
1973-04-06,0.7000000000000001,0.29999999999999993
1973-04-13,0.7000000000000001,0.29999999999999993
1973-04-20,0.7000000000000001,0.29999999999999993
1973-04-27,0.7000000000000001,0.29999999999999993
1973-05-04,0.7000000000000001,0.29999999999999993
1973-05-11,1.0,0.0
1973-05-18,1.0,0.0
1973-05-25,1.0,0.0
1973-06-01,1.0,0.0
1973-06-08,1.0,0.0
1973-06-15,1.0,0.0
1973-06-22,1.0,0.0
1973-06-29,1.0,0.0
1973-07-06,1.0,0.0
1973-07-13,1.0,0.0
1973-07-20,1.0,0.0
1973-07-27,1.0,0.0
1973-08-03,1.0,0.0
1973-08-10,1.0,0.0
1973-08-17,1.0,0.0
1973-08-24,1.0,0.0
1973-08-31,1.0,0.0
1973-09-07,0.7000000000000001,0.29999999999999993
1973-09-14,0.7000000000000001,0.29999999999999993
1973-09-21,0.7000000000000001,0.29999999999999993
1973-09-28,0.7000000000000001,0.29999999999999993
1973-10-05,0.7000000000000001,0.29999999999999993
1973-10-12,0.7000000000000001,0.29999999999999993
1973-10-19,0.7000000000000001,0.29999999999999993
1973-10-26,0.7000000000000001,0.29999999999999993
1973-11-02,0.7000000000000001,0.29999999999999993
1973-11-09,0.7000000000000001,0.29999999999999993
1973-11-16,0.7000000000000001,0.29999999999999993
1973-11-23,0.7000000000000001,0.29999999999999993
1973-11-30,0.7000000000000001,0.29999999999999993
1973-12-07,0.7000000000000001,0.29999999999999993
1973-12-14,0.7000000000000001,0.29999999999999993
1973-12-21,0.7000000000000001,0.29999999999999993
1973-12-28,0.7000000000000001,0.29999999999999993
1974-01-04,0.7,0.3
1974-01-11,0.7,0.3
1974-01-18,0.7,0.3
1974-01-25,0.7,0.3
1974-02-01,0.7,0.3
1974-02-08,0.7,0.3
1974-02-15,0.7,0.3
1974-02-22,0.7,0.3
1974-03-01,0.7,0.3
1974-03-08,0.7,0.3
1974-03-15,0.7,0.3
1974-03-22,0.7,0.3
1974-03-29,0.7,0.3
1974-04-05,0.7,0.3
1974-04-12,0.7,0.3
1974-04-19,0.7,0.3
1974-04-26,0.7,0.3
1974-05-03,0.7,0.3
1974-05-10,0.7,0.3
1974-05-17,0.7,0.3
1974-05-24,0.7,0.3
1974-05-31,0.7,0.3
1974-06-07,0.7,0.3
1974-06-14,0.7,0.3
1974-06-21,1.0,0.0
1974-06-28,1.0,0.0
1974-07-05,1.0,0.0
1974-07-12,1.0,0.0
1974-07-19,1.0,0.0
1974-07-26,1.0,0.0
1974-08-02,1.0,0.0
1974-08-09,1.0,0.0
1974-08-16,1.0,0.0
1974-08-23,1.0,0.0
1974-08-30,1.0,0.0
1974-09-06,1.0,0.0
1974-09-13,1.0,0.0
1974-09-20,1.0,0.0
1974-09-27,1.0,0.0
1974-10-04,1.0,0.0
1974-10-11,1.0,0.0
1974-10-18,1.0,0.0
1974-10-25,1.0,0.0
1974-11-01,1.0,0.0
1974-11-08,1.0,0.0
1974-11-15,1.0,0.0
1974-11-22,1.0,0.0
1974-11-29,1.0,0.0
1974-12-06,1.0,0.0
1974-12-13,1.0,0.0
1974-12-20,1.0,0.0
1974-12-27,1.0,0.0
1975-01-03,1.0,0.0
1975-01-10,1.0,0.0
1975-01-17,1.0,0.0
1975-01-24,1.0,0.0
1975-01-31,1.0,0.0
1975-02-07,1.0,0.0
1975-02-14,1.0,0.0
1975-02-21,1.0,0.0
1975-02-28,1.0,0.0
1975-03-07,1.0,0.0
1975-03-14,1.0,0.0
1975-03-21,1.0,0.0
1975-03-28,1.0,0.0
1975-04-04,1.0,0.0
1975-04-11,1.0,0.0
1975-04-18,1.0,0.0
1975-04-25,1.0,0.0
1975-05-02,1.0,0.0
1975-05-09,1.0,0.0
1975-05-16,1.0,0.0
1975-05-23,1.0,0.0
1975-05-30,1.0,0.0
1975-06-06,0.7,0.3
1975-06-13,0.7,0.3
1975-06-20,0.7,0.3
1975-06-27,0.7,0.3
1975-07-04,0.7,0.3
1975-07-11,0.7,0.3
1975-07-18,0.7,0.3
1975-07-25,0.7,0.3
1975-08-01,0.7,0.3
1975-08-08,0.7,0.3
1975-08-15,0.7,0.3
1975-08-22,0.7,0.3
1975-08-29,0.7,0.3
1975-09-05,0.7,0.3
1975-09-12,0.7,0.3
1975-09-19,0.7,0.3
1975-09-26,0.7,0.3
1975-10-03,0.7,0.3
1975-10-10,0.7,0.3
1975-10-17,0.7,0.3
1975-10-24,0.7,0.3
1975-10-31,0.7,0.3
1975-11-07,0.7,0.3
1975-11-14,0.7,0.3
1975-11-21,0.7,0.3
1975-11-28,0.7,0.3
1975-12-05,0.7,0.3
1975-12-12,0.7,0.3
1975-12-19,0.7,0.3
1975-12-26,0.7,0.29999999999999993
1976-01-02,0.7,0.29999999999999993
1976-01-09,0.7,0.29999999999999993
1976-01-16,0.7,0.29999999999999993
1976-01-23,0.7000000000000001,0.30000000000000004
1976-01-30,0.7000000000000001,0.30000000000000004
1976-02-06,0.7000000000000001,0.30000000000000004
1976-02-13,0.7000000000000001,0.30000000000000004
1976-02-20,0.7000000000000001,0.29999999999999993
1976-02-27,0.7000000000000001,0.29999999999999993
1976-03-05,0.7000000000000001,0.29999999999999993
1976-03-12,0.7000000000000001,0.29999999999999993
1976-03-19,0.7,0.3
1976-03-26,0.7,0.3
1976-04-02,0.7,0.3
1976-04-09,0.7,0.3
1976-04-16,0.7,0.29999999999999993
1976-04-23,0.7,0.29999999999999993
1976-04-30,0.7,0.29999999999999993
1976-05-07,0.7,0.29999999999999993
1976-05-14,0.7000000000000001,0.29999999999999993
1976-05-21,0.7000000000000001,0.29999999999999993
1976-05-28,0.7000000000000001,0.29999999999999993
1976-06-04,0.7000000000000001,0.29999999999999993
1976-06-11,0.7000000000000001,0.29999999999999993
1976-06-18,0.7000000000000001,0.29999999999999993
1976-06-25,0.7000000000000001,0.29999999999999993
1976-07-02,0.7000000000000001,0.29999999999999993
1976-07-09,0.7000000000000001,0.29999999999999993
1976-07-16,0.7000000000000001,0.29999999999999993
1976-07-23,0.7000000000000001,0.29999999999999993
1976-07-30,0.7000000000000001,0.29999999999999993
1976-08-06,0.7000000000000001,0.29999999999999993
1976-08-13,0.7000000000000001,0.29999999999999993
1976-08-20,0.7000000000000001,0.29999999999999993
1976-08-27,0.7000000000000001,0.29999999999999993
1976-09-03,0.7000000000000001,0.29999999999999993
1976-09-10,0.7000000000000001,0.29999999999999993
1976-09-17,0.7000000000000001,0.29999999999999993
1976-09-24,0.7000000000000001,0.29999999999999993
1976-10-01,0.7000000000000001,0.29999999999999993
1976-10-08,0.7000000000000001,0.29999999999999993
1976-10-15,0.7000000000000001,0.29999999999999993
1976-10-22,0.7000000000000001,0.29999999999999993
1976-10-29,0.7000000000000001,0.29999999999999993
1976-11-05,0.7000000000000001,0.29999999999999993
1976-11-12,0.7000000000000001,0.29999999999999993
1976-11-19,0.7000000000000001,0.29999999999999993
1976-11-26,0.7000000000000001,0.29999999999999993
1976-12-03,0.7000000000000001,0.29999999999999993
1976-12-10,0.7000000000000001,0.29999999999999993
1976-12-17,0.7000000000000001,0.29999999999999993
1976-12-24,0.7000000000000001,0.29999999999999993
1976-12-31,0.7000000000000001,0.29999999999999993
1977-01-07,0.7000000000000001,0.29999999999999993
1977-01-14,0.7000000000000001,0.29999999999999993
1977-01-21,0.7000000000000001,0.29999999999999993
1977-01-28,0.7000000000000001,0.29999999999999993
1977-02-04,0.7000000000000001,0.29999999999999993
1977-02-11,0.7000000000000001,0.29999999999999993
1977-02-18,0.7000000000000001,0.29999999999999993
1977-02-25,0.7000000000000001,0.29999999999999993
1977-03-04,0.7000000000000001,0.29999999999999993
1977-03-11,0.7000000000000001,0.29999999999999993
1977-03-18,0.7000000000000001,0.29999999999999993
1977-03-25,0.7000000000000001,0.29999999999999993
1977-04-01,0.7000000000000001,0.29999999999999993
1977-04-08,0.7000000000000001,0.29999999999999993
1977-04-15,0.7000000000000001,0.29999999999999993
1977-04-22,0.7000000000000001,0.29999999999999993
1977-04-29,0.7000000000000001,0.29999999999999993
1977-05-06,1.0,0.0
1977-05-13,1.0,0.0
1977-05-20,1.0,0.0
1977-05-27,1.0,0.0
1977-06-03,1.0,0.0
1977-06-10,1.0,0.0
1977-06-17,1.0,0.0
1977-06-24,1.0,0.0
1977-07-01,1.0,0.0
1977-07-08,0.7000000000000001,0.29999999999999993
1977-07-15,0.7000000000000001,0.29999999999999993
1977-07-22,0.7000000000000001,0.29999999999999993
1977-07-29,0.7000000000000001,0.29999999999999993
1977-08-05,0.7000000000000001,0.29999999999999993
1977-08-12,0.7000000000000001,0.29999999999999993
1977-08-19,0.7000000000000001,0.29999999999999993
1977-08-26,0.7000000000000001,0.29999999999999993
1977-09-02,0.7000000000000001,0.29999999999999993
1977-09-09,0.7000000000000001,0.29999999999999993
1977-09-16,0.7000000000000001,0.29999999999999993
1977-09-23,0.7000000000000001,0.29999999999999993
1977-09-30,0.7000000000000001,0.29999999999999993
1977-10-07,0.7000000000000001,0.29999999999999993
1977-10-14,0.7000000000000001,0.29999999999999993
1977-10-21,0.7000000000000001,0.29999999999999993
1977-10-28,0.7000000000000001,0.29999999999999993
1977-11-04,0.7000000000000001,0.29999999999999993
1977-11-11,0.7000000000000001,0.29999999999999993
1977-11-18,0.7000000000000001,0.29999999999999993
1977-11-25,0.7000000000000001,0.29999999999999993
1977-12-02,0.7000000000000001,0.29999999999999993
1977-12-09,0.7000000000000001,0.29999999999999993
1977-12-16,0.7000000000000001,0.29999999999999993
1977-12-23,1.0,0.0
1977-12-30,0.7000000000000001,0.29999999999999993
1978-01-06,1.0,0.0
1978-01-13,1.0,0.0
1978-01-20,1.0,0.0
1978-01-27,1.0,0.0
1978-02-03,1.0,0.0
1978-02-10,1.0,0.0
1978-02-17,1.0,0.0
1978-02-24,1.0,0.0
1978-03-03,0.7000000000000001,0.29999999999999993
1978-03-10,0.7000000000000001,0.29999999999999993
1978-03-17,0.7000000000000001,0.29999999999999993
1978-03-24,0.7000000000000001,0.29999999999999993
1978-03-31,0.7000000000000001,0.29999999999999993
1978-04-07,0.7000000000000001,0.29999999999999993
1978-04-14,0.7000000000000001,0.29999999999999993
1978-04-21,0.7000000000000001,0.29999999999999993
1978-04-28,0.7000000000000001,0.29999999999999993
1978-05-05,1.0,0.0
1978-05-12,1.0,0.0
1978-05-19,1.0,0.0
1978-05-26,1.0,0.0
1978-06-02,1.0,0.0
1978-06-09,1.0,0.0
1978-06-16,1.0,0.0
1978-06-23,1.0,0.0
1978-06-30,1.0,0.0
1978-07-07,1.0,0.0
1978-07-14,1.0,0.0
1978-07-21,1.0,0.0
1978-07-28,1.0,0.0
1978-08-04,0.7000000000000001,0.29999999999999993
1978-08-11,0.7000000000000001,0.29999999999999993
1978-08-18,0.7000000000000001,0.29999999999999993
1978-08-25,0.7000000000000001,0.29999999999999993
1978-09-01,0.7000000000000001,0.29999999999999993
1978-09-08,0.7000000000000001,0.29999999999999993
1978-09-15,0.7000000000000001,0.29999999999999993
1978-09-22,1.0,0.0
1978-09-29,0.7000000000000001,0.29999999999999993
1978-10-06,0.7000000000000001,0.29999999999999993
1978-10-13,0.7000000000000001,0.29999999999999993
1978-10-20,0.7000000000000001,0.29999999999999993
1978-10-27,1.0,0.0
1978-11-03,1.0,0.0
1978-11-10,0.7000000000000001,0.29999999999999993
1978-11-17,0.7000000000000001,0.29999999999999993
1978-11-24,0.7000000000000001,0.29999999999999993
1978-12-01,0.7,0.3
1978-12-08,0.7,0.3
1978-12-15,0.7,0.3
1978-12-22,0.7,0.3
1978-12-29,0.7,0.3
1979-01-05,0.7000000000000001,0.29999999999999993
1979-01-12,0.7000000000000001,0.29999999999999993
1979-01-19,0.7000000000000001,0.29999999999999993
1979-01-26,0.7000000000000001,0.29999999999999993
1979-02-02,1.0,0.0
1979-02-09,1.0,0.0
1979-02-16,1.0,0.0
1979-02-23,1.0,0.0
1979-03-02,1.0,0.0
1979-03-09,1.0,0.0
1979-03-16,1.0,0.0
1979-03-23,1.0,0.0
1979-03-30,1.0,0.0
1979-04-06,1.0,0.0
1979-04-13,1.0,0.0
1979-04-20,1.0,0.0
1979-04-27,1.0,0.0
1979-05-04,0.7000000000000001,0.29999999999999993
1979-05-11,0.7000000000000001,0.29999999999999993
1979-05-18,0.7000000000000001,0.29999999999999993
1979-05-25,0.7000000000000001,0.29999999999999993
1979-06-01,0.7000000000000001,0.29999999999999993
1979-06-08,0.7000000000000001,0.29999999999999993
1979-06-15,0.7000000000000001,0.29999999999999993
1979-06-22,0.7000000000000001,0.29999999999999993
1979-06-29,0.7000000000000001,0.29999999999999993
1979-07-06,0.7000000000000001,0.29999999999999993
1979-07-13,0.7000000000000001,0.29999999999999993
1979-07-20,0.7000000000000001,0.29999999999999993
1979-07-27,0.7000000000000001,0.29999999999999993
1979-08-03,0.7,0.3
1979-08-10,0.7,0.3
1979-08-17,0.7,0.3
1979-08-24,0.7,0.3
1979-08-31,0.7,0.3
1979-09-07,0.7,0.3
1979-09-14,0.7,0.3
1979-09-21,0.7,0.3
1979-09-28,0.7,0.3
1979-10-05,0.7,0.3
1979-10-12,0.7,0.3
1979-10-19,0.7,0.3
1979-10-26,0.7,0.3
1979-11-02,0.7,0.3
1979-11-09,0.7,0.3
1979-11-16,0.7,0.3
1979-11-23,1.0,0.0
1979-11-30,1.0,0.0
1979-12-07,1.0,0.0
1979-12-14,1.0,0.0
1979-12-21,1.0,0.0
1979-12-28,1.0,0.0
1980-01-04,1.0,0.0
1980-01-11,1.0,0.0
1980-01-18,1.0,0.0
1980-01-25,1.0,0.0
1980-02-01,1.0,0.0
1980-02-08,1.0,0.0
1980-02-15,1.0,0.0
1980-02-22,1.0,0.0
1980-02-29,1.0,0.0
1980-03-07,1.0,0.0
1980-03-14,1.0,0.0
1980-03-21,1.0,0.0
1980-03-28,1.0,0.0
1980-04-04,1.0,0.0
1980-04-11,1.0,0.0
1980-04-18,1.0,0.0
1980-04-25,1.0,0.0
1980-05-02,1.0,0.0
1980-05-09,0.7,0.3
1980-05-16,0.7,0.3
1980-05-23,0.7,0.3
1980-05-30,0.7,0.3
1980-06-06,0.7,0.3
1980-06-13,0.7,0.3
1980-06-20,0.7,0.3
1980-06-27,0.7,0.3
1980-07-04,0.7,0.3
1980-07-11,0.7,0.3
1980-07-18,0.7,0.3
1980-07-25,0.7,0.3
1980-08-01,0.7,0.3
1980-08-08,0.7,0.3
1980-08-15,0.7,0.3
1980-08-22,0.7,0.3
1980-08-29,0.7,0.3
1980-09-05,0.7,0.3
1980-09-12,0.7,0.3
1980-09-19,0.7,0.3
1980-09-26,0.7,0.3
1980-10-03,0.7,0.3
1980-10-10,0.7,0.3
1980-10-17,0.7,0.3
1980-10-24,0.7,0.3
1980-10-31,1.0,0.0
1980-11-07,1.0,0.0
1980-11-14,1.0,0.0
1980-11-21,1.0,0.0
1980-11-28,1.0,0.0
1980-12-05,1.0,0.0
1980-12-12,1.0,0.0
1980-12-19,1.0,0.0
1980-12-26,1.0,0.0
1981-01-02,1.0,0.0
1981-01-09,1.0,0.0
1981-01-16,1.0,0.0
1981-01-23,1.0,0.0
1981-01-30,1.0,0.0
1981-02-06,1.0,0.0
1981-02-13,1.0,0.0
1981-02-20,1.0,0.0
1981-02-27,1.0,0.0
1981-03-06,1.0,0.0
1981-03-13,1.0,0.0
1981-03-20,1.0,0.0
1981-03-27,1.0,0.0
1981-04-03,1.0,0.0
1981-04-10,1.0,0.0
1981-04-17,1.0,0.0
1981-04-24,1.0,0.0
1981-05-01,1.0,0.0
1981-05-08,1.0,0.0
1981-05-15,1.0,0.0
1981-05-22,1.0,0.0
1981-05-29,1.0,0.0
1981-06-05,1.0,0.0
1981-06-12,1.0,0.0
1981-06-19,1.0,0.0
1981-06-26,1.0,0.0
1981-07-03,0.7000000000000001,0.29999999999999993
1981-07-10,0.7000000000000001,0.29999999999999993
1981-07-17,0.7000000000000001,0.29999999999999993
1981-07-24,0.7000000000000001,0.29999999999999993
1981-07-31,0.7000000000000001,0.29999999999999993
1981-08-07,1.0,0.0
1981-08-14,1.0,0.0
1981-08-21,1.0,0.0
1981-08-28,1.0,0.0
1981-09-04,1.0,0.0
1981-09-11,1.0,0.0
1981-09-18,1.0,0.0
1981-09-25,1.0,0.0
1981-10-02,0.7,0.3
1981-10-09,0.7,0.3
1981-10-16,0.7,0.3
1981-10-23,0.7,0.3
1981-10-30,0.7,0.3
1981-11-06,0.7,0.3
1981-11-13,0.7,0.3
1981-11-20,0.7,0.3
1981-11-27,0.7,0.3
1981-12-04,0.7,0.3
1981-12-11,0.7,0.3
1981-12-18,0.7,0.3
1981-12-25,0.7,0.3
1982-01-01,0.7,0.3
1982-01-08,0.7,0.3
1982-01-15,0.7,0.3
1982-01-22,0.7,0.3
1982-01-29,0.7,0.3
1982-02-05,0.7,0.3
1982-02-12,0.7,0.3
1982-02-19,0.7,0.3
1982-02-26,0.7,0.3
1982-03-05,0.7,0.3
1982-03-12,0.7,0.3
1982-03-19,0.7,0.3
1982-03-26,0.7,0.3
1982-04-02,0.7,0.3
1982-04-09,0.7,0.3
1982-04-16,0.7,0.3
1982-04-23,0.7,0.3
1982-04-30,0.7000000000000001,0.29999999999999993
1982-05-07,0.7,0.3
1982-05-14,0.7,0.3
1982-05-21,0.7,0.3
1982-05-28,0.7,0.3
1982-06-04,0.7,0.3
1982-06-11,0.7,0.3
1982-06-18,0.7,0.3
1982-06-25,0.7,0.3
1982-07-02,0.7,0.3
1982-07-09,0.7,0.3
1982-07-16,0.7,0.3
1982-07-23,0.7,0.3
1982-07-30,0.7,0.3
1982-08-06,0.7000000000000001,0.29999999999999993
1982-08-13,0.7000000000000001,0.29999999999999993
1982-08-20,0.7000000000000001,0.29999999999999993
1982-08-27,0.7000000000000001,0.29999999999999993
1982-09-03,0.7000000000000001,0.29999999999999993
1982-09-10,0.7000000000000001,0.29999999999999993
1982-09-17,0.7000000000000001,0.29999999999999993
1982-09-24,0.7000000000000001,0.29999999999999993
1982-10-01,0.7,0.3
1982-10-08,0.7,0.3
1982-10-15,0.7,0.3
1982-10-22,0.7,0.3
1982-10-29,0.7,0.3
1982-11-05,0.7,0.3
1982-11-12,0.7,0.3
1982-11-19,0.7,0.3
1982-11-26,0.7,0.3
1982-12-03,0.7,0.3
1982-12-10,0.7,0.3
1982-12-17,0.7,0.3
1982-12-24,0.7,0.3
1982-12-31,0.7,0.3
1983-01-07,0.7,0.3
1983-01-14,0.7,0.3
1983-01-21,0.7,0.3
1983-01-28,0.7,0.3
1983-02-04,0.7,0.3
1983-02-11,0.7,0.3
1983-02-18,0.7,0.3
1983-02-25,0.7,0.3
1983-03-04,0.7,0.3
1983-03-11,0.7,0.3
1983-03-18,0.7,0.3
1983-03-25,0.7,0.3
1983-04-01,0.7,0.3
1983-04-08,0.8,0.19999999999999987
1983-04-15,0.8,0.19999999999999987
1983-04-22,0.8,0.19999999999999987
1983-04-29,0.8,0.19999999999999987
1983-05-06,0.8,0.19999999999999987
1983-05-13,0.8,0.19999999999999987
1983-05-20,0.8,0.19999999999999987
1983-05-27,0.8,0.19999999999999987
1983-06-03,0.8,0.19999999999999987
1983-06-10,0.8,0.19999999999999987
1983-06-17,0.8,0.19999999999999987
1983-06-24,0.8,0.19999999999999987
1983-07-01,0.8,0.19999999999999987
1983-07-08,0.8,0.19999999999999987
1983-07-15,0.8,0.19999999999999987
1983-07-22,0.8,0.19999999999999987
1983-07-29,1.0,0.0
1983-08-05,1.0,0.0
1983-08-12,1.0,0.0
1983-08-19,1.0,0.0
1983-08-26,1.0,0.0
1983-09-02,1.0,0.0
1983-09-09,1.0,0.0
1983-09-16,1.0,0.0
1983-09-23,1.0,0.0
1983-09-30,1.0,0.0
1983-10-07,1.0,0.0
1983-10-14,1.0,0.0
1983-10-21,1.0,0.0
1983-10-28,1.0,0.0
1983-11-04,1.0,0.0
1983-11-11,1.0,0.0
1983-11-18,1.0,0.0
1983-11-25,1.0,0.0
1983-12-02,1.0,0.0
1983-12-09,1.0,0.0
1983-12-16,1.0,0.0
1983-12-23,1.0,0.0
1983-12-30,1.0,0.0
1984-01-06,1.0,0.0
1984-01-13,1.0,0.0
1984-01-20,1.0,0.0
1984-01-27,1.0,0.0
1984-02-03,1.0,0.0
1984-02-10,1.0,0.0
1984-02-17,1.0,0.0
1984-02-24,1.0,0.0
1984-03-02,1.0,0.0
1984-03-09,1.0,0.0
1984-03-16,1.0,0.0
1984-03-23,1.0,0.0
1984-03-30,1.0,0.0
1984-04-06,1.0,0.0
1984-04-13,1.0,0.0
1984-04-20,1.0,0.0
1984-04-27,1.0,0.0
1984-05-04,1.0,0.0
1984-05-11,1.0,0.0
1984-05-18,1.0,0.0
1984-05-25,1.0,0.0
1984-06-01,1.0,0.0
1984-06-08,1.0,0.0
1984-06-15,1.0,0.0
1984-06-22,1.0,0.0
1984-06-29,1.0,0.0
1984-07-06,1.0,0.0
1984-07-13,1.0,0.0
1984-07-20,1.0,0.0
1984-07-27,1.0,0.0
1984-08-03,1.0,0.0
1984-08-10,1.0,0.0
1984-08-17,1.0,0.0
1984-08-24,1.0,0.0
1984-08-31,1.0,0.0
1984-09-07,1.0,0.0
1984-09-14,1.0,0.0
1984-09-21,1.0,0.0
1984-09-28,1.0,0.0
1984-10-05,1.0,0.0
1984-10-12,1.0,0.0
1984-10-19,1.0,0.0
1984-10-26,1.0,0.0
1984-11-02,1.0,0.0
1984-11-09,1.0,0.0
1984-11-16,1.0,0.0
1984-11-23,1.0,0.0
1984-11-30,1.0,0.0
1984-12-07,1.0,0.0
1984-12-14,1.0,0.0
1984-12-21,1.0,0.0
1984-12-28,1.0,0.0
1985-01-04,1.0,0.0
1985-01-11,1.0,0.0
1985-01-18,1.0,0.0
1985-01-25,1.0,0.0
1985-02-01,1.0,0.0
1985-02-08,1.0,0.0
1985-02-15,1.0,0.0
1985-02-22,1.0,0.0
1985-03-01,1.0,0.0
1985-03-08,1.0,0.0
1985-03-15,1.0,0.0
1985-03-22,1.0,0.0
1985-03-29,1.0,0.0
1985-04-05,1.0,0.0
1985-04-12,1.0,0.0
1985-04-19,1.0,0.0
1985-04-26,1.0,0.0
1985-05-03,1.0,0.0
1985-05-10,1.0,0.0
1985-05-17,1.0,0.0
1985-05-24,1.0,0.0
1985-05-31,1.0,0.0
1985-06-07,1.0,0.0
1985-06-14,1.0,0.0
1985-06-21,1.0,0.0
1985-06-28,1.0,0.0
1985-07-05,1.0,0.0
1985-07-12,1.0,0.0
1985-07-19,1.0,0.0
1985-07-26,1.0,0.0
1985-08-02,1.0,0.0
1985-08-09,1.0,0.0
1985-08-16,1.0,0.0
1985-08-23,1.0,0.0
1985-08-30,1.0,0.0
1985-09-06,1.0,0.0
1985-09-13,1.0,0.0
1985-09-20,1.0,0.0
1985-09-27,1.0,0.0
1985-10-04,1.0,0.0
1985-10-11,1.0,0.0
1985-10-18,1.0,0.0
1985-10-25,0.19999999999999993,0.8
1985-11-01,0.19999999999999993,0.8
1985-11-08,0.19999999999999993,0.8
1985-11-15,0.19999999999999993,0.8
1985-11-22,0.19999999999999993,0.8
1985-11-29,0.19999999999999993,0.8
1985-12-06,0.19999999999999993,0.8
1985-12-13,0.19999999999999993,0.8
1985-12-20,0.19999999999999996,0.8000000000000002
1985-12-27,0.19999999999999996,0.8000000000000002
1986-01-03,0.19999999999999996,0.8000000000000002
1986-01-10,0.19999999999999996,0.8000000000000002
1986-01-17,0.19999999999999996,0.8
1986-01-24,0.19999999999999996,0.8
1986-01-31,0.19999999999999996,0.8
1986-02-07,0.19999999999999996,0.8
1986-02-14,0.19999999999999996,0.8
1986-02-21,0.19999999999999996,0.8
1986-02-28,0.19999999999999996,0.8
1986-03-07,0.19999999999999996,0.8
1986-03-14,0.1999999999999999,0.8000000000000002
1986-03-21,0.1999999999999999,0.8000000000000002
1986-03-28,0.1999999999999999,0.8000000000000002
1986-04-04,0.19999999999999987,0.8
1986-04-11,0.19999999999999987,0.8
1986-04-18,0.19999999999999987,0.8
1986-04-25,0.19999999999999987,0.8
1986-05-02,0.19999999999999987,0.8
1986-05-09,0.19999999999999987,0.8
1986-05-16,0.19999999999999987,0.8
1986-05-23,0.19999999999999987,0.8
1986-05-30,0.19999999999999987,0.8
1986-06-06,0.19999999999999987,0.8
1986-06-13,0.19999999999999987,0.8
1986-06-20,0.19999999999999987,0.8
1986-06-27,0.19999999999999987,0.8
1986-07-04,0.19999999999999987,0.8
1986-07-11,0.19999999999999987,0.8
1986-07-18,0.19999999999999987,0.8
1986-07-25,0.19999999999999987,0.8
1986-08-01,0.19999999999999987,0.8
1986-08-08,0.19999999999999987,0.8
1986-08-15,0.19999999999999987,0.8
1986-08-22,0.19999999999999987,0.8
1986-08-29,0.19999999999999987,0.8
1986-09-05,0.19999999999999987,0.8
1986-09-12,0.19999999999999987,0.8
1986-09-19,0.19999999999999987,0.8
1986-09-26,0.19999999999999987,0.8
1986-10-03,0.19999999999999987,0.8
1986-10-10,0.19999999999999987,0.8
1986-10-17,0.19999999999999987,0.8
1986-10-24,0.19999999999999987,0.8
1986-10-31,0.19999999999999987,0.8
1986-11-07,0.19999999999999987,0.8
1986-11-14,0.19999999999999987,0.8
1986-11-21,0.19999999999999987,0.8
1986-11-28,0.19999999999999987,0.8
1986-12-05,0.19999999999999987,0.8
1986-12-12,0.19999999999999987,0.8
1986-12-19,0.19999999999999987,0.8
1986-12-26,0.19999999999999987,0.8
1987-01-02,0.19999999999999987,0.8
1987-01-09,0.19999999999999987,0.8
1987-01-16,0.19999999999999987,0.8
1987-01-23,0.19999999999999987,0.8
1987-01-30,0.19999999999999987,0.8
1987-02-06,0.19999999999999987,0.8
1987-02-13,0.19999999999999987,0.8
1987-02-20,0.19999999999999987,0.8
1987-02-27,0.19999999999999987,0.8
1987-03-06,0.19999999999999987,0.8
1987-03-13,0.19999999999999987,0.8
1987-03-20,0.19999999999999987,0.8
1987-03-27,0.19999999999999987,0.8
1987-04-03,0.5,0.5
1987-04-10,1.0,0.0
1987-04-17,1.0,0.0
1987-04-24,1.0,0.0
1987-05-01,1.0,0.0
1987-05-08,1.0,0.0
1987-05-15,1.0,0.0
1987-05-22,1.0,0.0
1987-05-29,1.0,0.0
1987-06-05,1.0,0.0
1987-06-12,1.0,0.0
1987-06-19,1.0,0.0
1987-06-26,1.0,0.0
1987-07-03,1.0,0.0
1987-07-10,1.0,0.0
1987-07-17,1.0,0.0
1987-07-24,1.0,0.0
1987-07-31,1.0,0.0
1987-08-07,1.0,0.0
1987-08-14,1.0,0.0
1987-08-21,1.0,0.0
1987-08-28,1.0,0.0
1987-09-04,1.0,0.0
1987-09-11,1.0,0.0
1987-09-18,1.0,0.0
1987-09-25,1.0,0.0
1987-10-02,1.0,0.0
1987-10-09,1.0,0.0
1987-10-16,1.0,0.0
1987-10-23,1.0,0.0
1987-10-30,1.0,0.0
1987-11-06,0.19999999999999993,0.8
1987-11-13,0.19999999999999993,0.8
1987-11-20,0.19999999999999993,0.8
1987-11-27,0.19999999999999993,0.8
1987-12-04,0.19999999999999993,0.8
1987-12-11,0.19999999999999993,0.8
1987-12-18,0.19999999999999993,0.8
1987-12-25,0.19999999999999993,0.8
1988-01-01,0.19999999999999996,0.8000000000000002
1988-01-08,0.19999999999999996,0.8000000000000002
1988-01-15,0.19999999999999996,0.8000000000000002
1988-01-22,0.19999999999999996,0.8000000000000002
1988-01-29,0.19999999999999996,0.8
1988-02-05,0.19999999999999996,0.8
1988-02-12,0.19999999999999996,0.8
1988-02-19,0.19999999999999996,0.8
1988-02-26,0.19999999999999996,0.8
1988-03-04,0.19999999999999996,0.8
1988-03-11,0.19999999999999996,0.8
1988-03-18,0.19999999999999996,0.8
1988-03-25,0.1999999999999999,0.8000000000000002
1988-04-01,0.1999999999999999,0.8000000000000002
1988-04-08,0.1999999999999999,0.8000000000000002
1988-04-15,0.1999999999999999,0.8000000000000002
1988-04-22,0.1999999999999999,0.8000000000000002
1988-04-29,0.1999999999999999,0.8000000000000002
1988-05-06,0.1999999999999999,0.8000000000000002
1988-05-13,0.1999999999999999,0.8000000000000002
1988-05-20,0.1999999999999999,0.8000000000000002
1988-05-27,0.1999999999999999,0.8000000000000002
1988-06-03,0.1999999999999999,0.8000000000000002
1988-06-10,0.1999999999999999,0.8000000000000002
1988-06-17,0.1999999999999999,0.8000000000000002
1988-06-24,0.1999999999999999,0.8000000000000002
1988-07-01,0.1999999999999999,0.8000000000000002
1988-07-08,0.1999999999999999,0.8000000000000002
1988-07-15,0.1999999999999999,0.8000000000000002
1988-07-22,1.0,0.0
1988-07-29,1.0,0.0
1988-08-05,1.0,0.0
1988-08-12,1.0,0.0
1988-08-19,1.0,0.0
1988-08-26,1.0,0.0
1988-09-02,1.0,0.0
1988-09-09,1.0,0.0
1988-09-16,1.0,0.0
1988-09-23,0.1999999999999999,0.8000000000000002
1988-09-30,0.1999999999999999,0.8000000000000002
1988-10-07,0.1999999999999999,0.8000000000000002
1988-10-14,0.1999999999999999,0.8000000000000002
1988-10-21,0.1999999999999999,0.8000000000000002
1988-10-28,0.1999999999999999,0.8000000000000002
1988-11-04,0.1999999999999999,0.8000000000000002
1988-11-11,0.1999999999999999,0.8000000000000002
1988-11-18,0.1999999999999999,0.8000000000000002
1988-11-25,0.1999999999999999,0.8000000000000002
1988-12-02,0.1999999999999999,0.8000000000000002
1988-12-09,0.1999999999999999,0.8000000000000002
1988-12-16,0.1999999999999999,0.8000000000000002
1988-12-23,0.1999999999999999,0.8000000000000002
1988-12-30,0.1999999999999999,0.8000000000000002
1989-01-06,0.1999999999999999,0.8000000000000002
1989-01-13,0.1999999999999999,0.8000000000000002
1989-01-20,0.1999999999999999,0.8000000000000002
1989-01-27,0.1999999999999999,0.8000000000000002
1989-02-03,0.1999999999999999,0.8000000000000002
1989-02-10,0.1999999999999999,0.8000000000000002
1989-02-17,0.1999999999999999,0.8000000000000002
1989-02-24,0.1999999999999999,0.8000000000000002
1989-03-03,0.1999999999999999,0.8000000000000002
1989-03-10,0.1999999999999999,0.8000000000000002
1989-03-17,1.0,0.0
1989-03-24,0.1999999999999999,0.8000000000000002
1989-03-31,0.1999999999999999,0.8000000000000002
1989-04-07,1.0,0.0
1989-04-14,0.1999999999999999,0.8000000000000002
1989-04-21,0.1999999999999999,0.8000000000000002
1989-04-28,0.1999999999999999,0.8000000000000002
1989-05-05,0.1999999999999999,0.8000000000000002
1989-05-12,0.1999999999999999,0.8000000000000002
1989-05-19,0.1999999999999999,0.8000000000000002
1989-05-26,0.1999999999999999,0.8000000000000002
1989-06-02,0.1999999999999999,0.8000000000000002
1989-06-09,0.1999999999999999,0.8000000000000002
1989-06-16,0.1999999999999999,0.8000000000000002
1989-06-23,0.1999999999999999,0.8000000000000002
1989-06-30,0.1999999999999999,0.8000000000000002
1989-07-07,0.1999999999999999,0.8000000000000002
1989-07-14,0.1999999999999999,0.8000000000000002
1989-07-21,0.1999999999999999,0.8000000000000002
1989-07-28,0.1999999999999999,0.8000000000000002
1989-08-04,0.1999999999999999,0.8000000000000002
1989-08-11,0.1999999999999999,0.8000000000000002
1989-08-18,0.1999999999999999,0.8000000000000002
1989-08-25,0.1999999999999999,0.8000000000000002
1989-09-01,0.1999999999999999,0.8000000000000002
1989-09-08,0.1999999999999999,0.8000000000000002
1989-09-15,0.1999999999999999,0.8000000000000002
1989-09-22,0.1999999999999999,0.8000000000000002
1989-09-29,0.1999999999999999,0.8000000000000002
1989-10-06,0.1999999999999999,0.8000000000000002
1989-10-13,0.1999999999999999,0.8000000000000002
1989-10-20,0.1999999999999999,0.8000000000000002
1989-10-27,0.1999999999999999,0.8000000000000002
1989-11-03,0.1999999999999999,0.8000000000000002
1989-11-10,0.1999999999999999,0.8000000000000002
1989-11-17,0.1999999999999999,0.8000000000000002
1989-11-24,0.1999999999999999,0.8000000000000002
1989-12-01,0.1999999999999999,0.8000000000000002
1989-12-08,0.1999999999999999,0.8000000000000002
1989-12-15,0.1999999999999999,0.8000000000000002
1989-12-22,0.1999999999999999,0.8000000000000002
1989-12-29,0.1999999999999999,0.8000000000000002
1990-01-05,0.1999999999999999,0.8000000000000002
1990-01-12,0.1999999999999999,0.8000000000000002
1990-01-19,0.1999999999999999,0.8000000000000002
1990-01-26,0.1999999999999999,0.8000000000000002
1990-02-02,0.1999999999999999,0.8000000000000002
1990-02-09,0.1999999999999999,0.8000000000000002
1990-02-16,0.1999999999999999,0.8000000000000002
1990-02-23,0.1999999999999999,0.8000000000000002
1990-03-02,0.1999999999999999,0.8000000000000002
1990-03-09,0.1999999999999999,0.8000000000000002
1990-03-16,0.1999999999999999,0.8000000000000002
1990-03-23,0.1999999999999999,0.8000000000000002
1990-03-30,0.1999999999999999,0.8000000000000002
1990-04-06,0.1999999999999999,0.8000000000000002
1990-04-13,0.1999999999999999,0.8000000000000002
1990-04-20,0.1999999999999999,0.8000000000000002
1990-04-27,0.1999999999999999,0.8000000000000002
1990-05-04,0.1999999999999999,0.8000000000000002
1990-05-11,0.1999999999999999,0.8000000000000002
1990-05-18,0.1999999999999999,0.8000000000000002
1990-05-25,0.1999999999999999,0.8000000000000002
1990-06-01,0.1999999999999999,0.8000000000000002
1990-06-08,0.1999999999999999,0.8000000000000002
1990-06-15,0.1999999999999999,0.8000000000000002
1990-06-22,0.1999999999999999,0.8000000000000002
1990-06-29,0.1999999999999999,0.8000000000000002
1990-07-06,0.1999999999999999,0.8000000000000002
1990-07-13,0.1999999999999999,0.8000000000000002
1990-07-20,0.1999999999999999,0.8000000000000002
1990-07-27,0.1999999999999999,0.8000000000000002
1990-08-03,0.1999999999999999,0.8000000000000002
1990-08-10,0.1999999999999999,0.8000000000000002
1990-08-17,0.1999999999999999,0.8000000000000002
1990-08-24,0.1999999999999999,0.8000000000000002
1990-08-31,0.1999999999999999,0.8000000000000002
1990-09-07,0.19999999999999984,0.8000000000000002
1990-09-14,0.19999999999999984,0.8000000000000002
1990-09-21,0.19999999999999984,0.8000000000000002
1990-09-28,0.19999999999999984,0.8000000000000002
1990-10-05,0.19999999999999984,0.8000000000000002
1990-10-12,0.19999999999999984,0.8000000000000002
1990-10-19,0.19999999999999984,0.8000000000000002
1990-10-26,0.19999999999999984,0.8000000000000002
1990-11-02,0.19999999999999984,0.8000000000000002
1990-11-09,0.19999999999999984,0.8000000000000002
1990-11-16,0.19999999999999984,0.8000000000000002
1990-11-23,0.19999999999999984,0.8000000000000002
1990-11-30,0.1999999999999999,0.8000000000000002
1990-12-07,0.19999999999999984,0.8000000000000002
1990-12-14,0.19999999999999984,0.8000000000000002
1990-12-21,0.19999999999999984,0.8000000000000002
1990-12-28,0.19999999999999984,0.8000000000000002
1991-01-04,0.1999999999999999,0.8000000000000002
1991-01-11,0.1999999999999999,0.8000000000000002
1991-01-18,0.1999999999999999,0.8000000000000002
1991-01-25,0.1999999999999999,0.8000000000000002
1991-02-01,0.19999999999999987,0.8
1991-02-08,0.19999999999999987,0.8
1991-02-15,0.19999999999999987,0.8
1991-02-22,0.19999999999999987,0.8
1991-03-01,0.19999999999999987,0.8
1991-03-08,0.19999999999999987,0.8
1991-03-15,0.19999999999999987,0.8
1991-03-22,0.19999999999999987,0.8
1991-03-29,0.19999999999999987,0.8
1991-04-05,0.19999999999999987,0.8
1991-04-12,0.19999999999999987,0.8
1991-04-19,0.19999999999999987,0.8
1991-04-26,0.19999999999999987,0.8
1991-05-03,0.19999999999999987,0.8
1991-05-10,0.19999999999999987,0.8
1991-05-17,0.19999999999999987,0.8
1991-05-24,0.19999999999999987,0.8
1991-05-31,0.19999999999999987,0.8
1991-06-07,0.19999999999999987,0.8
1991-06-14,0.19999999999999987,0.8
1991-06-21,0.19999999999999987,0.8
1991-06-28,0.19999999999999987,0.8
1991-07-05,0.19999999999999987,0.8
1991-07-12,0.19999999999999987,0.8
1991-07-19,0.19999999999999987,0.8
1991-07-26,0.19999999999999987,0.8
1991-08-02,0.19999999999999987,0.8
1991-08-09,0.19999999999999987,0.8
1991-08-16,0.19999999999999987,0.8
1991-08-23,0.19999999999999987,0.8
1991-08-30,0.19999999999999987,0.8
1991-09-06,0.19999999999999987,0.8
1991-09-13,0.19999999999999987,0.8
1991-09-20,0.19999999999999987,0.8
1991-09-27,0.19999999999999987,0.8
1991-10-04,0.19999999999999987,0.8
1991-10-11,0.19999999999999987,0.8
1991-10-18,0.19999999999999987,0.8
1991-10-25,0.19999999999999987,0.8
1991-11-01,0.19999999999999987,0.8
1991-11-08,0.19999999999999987,0.8
1991-11-15,0.19999999999999987,0.8
1991-11-22,0.19999999999999987,0.8
1991-11-29,0.19999999999999987,0.8
1991-12-06,0.19999999999999987,0.8
1991-12-13,1.0,0.0
1991-12-20,1.0,0.0
1991-12-27,1.0,0.0
1992-01-03,1.0,0.0
1992-01-10,1.0,0.0
1992-01-17,1.0,0.0
1992-01-24,1.0,0.0
1992-01-31,1.0,0.0
1992-02-07,1.0,0.0
1992-02-14,1.0,0.0
1992-02-21,1.0,0.0
1992-02-28,1.0,0.0
1992-03-06,1.0,0.0
1992-03-13,1.0,0.0
1992-03-20,1.0,0.0
1992-03-27,1.0,0.0
1992-04-03,1.0,0.0
1992-04-10,1.0,0.0
1992-04-17,1.0,0.0
1992-04-24,1.0,0.0
1992-05-01,1.0,0.0
1992-05-08,1.0,0.0
1992-05-15,1.0,0.0
1992-05-22,1.0,0.0
1992-05-29,1.0,0.0
1992-06-05,1.0,0.0
1992-06-12,1.0,0.0
1992-06-19,1.0,0.0
1992-06-26,1.0,0.0
1992-07-03,1.0,0.0
1992-07-10,1.0,0.0
1992-07-17,1.0,0.0
1992-07-24,1.0,0.0
1992-07-31,1.0,0.0
1992-08-07,1.0,0.0
1992-08-14,1.0,0.0
1992-08-21,1.0,0.0
1992-08-28,1.0,0.0
1992-09-04,1.0,0.0
1992-09-11,1.0,0.0
1992-09-18,1.0,0.0
1992-09-25,1.0,0.0
1992-10-02,1.0,0.0
1992-10-09,1.0,0.0
1992-10-16,1.0,0.0
1992-10-23,1.0,0.0
1992-10-30,1.0,0.0
1992-11-06,1.0,0.0
1992-11-13,1.0,0.0
1992-11-20,1.0,0.0
1992-11-27,1.0,0.0
1992-12-04,1.0,0.0
1992-12-11,1.0,0.0
1992-12-18,1.0,0.0
1992-12-25,1.0,0.0
1993-01-01,1.0,0.0
1993-01-08,1.0,0.0
1993-01-15,1.0,0.0
1993-01-22,1.0,0.0
1993-01-29,1.0,0.0
1993-02-05,1.0,0.0
1993-02-12,1.0,0.0
1993-02-19,1.0,0.0
1993-02-26,1.0,0.0
1993-03-05,1.0,0.0
1993-03-12,1.0,0.0
1993-03-19,1.0,0.0
1993-03-26,1.0,0.0
1993-04-02,1.0,0.0
1993-04-09,1.0,0.0
1993-04-16,1.0,0.0
1993-04-23,1.0,0.0
1993-04-30,1.0,0.0
1993-05-07,1.0,0.0
1993-05-14,0.1999999999999999,0.8
1993-05-21,0.1999999999999999,0.8
1993-05-28,0.1999999999999999,0.8
1993-06-04,0.1999999999999999,0.8
1993-06-11,0.1999999999999999,0.8
1993-06-18,0.1999999999999999,0.8
1993-06-25,0.1999999999999999,0.8
1993-07-02,0.1999999999999999,0.8
1993-07-09,0.1999999999999999,0.8
1993-07-16,0.1999999999999999,0.8
1993-07-23,0.1999999999999999,0.8
1993-07-30,0.1999999999999999,0.8
1993-08-06,0.1999999999999999,0.8
1993-08-13,0.1999999999999999,0.8
1993-08-20,0.1999999999999999,0.8
1993-08-27,0.1999999999999999,0.8
1993-09-03,0.1999999999999999,0.8
1993-09-10,0.1999999999999999,0.8
1993-09-17,0.1999999999999999,0.8
1993-09-24,0.1999999999999999,0.8
1993-10-01,0.1999999999999999,0.8
1993-10-08,0.1999999999999999,0.8
1993-10-15,0.1999999999999999,0.8
1993-10-22,0.1999999999999999,0.8
1993-10-29,0.1999999999999999,0.8
1993-11-05,0.1999999999999999,0.8
1993-11-12,0.1999999999999999,0.8
1993-11-19,0.1999999999999999,0.8
1993-11-26,0.1999999999999999,0.8
1993-12-03,0.1999999999999999,0.8
1993-12-10,0.1999999999999999,0.8
1993-12-17,0.1999999999999999,0.8
1993-12-24,0.1999999999999999,0.8
1993-12-31,0.5,0.5
1994-01-07,0.5,0.5
1994-01-14,0.5,0.5
1994-01-21,0.5,0.5
1994-01-28,0.5,0.5
1994-02-04,0.5,0.5
1994-02-11,0.5,0.5
1994-02-18,0.5,0.5
1994-02-25,0.5,0.5
1994-03-04,0.5,0.5
1994-03-11,0.5,0.5
1994-03-18,0.5,0.5
1994-03-25,0.5,0.5
1994-04-01,1.0,0.0
1994-04-08,1.0,0.0
1994-04-15,1.0,0.0
1994-04-22,1.0,0.0
1994-04-29,1.0,0.0
1994-05-06,1.0,0.0
1994-05-13,1.0,0.0
1994-05-20,1.0,0.0
1994-05-27,1.0,0.0
1994-06-03,1.0,0.0
1994-06-10,1.0,0.0
1994-06-17,1.0,0.0
1994-06-24,1.0,0.0
1994-07-01,1.0,0.0
1994-07-08,1.0,0.0
1994-07-15,1.0,0.0
1994-07-22,1.0,0.0
1994-07-29,1.0,0.0
1994-08-05,1.0,0.0
1994-08-12,1.0,0.0
1994-08-19,1.0,0.0
1994-08-26,1.0,0.0
1994-09-02,1.0,0.0
1994-09-09,1.0,0.0
1994-09-16,1.0,0.0
1994-09-23,1.0,0.0
1994-09-30,1.0,0.0
1994-10-07,1.0,0.0
1994-10-14,1.0,0.0
1994-10-21,1.0,0.0
1994-10-28,1.0,0.0
1994-11-04,1.0,0.0
1994-11-11,1.0,0.0
1994-11-18,1.0,0.0
1994-11-25,1.0,0.0
1994-12-02,1.0,0.0
1994-12-09,1.0,0.0
1994-12-16,1.0,0.0
1994-12-23,1.0,0.0
1994-12-30,1.0,0.0
1995-01-06,1.0,0.0
1995-01-13,1.0,0.0
1995-01-20,1.0,0.0
1995-01-27,1.0,0.0
1995-02-03,1.0,0.0
1995-02-10,1.0,0.0
1995-02-17,1.0,0.0
1995-02-24,1.0,0.0
1995-03-03,1.0,0.0
1995-03-10,1.0,0.0
1995-03-17,1.0,0.0
1995-03-24,1.0,0.0
1995-03-31,1.0,0.0
1995-04-07,1.0,0.0
1995-04-14,1.0,0.0
1995-04-21,1.0,0.0
1995-04-28,1.0,0.0
1995-05-05,1.0,0.0
1995-05-12,1.0,0.0
1995-05-19,1.0,0.0
1995-05-26,1.0,0.0
1995-06-02,1.0,0.0
1995-06-09,1.0,0.0
1995-06-16,1.0,0.0
1995-06-23,1.0,0.0
1995-06-30,1.0,0.0
1995-07-07,1.0,0.0
1995-07-14,1.0,0.0
1995-07-21,1.0,0.0
1995-07-28,1.0,0.0
1995-08-04,1.0,0.0
1995-08-11,1.0,0.0
1995-08-18,1.0,0.0
1995-08-25,1.0,0.0
1995-09-01,1.0,0.0
1995-09-08,1.0,0.0
1995-09-15,1.0,0.0
1995-09-22,1.0,0.0
1995-09-29,1.0,0.0
1995-10-06,1.0,0.0
1995-10-13,1.0,0.0
1995-10-20,1.0,0.0
1995-10-27,1.0,0.0
1995-11-03,1.0,0.0
1995-11-10,1.0,0.0
1995-11-17,1.0,0.0
1995-11-24,1.0,0.0
1995-12-01,1.0,0.0
1995-12-08,1.0,0.0
1995-12-15,1.0,0.0
1995-12-22,1.0,0.0
1995-12-29,1.0,0.0
1996-01-05,1.0,0.0
1996-01-12,1.0,0.0
1996-01-19,1.0,0.0
1996-01-26,1.0,0.0
1996-02-02,1.0,0.0
1996-02-09,1.0,0.0
1996-02-16,1.0,0.0
1996-02-23,1.0,0.0
1996-03-01,1.0,0.0
1996-03-08,1.0,0.0
1996-03-15,1.0,0.0
1996-03-22,1.0,0.0
1996-03-29,1.0,0.0
1996-04-05,1.0,0.0
1996-04-12,1.0,0.0
1996-04-19,1.0,0.0
1996-04-26,1.0,0.0
1996-05-03,1.0,0.0
1996-05-10,1.0,0.0
1996-05-17,1.0,0.0
1996-05-24,1.0,0.0
1996-05-31,1.0,0.0
1996-06-07,1.0,0.0
1996-06-14,1.0,0.0
1996-06-21,1.0,0.0
1996-06-28,1.0,0.0
1996-07-05,1.0,0.0
1996-07-12,1.0,0.0
1996-07-19,1.0,0.0
1996-07-26,1.0,0.0
1996-08-02,1.0,0.0
1996-08-09,1.0,0.0
1996-08-16,1.0,0.0
1996-08-23,1.0,0.0
1996-08-30,1.0,0.0
1996-09-06,1.0,0.0
1996-09-13,1.0,0.0
1996-09-20,1.0,0.0
1996-09-27,1.0,0.0
1996-10-04,1.0,0.0
1996-10-11,1.0,0.0
1996-10-18,1.0,0.0
1996-10-25,1.0,0.0
1996-11-01,1.0,0.0
1996-11-08,1.0,0.0
1996-11-15,1.0,0.0
1996-11-22,1.0,0.0
1996-11-29,1.0,0.0
1996-12-06,1.0,0.0
1996-12-13,1.0,0.0
1996-12-20,1.0,0.0
1996-12-27,1.0,0.0
1997-01-03,1.0,0.0
1997-01-10,1.0,0.0
1997-01-17,1.0,0.0
1997-01-24,1.0,0.0
1997-01-31,1.0,0.0
1997-02-07,1.0,0.0
1997-02-14,1.0,0.0
1997-02-21,1.0,0.0
1997-02-28,1.0,0.0
1997-03-07,1.0,0.0
1997-03-14,1.0,0.0
1997-03-21,1.0,0.0
1997-03-28,1.0,0.0
1997-04-04,1.0,0.0
1997-04-11,1.0,0.0
1997-04-18,1.0,0.0
1997-04-25,1.0,0.0
1997-05-02,1.0,0.0
1997-05-09,1.0,0.0
1997-05-16,1.0,0.0
1997-05-23,1.0,0.0
1997-05-30,1.0,0.0
1997-06-06,1.0,0.0
1997-06-13,1.0,0.0
1997-06-20,1.0,0.0
1997-06-27,1.0,0.0
1997-07-04,1.0,0.0
1997-07-11,1.0,0.0
1997-07-18,1.0,0.0
1997-07-25,1.0,0.0
1997-08-01,1.0,0.0
1997-08-08,1.0,0.0
1997-08-15,1.0,0.0
1997-08-22,1.0,0.0
1997-08-29,1.0,0.0
1997-09-05,1.0,0.0
1997-09-12,1.0,0.0
1997-09-19,1.0,0.0
1997-09-26,1.0,0.0
1997-10-03,1.0,0.0
1997-10-10,1.0,0.0
1997-10-17,1.0,0.0
1997-10-24,1.0,0.0
1997-10-31,1.0,0.0
1997-11-07,1.0,0.0
1997-11-14,1.0,0.0
1997-11-21,1.0,0.0
1997-11-28,1.0,0.0
1997-12-05,1.0,0.0
1997-12-12,1.0,0.0
1997-12-19,1.0,0.0
1997-12-26,1.0,0.0
1998-01-02,1.0,0.0
1998-01-09,1.0,0.0
1998-01-16,1.0,0.0
1998-01-23,1.0,0.0
1998-01-30,1.0,0.0
1998-02-06,1.0,0.0
1998-02-13,1.0,0.0
1998-02-20,1.0,0.0
1998-02-27,1.0,0.0
1998-03-06,1.0,0.0
1998-03-13,1.0,0.0
1998-03-20,1.0,0.0
1998-03-27,1.0,0.0
1998-04-03,1.0,0.0
1998-04-10,1.0,0.0
1998-04-17,1.0,0.0
1998-04-24,1.0,0.0
1998-05-01,1.0,0.0
1998-05-08,1.0,0.0
1998-05-15,1.0,0.0
1998-05-22,1.0,0.0
1998-05-29,1.0,0.0
1998-06-05,1.0,0.0
1998-06-12,1.0,0.0
1998-06-19,1.0,0.0
1998-06-26,1.0,0.0
1998-07-03,1.0,0.0
1998-07-10,1.0,0.0
1998-07-17,1.0,0.0
1998-07-24,1.0,0.0
1998-07-31,1.0,0.0
1998-08-07,1.0,0.0
1998-08-14,1.0,0.0
1998-08-21,1.0,0.0
1998-08-28,1.0,0.0
1998-09-04,1.0,0.0
1998-09-11,1.0,0.0
1998-09-18,1.0,0.0
1998-09-25,1.0,0.0
1998-10-02,1.0,0.0
1998-10-09,1.0,0.0
1998-10-16,1.0,0.0
1998-10-23,1.0,0.0
1998-10-30,1.0,0.0
1998-11-06,1.0,0.0
1998-11-13,1.0,0.0
1998-11-20,1.0,0.0
1998-11-27,1.0,0.0
1998-12-04,1.0,0.0
1998-12-11,1.0,0.0
1998-12-18,1.0,0.0
1998-12-25,1.0,0.0
1999-01-01,1.0,0.0
1999-01-08,1.0,0.0
1999-01-15,1.0,0.0
1999-01-22,1.0,0.0
1999-01-29,1.0,0.0
1999-02-05,1.0,0.0
1999-02-12,1.0,0.0
1999-02-19,1.0,0.0
1999-02-26,1.0,0.0
1999-03-05,1.0,0.0
1999-03-12,1.0,0.0
1999-03-19,1.0,0.0
1999-03-26,1.0,0.0
1999-04-02,1.0,0.0
1999-04-09,1.0,0.0
1999-04-16,1.0,0.0
1999-04-23,1.0,0.0
1999-04-30,1.0,0.0
1999-05-07,1.0,0.0
1999-05-14,1.0,0.0
1999-05-21,1.0,0.0
1999-05-28,1.0,0.0
1999-06-04,1.0,0.0
1999-06-11,1.0,0.0
1999-06-18,1.0,0.0
1999-06-25,1.0,0.0
1999-07-02,1.0,0.0
1999-07-09,1.0,0.0
1999-07-16,1.0,0.0
1999-07-23,1.0,0.0
1999-07-30,1.0,0.0
1999-08-06,1.0,0.0
1999-08-13,1.0,0.0
1999-08-20,1.0,0.0
1999-08-27,1.0,0.0
1999-09-03,1.0,0.0
1999-09-10,1.0,0.0
1999-09-17,1.0,0.0
1999-09-24,1.0,0.0
1999-10-01,1.0,0.0
1999-10-08,1.0,0.0
1999-10-15,1.0,0.0
1999-10-22,1.0,0.0
1999-10-29,1.0,0.0
1999-11-05,1.0,0.0
1999-11-12,1.0,0.0
1999-11-19,1.0,0.0
1999-11-26,1.0,0.0
1999-12-03,1.0,0.0
1999-12-10,1.0,0.0
1999-12-17,1.0,0.0
1999-12-24,1.0,0.0
1999-12-31,1.0,0.0
2000-01-07,1.0,0.0
2000-01-14,1.0,0.0
2000-01-21,1.0,0.0
2000-01-28,1.0,0.0
2000-02-04,1.0,0.0
2000-02-11,1.0,0.0
2000-02-18,1.0,0.0
2000-02-25,1.0,0.0
2000-03-03,1.0,0.0
2000-03-10,1.0,0.0
2000-03-17,1.0,0.0
2000-03-24,1.0,0.0
2000-03-31,1.0,0.0
2000-04-07,1.0,0.0
2000-04-14,1.0,0.0
2000-04-21,1.0,0.0
2000-04-28,1.0,0.0
2000-05-05,1.0,0.0
2000-05-12,1.0,0.0
2000-05-19,1.0,0.0
2000-05-26,1.0,0.0
2000-06-02,1.0,0.0
2000-06-09,1.0,0.0
2000-06-16,1.0,0.0
2000-06-23,1.0,0.0
2000-06-30,1.0,0.0
2000-07-07,1.0,0.0
2000-07-14,1.0,0.0
2000-07-21,1.0,0.0
2000-07-28,1.0,0.0
2000-08-04,1.0,0.0
2000-08-11,1.0,0.0
2000-08-18,1.0,0.0
2000-08-25,1.0,0.0
2000-09-01,1.0,0.0
2000-09-08,1.0,0.0
2000-09-15,1.0,0.0
2000-09-22,1.0,0.0
2000-09-29,1.0,0.0
2000-10-06,1.0,0.0
2000-10-13,1.0,0.0
2000-10-20,1.0,0.0
2000-10-27,1.0,0.0
2000-11-03,1.0,0.0
2000-11-10,1.0,0.0
2000-11-17,1.0,0.0
2000-11-24,1.0,0.0
2000-12-01,1.0,0.0
2000-12-08,1.0,0.0
2000-12-15,1.0,0.0
2000-12-22,1.0,0.0
2000-12-29,1.0,0.0
2001-01-05,1.0,0.0
2001-01-12,1.0,0.0
2001-01-19,1.0,0.0
2001-01-26,1.0,0.0
2001-02-02,1.0,0.0
2001-02-09,1.0,0.0
2001-02-16,1.0,0.0
2001-02-23,1.0,0.0
2001-03-02,1.0,0.0
2001-03-09,1.0,0.0
2001-03-16,1.0,0.0
2001-03-23,1.0,0.0
2001-03-30,1.0,0.0
2001-04-06,1.0,0.0
2001-04-13,1.0,0.0
2001-04-20,1.0,0.0
2001-04-27,1.0,0.0
2001-05-04,1.0,0.0
2001-05-11,1.0,0.0
2001-05-18,1.0,0.0
2001-05-25,1.0,0.0
2001-06-01,1.0,0.0
2001-06-08,1.0,0.0
2001-06-15,1.0,0.0
2001-06-22,1.0,0.0
2001-06-29,1.0,0.0
2001-07-06,1.0,0.0
2001-07-13,1.0,0.0
2001-07-20,1.0,0.0
2001-07-27,1.0,0.0
2001-08-03,1.0,0.0
2001-08-10,1.0,0.0
2001-08-17,1.0,0.0
2001-08-24,1.0,0.0
2001-08-31,1.0,0.0
2001-09-07,1.0,0.0
2001-09-14,1.0,0.0
2001-09-21,1.0,0.0
2001-09-28,1.0,0.0
2001-10-05,1.0,0.0
2001-10-12,1.0,0.0
2001-10-19,1.0,0.0
2001-10-26,1.0,0.0
2001-11-02,1.0,0.0
2001-11-09,1.0,0.0
2001-11-16,1.0,0.0
2001-11-23,1.0,0.0
2001-11-30,1.0,0.0
2001-12-07,1.0,0.0
2001-12-14,1.0,0.0
2001-12-21,1.0,0.0
2001-12-28,1.0,0.0
2002-01-04,1.0,0.0
2002-01-11,1.0,0.0
2002-01-18,1.0,0.0
2002-01-25,1.0,0.0
2002-02-01,1.0,0.0
2002-02-08,1.0,0.0
2002-02-15,1.0,0.0
2002-02-22,1.0,0.0
2002-03-01,1.0,0.0
2002-03-08,1.0,0.0
2002-03-15,1.0,0.0
2002-03-22,1.0,0.0
2002-03-29,1.0,0.0
2002-04-05,1.0,0.0
2002-04-12,1.0,0.0
2002-04-19,1.0,0.0
2002-04-26,1.0,0.0
2002-05-03,1.0,0.0
2002-05-10,1.0,0.0
2002-05-17,1.0,0.0
2002-05-24,1.0,0.0
2002-05-31,1.0,0.0
2002-06-07,1.0,0.0
2002-06-14,1.0,0.0
2002-06-21,1.0,0.0
2002-06-28,1.0,0.0
2002-07-05,1.0,0.0
2002-07-12,1.0,0.0
2002-07-19,1.0,0.0
2002-07-26,1.0,0.0
2002-08-02,1.0,0.0
2002-08-09,1.0,0.0
2002-08-16,1.0,0.0
2002-08-23,1.0,0.0
2002-08-30,1.0,0.0
2002-09-06,1.0,0.0
2002-09-13,1.0,0.0
2002-09-20,1.0,0.0
2002-09-27,1.0,0.0
2002-10-04,1.0,0.0
2002-10-11,1.0,0.0
2002-10-18,1.0,0.0
2002-10-25,1.0,0.0
2002-11-01,1.0,0.0
2002-11-08,1.0,0.0
2002-11-15,1.0,0.0
2002-11-22,1.0,0.0
2002-11-29,1.0,0.0
2002-12-06,1.0,0.0
2002-12-13,1.0,0.0
2002-12-20,1.0,0.0
2002-12-27,1.0,0.0
2003-01-03,1.0,0.0
2003-01-10,1.0,0.0
2003-01-17,1.0,0.0
2003-01-24,1.0,0.0
2003-01-31,1.0,0.0
2003-02-07,1.0,0.0
2003-02-14,1.0,0.0
2003-02-21,1.0,0.0
2003-02-28,1.0,0.0
2003-03-07,1.0,0.0
2003-03-14,1.0,0.0
2003-03-21,1.0,0.0
2003-03-28,1.0,0.0
2003-04-04,1.0,0.0
2003-04-11,1.0,0.0
2003-04-18,1.0,0.0
2003-04-25,1.0,0.0
2003-05-02,1.0,0.0
2003-05-09,1.0,0.0
2003-05-16,1.0,0.0
2003-05-23,1.0,0.0
2003-05-30,1.0,0.0
2003-06-06,1.0,0.0
2003-06-13,1.0,0.0
2003-06-20,1.0,0.0
2003-06-27,1.0,0.0
2003-07-04,1.0,0.0
2003-07-11,1.0,0.0
2003-07-18,1.0,0.0
2003-07-25,1.0,0.0
2003-08-01,1.0,0.0
2003-08-08,1.0,0.0
2003-08-15,1.0,0.0
2003-08-22,1.0,0.0
2003-08-29,1.0,0.0
2003-09-05,1.0,0.0
2003-09-12,1.0,0.0
2003-09-19,1.0,0.0
2003-09-26,1.0,0.0
2003-10-03,1.0,0.0
2003-10-10,1.0,0.0
2003-10-17,1.0,0.0
2003-10-24,1.0,0.0
2003-10-31,1.0,0.0
2003-11-07,1.0,0.0
2003-11-14,1.0,0.0
2003-11-21,1.0,0.0
2003-11-28,1.0,0.0
2003-12-05,1.0,0.0
2003-12-12,1.0,0.0
2003-12-19,1.0,0.0
2003-12-26,1.0,0.0
2004-01-02,1.0,0.0
2004-01-09,1.0,0.0
2004-01-16,1.0,0.0
2004-01-23,0.1999999999999999,0.8
2004-01-30,0.1999999999999999,0.8
2004-02-06,0.1999999999999999,0.8
2004-02-13,0.1999999999999999,0.8
2004-02-20,0.1999999999999999,0.8
2004-02-27,0.1999999999999999,0.8
2004-03-05,0.1999999999999999,0.8
2004-03-12,0.1999999999999999,0.8
2004-03-19,0.1999999999999999,0.8
2004-03-26,0.1999999999999999,0.8
2004-04-02,0.1999999999999999,0.8
2004-04-09,0.1999999999999999,0.8
2004-04-16,0.1999999999999999,0.8
2004-04-23,0.1999999999999999,0.8
2004-04-30,0.1999999999999999,0.8
2004-05-07,0.1999999999999999,0.8
2004-05-14,0.1999999999999999,0.8
2004-05-21,0.1999999999999999,0.8
2004-05-28,0.1999999999999999,0.8
2004-06-04,0.1999999999999999,0.8
2004-06-11,0.1999999999999999,0.8
2004-06-18,0.1999999999999999,0.8
2004-06-25,0.1999999999999999,0.8
2004-07-02,0.1999999999999999,0.8
2004-07-09,0.1999999999999999,0.8
2004-07-16,0.19999999999999987,0.8000000000000002
2004-07-23,0.19999999999999987,0.8000000000000002
2004-07-30,0.19999999999999987,0.8000000000000002
2004-08-06,0.19999999999999987,0.8000000000000002
2004-08-13,0.19999999999999987,0.8000000000000002
2004-08-20,0.19999999999999987,0.8000000000000002
2004-08-27,0.19999999999999987,0.8000000000000002
2004-09-03,0.19999999999999987,0.8000000000000002
2004-09-10,0.1999999999999999,0.8
2004-09-17,0.1999999999999999,0.8
2004-09-24,0.1999999999999999,0.8
2004-10-01,0.1999999999999999,0.8
2004-10-08,0.1999999999999999,0.8
2004-10-15,0.1999999999999999,0.8
2004-10-22,0.1999999999999999,0.8
2004-10-29,0.1999999999999999,0.8
2004-11-05,0.19999999999999998,0.8
2004-11-12,0.19999999999999998,0.8
2004-11-19,0.19999999999999998,0.8
2004-11-26,0.19999999999999998,0.8
2004-12-03,0.19999999999999998,0.8
2004-12-10,0.19999999999999998,0.8
2004-12-17,0.19999999999999998,0.8
2004-12-24,0.19999999999999998,0.8
2004-12-31,0.19999999999999993,0.8
2005-01-07,0.19999999999999993,0.8
2005-01-14,0.19999999999999993,0.8
2005-01-21,0.19999999999999993,0.8
2005-01-28,0.19999999999999993,0.8
2005-02-04,0.19999999999999993,0.8
2005-02-11,0.19999999999999993,0.8
2005-02-18,0.19999999999999993,0.8
2005-02-25,0.19999999999999993,0.8
2005-03-04,0.5,0.5
2005-03-11,1.0,0.0
2005-03-18,1.0,0.0
2005-03-25,1.0,0.0
2005-04-01,1.0,0.0
2005-04-08,1.0,0.0
2005-04-15,1.0,0.0
2005-04-22,1.0,0.0
2005-04-29,1.0,0.0
2005-05-06,1.0,0.0
2005-05-13,1.0,0.0
2005-05-20,1.0,0.0
2005-05-27,1.0,0.0
2005-06-03,1.0,0.0
2005-06-10,1.0,0.0
2005-06-17,1.0,0.0
2005-06-24,1.0,0.0
2005-07-01,1.0,0.0
2005-07-08,1.0,0.0
2005-07-15,1.0,0.0
2005-07-22,1.0,0.0
2005-07-29,1.0,0.0
2005-08-05,1.0,0.0
2005-08-12,1.0,0.0
2005-08-19,1.0,0.0
2005-08-26,1.0,0.0
2005-09-02,1.0,0.0
2005-09-09,1.0,0.0
2005-09-16,1.0,0.0
2005-09-23,1.0,0.0
2005-09-30,1.0,0.0
2005-10-07,1.0,0.0
2005-10-14,1.0,0.0
2005-10-21,1.0,0.0
2005-10-28,1.0,0.0
2005-11-04,1.0,0.0
2005-11-11,1.0,0.0
2005-11-18,1.0,0.0
2005-11-25,1.0,0.0
2005-12-02,1.0,0.0
2005-12-09,1.0,0.0
2005-12-16,1.0,0.0
2005-12-23,1.0,0.0
2005-12-30,1.0,0.0
2006-01-06,1.0,0.0
2006-01-13,1.0,0.0
2006-01-20,1.0,0.0
2006-01-27,1.0,0.0
2006-02-03,1.0,0.0
2006-02-10,1.0,0.0
2006-02-17,1.0,0.0
2006-02-24,1.0,0.0
2006-03-03,1.0,0.0
2006-03-10,1.0,0.0
2006-03-17,1.0,0.0
2006-03-24,1.0,0.0
2006-03-31,1.0,0.0
2006-04-07,1.0,0.0
2006-04-14,1.0,0.0
2006-04-21,1.0,0.0
2006-04-28,1.0,0.0
2006-05-05,1.0,0.0
2006-05-12,1.0,0.0
2006-05-19,1.0,0.0
2006-05-26,1.0,0.0
2006-06-02,1.0,0.0
2006-06-09,1.0,0.0
2006-06-16,1.0,0.0
2006-06-23,1.0,0.0
2006-06-30,1.0,0.0
2006-07-07,1.0,0.0
2006-07-14,1.0,0.0
2006-07-21,1.0,0.0
2006-07-28,1.0,0.0
2006-08-04,1.0,0.0
2006-08-11,1.0,0.0
2006-08-18,1.0,0.0
2006-08-25,1.0,0.0
2006-09-01,1.0,0.0
2006-09-08,1.0,0.0
2006-09-15,1.0,0.0
2006-09-22,1.0,0.0
2006-09-29,1.0,0.0
2006-10-06,1.0,0.0
2006-10-13,1.0,0.0
2006-10-20,1.0,0.0
2006-10-27,1.0,0.0
2006-11-03,1.0,0.0
2006-11-10,1.0,0.0
2006-11-17,1.0,0.0
2006-11-24,1.0,0.0
2006-12-01,1.0,0.0
2006-12-08,1.0,0.0
2006-12-15,1.0,0.0
2006-12-22,1.0,0.0
2006-12-29,1.0,0.0
2007-01-05,1.0,0.0
2007-01-12,1.0,0.0
2007-01-19,1.0,0.0
2007-01-26,1.0,0.0
2007-02-02,1.0,0.0
2007-02-09,1.0,0.0
2007-02-16,1.0,0.0
2007-02-23,1.0,0.0
2007-03-02,1.0,0.0
2007-03-09,1.0,0.0
2007-03-16,1.0,0.0
2007-03-23,1.0,0.0
2007-03-30,1.0,0.0
2007-04-06,1.0,0.0
2007-04-13,1.0,0.0
2007-04-20,1.0,0.0
2007-04-27,1.0,0.0
2007-05-04,1.0,0.0
2007-05-11,1.0,0.0
2007-05-18,1.0,0.0
2007-05-25,1.0,0.0
2007-06-01,1.0,0.0
2007-06-08,1.0,0.0
2007-06-15,1.0,0.0
2007-06-22,1.0,0.0
2007-06-29,1.0,0.0
2007-07-06,1.0,0.0
2007-07-13,1.0,0.0
2007-07-20,1.0,0.0
2007-07-27,1.0,0.0
2007-08-03,1.0,0.0
2007-08-10,1.0,0.0
2007-08-17,1.0,0.0
2007-08-24,1.0,0.0
2007-08-31,1.0,0.0
2007-09-07,1.0,0.0
2007-09-14,1.0,0.0
2007-09-21,1.0,0.0
2007-09-28,1.0,0.0
2007-10-05,1.0,0.0
2007-10-12,1.0,0.0
2007-10-19,1.0,0.0
2007-10-26,1.0,0.0
2007-11-02,1.0,0.0
2007-11-09,1.0,0.0
2007-11-16,1.0,0.0
2007-11-23,1.0,0.0
2007-11-30,1.0,0.0
2007-12-07,1.0,0.0
2007-12-14,1.0,0.0
2007-12-21,1.0,0.0
2007-12-28,1.0,0.0
2008-01-04,1.0,0.0
2008-01-11,1.0,0.0
2008-01-18,1.0,0.0
2008-01-25,1.0,0.0
2008-02-01,1.0,0.0
2008-02-08,1.0,0.0
2008-02-15,1.0,0.0
2008-02-22,1.0,0.0
2008-02-29,1.0,0.0
2008-03-07,1.0,0.0
2008-03-14,1.0,0.0
2008-03-21,1.0,0.0
2008-03-28,1.0,0.0
2008-04-04,1.0,0.0
2008-04-11,1.0,0.0
2008-04-18,1.0,0.0
2008-04-25,1.0,0.0
2008-05-02,1.0,0.0
2008-05-09,1.0,0.0
2008-05-16,1.0,0.0
2008-05-23,1.0,0.0
2008-05-30,1.0,0.0
2008-06-06,1.0,0.0
2008-06-13,1.0,0.0
2008-06-20,1.0,0.0
2008-06-27,1.0,0.0
2008-07-04,1.0,0.0
2008-07-11,1.0,0.0
2008-07-18,1.0,0.0
2008-07-25,1.0,0.0
2008-08-01,1.0,0.0
2008-08-08,1.0,0.0
2008-08-15,1.0,0.0
2008-08-22,1.0,0.0
2008-08-29,1.0,0.0
2008-09-05,1.0,0.0
2008-09-12,1.0,0.0
2008-09-19,1.0,0.0
2008-09-26,1.0,0.0
2008-10-03,1.0,0.0
2008-10-10,1.0,0.0
2008-10-17,1.0,0.0
2008-10-24,1.0,0.0
2008-10-31,1.0,0.0
2008-11-07,1.0,0.0
2008-11-14,1.0,0.0
2008-11-21,1.0,0.0
2008-11-28,1.0,0.0
2008-12-05,1.0,0.0
2008-12-12,1.0,0.0
2008-12-19,1.0,0.0
2008-12-26,1.0,0.0
2009-01-02,1.0,0.0
2009-01-09,1.0,0.0
2009-01-16,1.0,0.0
2009-01-23,1.0,0.0
2009-01-30,1.0,0.0
2009-02-06,1.0,0.0
2009-02-13,1.0,0.0
2009-02-20,1.0,0.0
2009-02-27,1.0,0.0
2009-03-06,1.0,0.0
2009-03-13,1.0,0.0
2009-03-20,1.0,0.0
2009-03-27,1.0,0.0
2009-04-03,1.0,0.0
2009-04-10,1.0,0.0
2009-04-17,1.0,0.0
2009-04-24,1.0,0.0
2009-05-01,1.0,0.0
2009-05-08,1.0,0.0
2009-05-15,1.0,0.0
2009-05-22,1.0,0.0
2009-05-29,1.0,0.0
2009-06-05,1.0,0.0
2009-06-12,1.0,0.0
2009-06-19,1.0,0.0
2009-06-26,1.0,0.0
2009-07-03,1.0,0.0
2009-07-10,1.0,0.0
2009-07-17,1.0,0.0
2009-07-24,1.0,0.0
2009-07-31,1.0,0.0
2009-08-07,1.0,0.0
2009-08-14,1.0,0.0
2009-08-21,1.0,0.0
2009-08-28,1.0,0.0
2009-09-04,1.0,0.0
2009-09-11,1.0,0.0
2009-09-18,1.0,0.0
2009-09-25,1.0,0.0
2009-10-02,1.0,0.0
2009-10-09,1.0,0.0
2009-10-16,1.0,0.0
2009-10-23,1.0,0.0
2009-10-30,1.0,0.0
2009-11-06,1.0,0.0
2009-11-13,1.0,0.0
2009-11-20,1.0,0.0
2009-11-27,1.0,0.0
2009-12-04,1.0,0.0
2009-12-11,1.0,0.0
2009-12-18,1.0,0.0
2009-12-25,1.0,0.0
2010-01-01,1.0,0.0
2010-01-08,1.0,0.0
2010-01-15,1.0,0.0
2010-01-22,1.0,0.0
2010-01-29,1.0,0.0
2010-02-05,1.0,0.0
2010-02-12,1.0,0.0
2010-02-19,1.0,0.0
2010-02-26,1.0,0.0
2010-03-05,1.0,0.0
2010-03-12,1.0,0.0
2010-03-19,1.0,0.0
2010-03-26,1.0,0.0
2010-04-02,0.1999999999999999,0.8
2010-04-09,0.1999999999999999,0.8
2010-04-16,0.1999999999999999,0.8
2010-04-23,0.1999999999999999,0.8
2010-04-30,0.1999999999999999,0.8
2010-05-07,0.1999999999999999,0.8
2010-05-14,0.1999999999999999,0.8
2010-05-21,0.1999999999999999,0.8
2010-05-28,0.1999999999999999,0.8
2010-06-04,0.19999999999999987,0.8
2010-06-11,0.19999999999999987,0.8
2010-06-18,0.19999999999999987,0.8
2010-06-25,0.19999999999999987,0.8
2010-07-02,0.19999999999999987,0.8
2010-07-09,0.19999999999999987,0.8
2010-07-16,0.19999999999999987,0.8
2010-07-23,0.19999999999999987,0.8
2010-07-30,0.19999999999999987,0.8
2010-08-06,0.19999999999999987,0.8
2010-08-13,0.19999999999999987,0.8
2010-08-20,0.19999999999999987,0.8
2010-08-27,0.19999999999999987,0.8
2010-09-03,0.1999999999999999,0.8
2010-09-10,0.1999999999999999,0.8
2010-09-17,0.1999999999999999,0.8
2010-09-24,0.1999999999999999,0.8
2010-10-01,0.1999999999999999,0.8
2010-10-08,0.1999999999999999,0.8
2010-10-15,0.1999999999999999,0.8
2010-10-22,0.1999999999999999,0.8
2010-10-29,0.1999999999999999,0.8
2010-11-05,0.1999999999999999,0.8
2010-11-12,0.1999999999999999,0.8
2010-11-19,0.1999999999999999,0.8
2010-11-26,0.1999999999999999,0.8
2010-12-03,0.1999999999999999,0.8
2010-12-10,0.1999999999999999,0.8
2010-12-17,0.1999999999999999,0.8
2010-12-24,0.1999999999999999,0.8
2010-12-31,0.1999999999999999,0.8
2011-01-07,0.1999999999999999,0.8
2011-01-14,0.1999999999999999,0.8
2011-01-21,0.1999999999999999,0.8
2011-01-28,0.1999999999999999,0.8
2011-02-04,0.1999999999999999,0.8
2011-02-11,0.1999999999999999,0.8
2011-02-18,0.1999999999999999,0.8
2011-02-25,0.1999999999999999,0.8
2011-03-04,0.1999999999999999,0.8
2011-03-11,0.1999999999999999,0.8
2011-03-18,0.1999999999999999,0.8
2011-03-25,0.1999999999999999,0.8
2011-04-01,0.1999999999999999,0.8
2011-04-08,0.1999999999999999,0.8
2011-04-15,0.1999999999999999,0.8
2011-04-22,0.1999999999999999,0.8
2011-04-29,0.1999999999999999,0.8
2011-05-06,0.1999999999999999,0.8
2011-05-13,0.1999999999999999,0.8
2011-05-20,0.1999999999999999,0.8
2011-05-27,0.1999999999999999,0.8
2011-06-03,0.1999999999999999,0.8
2011-06-10,0.1999999999999999,0.8
2011-06-17,0.1999999999999999,0.8
2011-06-24,0.1999999999999999,0.8
2011-07-01,0.1999999999999999,0.8
2011-07-08,0.1999999999999999,0.8
2011-07-15,0.1999999999999999,0.8
2011-07-22,0.1999999999999999,0.8
2011-07-29,0.1999999999999999,0.8
2011-08-05,0.1999999999999999,0.8
2011-08-12,0.1999999999999999,0.8
2011-08-19,0.19999999999999993,0.8
2011-08-26,0.19999999999999993,0.8
2011-09-02,0.19999999999999993,0.8
2011-09-09,0.19999999999999993,0.8
2011-09-16,0.19999999999999993,0.8
2011-09-23,0.19999999999999993,0.8
2011-09-30,0.19999999999999993,0.8
2011-10-07,0.19999999999999993,0.8
2011-10-14,0.19999999999999993,0.8
2011-10-21,0.19999999999999993,0.8
2011-10-28,0.19999999999999993,0.8
2011-11-04,0.19999999999999993,0.8
2011-11-11,0.19999999999999993,0.8
2011-11-18,0.19999999999999993,0.8
2011-11-25,0.19999999999999993,0.8
2011-12-02,0.19999999999999993,0.8
2011-12-09,0.19999999999999993,0.8
2011-12-16,0.19999999999999993,0.8
2011-12-23,0.19999999999999993,0.8
2011-12-30,0.5,0.5
2012-01-06,0.5,0.5
2012-01-13,0.5,0.5
2012-01-20,0.5,0.5
2012-01-27,0.5,0.5
2012-02-03,0.5,0.5
2012-02-10,0.5,0.5
2012-02-17,0.5,0.5
2012-02-24,0.5,0.5
2012-03-02,0.5,0.5
2012-03-09,0.5,0.5
2012-03-16,0.5,0.5
2012-03-23,0.5,0.5
2012-03-30,0.5,0.5
2012-04-06,0.5,0.5
2012-04-13,0.5,0.5
2012-04-20,0.5,0.5
2012-04-27,0.5,0.5
2012-05-04,0.5,0.5
2012-05-11,0.5,0.5
2012-05-18,0.5,0.5
2012-05-25,0.5,0.5
2012-06-01,0.5,0.5
2012-06-08,0.5,0.5
2012-06-15,0.5,0.5
2012-06-22,0.5,0.5
2012-06-29,0.5,0.5
2012-07-06,0.5,0.5
2012-07-13,0.5,0.5
2012-07-20,0.5,0.5
2012-07-27,0.5,0.5
2012-08-03,0.5,0.5
2012-08-10,0.5,0.5
2012-08-17,0.5,0.5
2012-08-24,0.5,0.5
2012-08-31,0.5,0.5
2012-09-07,0.5,0.5
2012-09-14,0.5,0.5
2012-09-21,0.5,0.5
2012-09-28,0.5,0.5
2012-10-05,0.5,0.5
2012-10-12,0.5,0.5
2012-10-19,0.5,0.5
2012-10-26,0.5,0.5
2012-11-02,0.5,0.5
2012-11-09,0.5,0.5
2012-11-16,0.5,0.5
2012-11-23,0.5,0.5
2012-11-30,0.5,0.5
2012-12-07,0.5,0.5
2012-12-14,0.5,0.5
2012-12-21,0.5,0.5
2012-12-28,0.5,0.5
2013-01-04,0.5,0.5
2013-01-11,0.5,0.5
2013-01-18,0.5,0.5
2013-01-25,0.5,0.5
2013-02-01,0.5,0.5
2013-02-08,0.5,0.5
2013-02-15,0.5,0.5
2013-02-22,0.5,0.5
2013-03-01,0.5,0.5
2013-03-08,0.5,0.5
2013-03-15,0.5,0.5
2013-03-22,0.5,0.5
2013-03-29,0.5,0.5
2013-04-05,0.5,0.5
2013-04-12,0.5,0.5
2013-04-19,0.5,0.5
2013-04-26,0.5,0.5
2013-05-03,0.5,0.5
2013-05-10,0.5,0.5
2013-05-17,0.5,0.5
2013-05-24,0.5,0.5
2013-05-31,0.5,0.5
2013-06-07,0.5,0.5
2013-06-14,0.5,0.5
2013-06-21,0.5,0.5
2013-06-28,0.5,0.5
2013-07-05,0.1999999999999999,0.8
2013-07-12,0.1999999999999999,0.8
2013-07-19,0.1999999999999999,0.8
2013-07-26,0.1999999999999999,0.8
2013-08-02,0.1999999999999999,0.8
2013-08-09,0.1999999999999999,0.8
2013-08-16,0.1999999999999999,0.8
2013-08-23,0.1999999999999999,0.8
2013-08-30,0.1999999999999999,0.8
2013-09-06,0.1999999999999999,0.8
2013-09-13,0.1999999999999999,0.8
2013-09-20,0.1999999999999999,0.8
2013-09-27,0.1999999999999999,0.8
2013-10-04,0.1999999999999999,0.8
2013-10-11,0.1999999999999999,0.8
2013-10-18,0.1999999999999999,0.8
2013-10-25,0.1999999999999999,0.8
2013-11-01,0.1999999999999999,0.8
2013-11-08,0.1999999999999999,0.8
2013-11-15,0.1999999999999999,0.8
2013-11-22,0.1999999999999999,0.8
2013-11-29,0.1999999999999999,0.8
2013-12-06,0.1999999999999999,0.8
2013-12-13,0.1999999999999999,0.8
2013-12-20,0.1999999999999999,0.8
2013-12-27,0.1999999999999999,0.8
2014-01-03,0.1999999999999999,0.8
2014-01-10,0.1999999999999999,0.8
2014-01-17,0.1999999999999999,0.8
2014-01-24,0.1999999999999999,0.8
2014-01-31,0.1999999999999999,0.8
2014-02-07,0.1999999999999999,0.8
2014-02-14,0.1999999999999999,0.8
2014-02-21,0.1999999999999999,0.8
2014-02-28,0.1999999999999999,0.8
2014-03-07,0.1999999999999999,0.8
2014-03-14,0.1999999999999999,0.8
2014-03-21,0.1999999999999999,0.8
2014-03-28,0.1999999999999999,0.8
2014-04-04,0.1999999999999999,0.8
2014-04-11,0.1999999999999999,0.8
2014-04-18,0.1999999999999999,0.8
2014-04-25,0.1999999999999999,0.8
2014-05-02,0.1999999999999999,0.8
2014-05-09,0.1999999999999999,0.8
2014-05-16,0.1999999999999999,0.8
2014-05-23,0.1999999999999999,0.8
2014-05-30,0.1999999999999999,0.8
2014-06-06,0.1999999999999999,0.8
2014-06-13,0.1999999999999999,0.8
2014-06-20,0.1999999999999999,0.8
2014-06-27,0.1999999999999999,0.8
2014-07-04,0.1999999999999999,0.8
2014-07-11,0.1999999999999999,0.8
2014-07-18,0.1999999999999999,0.8
2014-07-25,0.1999999999999999,0.8
2014-08-01,0.1999999999999999,0.8
2014-08-08,0.1999999999999999,0.8
2014-08-15,0.1999999999999999,0.8
2014-08-22,0.1999999999999999,0.8
2014-08-29,0.1999999999999999,0.8
2014-09-05,0.1999999999999999,0.8
2014-09-12,0.1999999999999999,0.8
2014-09-19,0.1999999999999999,0.8
2014-09-26,0.1999999999999999,0.8
2014-10-03,0.1999999999999999,0.8
2014-10-10,0.1999999999999999,0.8
2014-10-17,0.1999999999999999,0.8
2014-10-24,0.1999999999999999,0.8
2014-10-31,0.1999999999999999,0.8
2014-11-07,0.1999999999999999,0.8
2014-11-14,0.1999999999999999,0.8
2014-11-21,0.1999999999999999,0.8
2014-11-28,0.1999999999999999,0.8
2014-12-05,0.1999999999999999,0.8
2014-12-12,0.1999999999999999,0.8
2014-12-19,0.1999999999999999,0.8
2014-12-26,0.1999999999999999,0.8
2015-01-02,0.5,0.5
2015-01-09,0.5,0.5
2015-01-16,0.5,0.5
2015-01-23,0.5,0.5
2015-01-30,0.5,0.5
2015-02-06,0.5,0.5
2015-02-13,0.5,0.5
2015-02-20,0.5,0.5
2015-02-27,0.5,0.5
2015-03-06,0.5,0.5
2015-03-13,0.5,0.5
2015-03-20,0.5,0.5
2015-03-27,0.5,0.5
2015-04-03,0.5,0.5
2015-04-10,0.5,0.5
2015-04-17,0.5,0.5
2015-04-24,0.5,0.5
2015-05-01,0.5,0.5
2015-05-08,0.5,0.5
2015-05-15,0.5,0.5
2015-05-22,0.5,0.5
2015-05-29,0.5,0.5
2015-06-05,0.5,0.5
2015-06-12,0.5,0.5
2015-06-19,0.5,0.5
2015-06-26,0.5,0.5
2015-07-03,0.5,0.5
2015-07-10,0.5,0.5
2015-07-17,0.5,0.5
2015-07-24,0.5,0.5
2015-07-31,0.5,0.5
2015-08-07,0.5,0.5
2015-08-14,0.5,0.5
2015-08-21,0.5,0.5
2015-08-28,0.5,0.5
2015-09-04,0.5,0.5
2015-09-11,0.5,0.5
2015-09-18,0.5,0.5
2015-09-25,0.5,0.5
2015-10-02,0.5,0.5
2015-10-09,0.5,0.5
2015-10-16,0.5,0.5
2015-10-23,0.5,0.5
2015-10-30,0.5,0.5
2015-11-06,0.5,0.5
2015-11-13,0.5,0.5
2015-11-20,0.5,0.5
2015-11-27,0.5,0.5
2015-12-04,0.5,0.5
2015-12-11,0.5,0.5
2015-12-18,0.5,0.5
2015-12-25,0.5,0.5
2016-01-01,0.5,0.5
2016-01-08,0.5,0.5
2016-01-15,0.5,0.5
2016-01-22,0.5,0.5
2016-01-29,0.5,0.5
2016-02-05,0.5,0.5
2016-02-12,0.5,0.5
2016-02-19,0.5,0.5
2016-02-26,0.5,0.5
2016-03-04,0.5,0.5
2016-03-11,0.5,0.5
2016-03-18,0.5,0.5
2016-03-25,0.5,0.5
2016-04-01,0.5,0.5
2016-04-08,0.5,0.5
2016-04-15,0.5,0.5
2016-04-22,0.5,0.5
2016-04-29,0.5,0.5
2016-05-06,0.5,0.5
2016-05-13,0.5,0.5
2016-05-20,0.5,0.5
2016-05-27,0.5,0.5
2016-06-03,0.5,0.5
2016-06-10,0.5,0.5
2016-06-17,0.5,0.5
2016-06-24,0.5,0.5
2016-07-01,0.5,0.5
2016-07-08,0.5,0.5
2016-07-15,0.5,0.5
2016-07-22,0.5,0.5
2016-07-29,0.5,0.5
2016-08-05,0.5,0.5
2016-08-12,0.5,0.5
2016-08-19,0.5,0.5
2016-08-26,0.5,0.5
2016-09-02,0.5,0.5
2016-09-09,0.5,0.5
2016-09-16,0.5,0.5
2016-09-23,0.5,0.5
2016-09-30,0.5,0.5
2016-10-07,0.1999999999999999,0.8
2016-10-14,0.1999999999999999,0.8
2016-10-21,0.1999999999999999,0.8
2016-10-28,0.1999999999999999,0.8
2016-11-04,0.1999999999999999,0.8
2016-11-11,0.1999999999999999,0.8
2016-11-18,0.1999999999999999,0.8
2016-11-25,0.1999999999999999,0.8
2016-12-02,0.1999999999999999,0.8
2016-12-09,0.1999999999999999,0.8
2016-12-16,0.1999999999999999,0.8
2016-12-23,0.1999999999999999,0.8
2016-12-30,0.1999999999999999,0.8000000000000002
2017-01-06,0.1999999999999999,0.8
2017-01-13,0.1999999999999999,0.8
2017-01-20,0.1999999999999999,0.8
2017-01-27,0.1999999999999999,0.8
2017-02-03,0.1999999999999999,0.8
2017-02-10,0.1999999999999999,0.8
2017-02-17,0.1999999999999999,0.8
2017-02-24,0.1999999999999999,0.8
2017-03-03,0.1999999999999999,0.8
2017-03-10,0.1999999999999999,0.8
2017-03-17,0.1999999999999999,0.8
2017-03-24,0.1999999999999999,0.8
2017-03-31,0.1999999999999999,0.8000000000000002
2017-04-07,0.1999999999999999,0.8
2017-04-14,0.1999999999999999,0.8
2017-04-21,0.1999999999999999,0.8
2017-04-28,0.1999999999999999,0.8
2017-05-05,0.1999999999999999,0.8
2017-05-12,0.1999999999999999,0.8
2017-05-19,0.1999999999999999,0.8
2017-05-26,0.1999999999999999,0.8
2017-06-02,0.1999999999999999,0.8
2017-06-09,0.1999999999999999,0.8
2017-06-16,0.1999999999999999,0.8
2017-06-23,0.1999999999999999,0.8
2017-06-30,0.1999999999999999,0.8000000000000002
2017-07-07,0.1999999999999999,0.8
2017-07-14,0.1999999999999999,0.8
2017-07-21,0.1999999999999999,0.8
2017-07-28,0.1999999999999999,0.8
2017-08-04,0.1999999999999999,0.8
2017-08-11,0.1999999999999999,0.8
2017-08-18,0.1999999999999999,0.8
2017-08-25,0.1999999999999999,0.8
2017-09-01,0.1999999999999999,0.8
2017-09-08,0.1999999999999999,0.8
2017-09-15,0.1999999999999999,0.8
2017-09-22,0.1999999999999999,0.8
2017-09-29,0.1999999999999999,0.8
2017-10-06,0.1999999999999999,0.8
2017-10-13,0.1999999999999999,0.8
2017-10-20,0.1999999999999999,0.8
2017-10-27,0.1999999999999999,0.8
2017-11-03,0.1999999999999999,0.8
2017-11-10,0.1999999999999999,0.8
2017-11-17,0.1999999999999999,0.8
2017-11-24,0.1999999999999999,0.8
2017-12-01,0.1999999999999999,0.8
2017-12-08,0.1999999999999999,0.8
2017-12-15,0.1999999999999999,0.8
2017-12-22,0.1999999999999999,0.8
2017-12-29,0.1999999999999999,0.8
2018-01-05,0.5,0.5
2018-01-12,1.0,0.0
2018-01-19,1.0,0.0
2018-01-26,1.0,0.0
2018-02-02,1.0,0.0
2018-02-09,1.0,0.0
2018-02-16,1.0,0.0
2018-02-23,1.0,0.0
2018-03-02,1.0,0.0
2018-03-09,1.0,0.0
2018-03-16,1.0,0.0
2018-03-23,1.0,0.0
2018-03-30,1.0,0.0
2018-04-06,1.0,0.0
2018-04-13,1.0,0.0
2018-04-20,1.0,0.0
2018-04-27,1.0,0.0
2018-05-04,1.0,0.0
2018-05-11,1.0,0.0
2018-05-18,1.0,0.0
2018-05-25,1.0,0.0
2018-06-01,1.0,0.0
2018-06-08,1.0,0.0
2018-06-15,1.0,0.0
2018-06-22,1.0,0.0
2018-06-29,1.0,0.0
2018-07-06,1.0,0.0
2018-07-13,1.0,0.0
2018-07-20,1.0,0.0
2018-07-27,1.0,0.0
2018-08-03,1.0,0.0
2018-08-10,1.0,0.0
2018-08-17,1.0,0.0
2018-08-24,1.0,0.0
2018-08-31,1.0,0.0
2018-09-07,1.0,0.0
2018-09-14,1.0,0.0
2018-09-21,1.0,0.0
2018-09-28,1.0,0.0
2018-10-05,1.0,0.0
2018-10-12,1.0,0.0
2018-10-19,1.0,0.0
2018-10-26,1.0,0.0
2018-11-02,1.0,0.0
2018-11-09,1.0,0.0
2018-11-16,1.0,0.0
2018-11-23,1.0,0.0
2018-11-30,1.0,0.0
2018-12-07,1.0,0.0
2018-12-14,1.0,0.0
2018-12-21,1.0,0.0
2018-12-28,1.0,0.0
2019-01-04,1.0,0.0
2019-01-11,1.0,0.0
2019-01-18,1.0,0.0
2019-01-25,1.0,0.0
2019-02-01,1.0,0.0
2019-02-08,1.0,0.0
2019-02-15,1.0,0.0
2019-02-22,1.0,0.0
2019-03-01,1.0,0.0
2019-03-08,1.0,0.0
2019-03-15,1.0,0.0
2019-03-22,1.0,0.0
2019-03-29,1.0,0.0
2019-04-05,0.1999999999999999,0.8
2019-04-12,0.1999999999999999,0.8
2019-04-19,0.1999999999999999,0.8
2019-04-26,0.1999999999999999,0.8
2019-05-03,0.1999999999999999,0.8
2019-05-10,0.1999999999999999,0.8
2019-05-17,0.1999999999999999,0.8
2019-05-24,0.1999999999999999,0.8
2019-05-31,0.1999999999999999,0.8
2019-06-07,0.1999999999999999,0.8
2019-06-14,0.1999999999999999,0.8
2019-06-21,0.1999999999999999,0.8
2019-06-28,0.1999999999999999,0.8
2019-07-05,0.1999999999999999,0.8
2019-07-12,0.1999999999999999,0.8
2019-07-19,0.1999999999999999,0.8
2019-07-26,0.1999999999999999,0.8
2019-08-02,0.1999999999999999,0.8
2019-08-09,0.1999999999999999,0.8
2019-08-16,0.1999999999999999,0.8
2019-08-23,0.1999999999999999,0.8
2019-08-30,0.1999999999999999,0.8
2019-09-06,0.1999999999999999,0.8
2019-09-13,0.1999999999999999,0.8
2019-09-20,0.1999999999999999,0.8
2019-09-27,0.1999999999999999,0.8
2019-10-04,0.5,0.5
2019-10-11,0.5,0.5
2019-10-18,0.5,0.5
2019-10-25,0.5,0.5
2019-11-01,0.5,0.5
2019-11-08,0.5,0.5
2019-11-15,0.5,0.5
2019-11-22,0.5,0.5
2019-11-29,0.5,0.5
2019-12-06,0.5,0.5
2019-12-13,0.5,0.5
2019-12-20,0.5,0.5
2019-12-27,0.5,0.5
2020-01-03,0.5,0.5
2020-01-10,0.5,0.5
2020-01-17,0.5,0.5
2020-01-24,0.5,0.5
2020-01-31,0.5,0.5
2020-02-07,0.5,0.5
2020-02-14,0.5,0.5
2020-02-21,0.5,0.5
2020-02-28,0.5,0.5
2020-03-06,0.5,0.5
2020-03-13,0.5,0.5
2020-03-20,0.5,0.5
2020-03-27,0.5,0.5
2020-04-03,1.0,0.0
2020-04-10,1.0,0.0
2020-04-17,1.0,0.0
2020-04-24,1.0,0.0
2020-05-01,0.19999999999999993,0.8
2020-05-08,0.19999999999999993,0.8
2020-05-15,0.19999999999999993,0.8
2020-05-22,0.19999999999999993,0.8
2020-05-29,0.19999999999999993,0.8
2020-06-05,0.19999999999999993,0.8
2020-06-12,1.0,0.0
2020-06-19,1.0,0.0
2020-06-26,1.0,0.0
2020-07-03,1.0,0.0
2020-07-10,1.0,0.0
2020-07-17,1.0,0.0
2020-07-24,1.0,0.0
2020-07-31,1.0,0.0
2020-08-07,1.0,0.0
2020-08-14,1.0,0.0
2020-08-21,1.0,0.0
2020-08-28,1.0,0.0
2020-09-04,1.0,0.0
2020-09-11,1.0,0.0
2020-09-18,1.0,0.0
2020-09-25,1.0,0.0
2020-10-02,1.0,0.0
2020-10-09,1.0,0.0
2020-10-16,1.0,0.0
2020-10-23,1.0,0.0
2020-10-30,1.0,0.0
2020-11-06,1.0,0.0
2020-11-13,1.0,0.0
2020-11-20,1.0,0.0
2020-11-27,1.0,0.0
2020-12-04,1.0,0.0
2020-12-11,1.0,0.0
2020-12-18,1.0,0.0
2020-12-25,1.0,0.0
2021-01-01,1.0,0.0
2021-01-08,1.0,0.0
2021-01-15,1.0,0.0
2021-01-22,1.0,0.0
2021-01-29,1.0,0.0
2021-02-05,1.0,0.0
2021-02-12,1.0,0.0
2021-02-19,1.0,0.0
2021-02-26,1.0,0.0
2021-03-05,1.0,0.0
2021-03-12,1.0,0.0
2021-03-19,1.0,0.0
2021-03-26,1.0,0.0
2021-04-02,1.0,0.0
2021-04-09,1.0,0.0
2021-04-16,1.0,0.0
2021-04-23,1.0,0.0
2021-04-30,1.0,0.0
2021-05-07,1.0,0.0
2021-05-14,1.0,0.0
2021-05-21,1.0,0.0
2021-05-28,1.0,0.0
2021-06-04,1.0,0.0
2021-06-11,1.0,0.0
2021-06-18,1.0,0.0
2021-06-25,1.0,0.0
2021-07-02,1.0,0.0
2021-07-09,1.0,0.0
2021-07-16,1.0,0.0
2021-07-23,1.0,0.0
2021-07-30,1.0,0.0
2021-08-06,1.0,0.0
2021-08-13,1.0,0.0
2021-08-20,1.0,0.0
2021-08-27,1.0,0.0
2021-09-03,1.0,0.0
2021-09-10,1.0,0.0
2021-09-17,1.0,0.0
2021-09-24,1.0,0.0
2021-10-01,1.0,0.0
2021-10-08,1.0,0.0
2021-10-15,1.0,0.0
2021-10-22,1.0,0.0
2021-10-29,1.0,0.0
2021-11-05,1.0,0.0
2021-11-12,1.0,0.0
2021-11-19,1.0,0.0
2021-11-26,1.0,0.0
2021-12-03,1.0,0.0
2021-12-10,1.0,0.0
2021-12-17,1.0,0.0
2021-12-24,1.0,0.0
2021-12-31,1.0,0.0
2022-01-07,1.0,0.0
2022-01-14,1.0,0.0
2022-01-21,1.0,0.0
2022-01-28,1.0,0.0
2022-02-04,1.0,0.0
2022-02-11,1.0,0.0
2022-02-18,1.0,0.0
2022-02-25,1.0,0.0
2022-03-04,1.0,0.0
2022-03-11,1.0,0.0
2022-03-18,1.0,0.0
2022-03-25,1.0,0.0
2022-04-01,1.0,0.0
2022-04-08,1.0,0.0
2022-04-15,1.0,0.0
2022-04-22,1.0,0.0
2022-04-29,1.0,0.0
2022-05-06,1.0,0.0
2022-05-13,1.0,0.0
2022-05-20,1.0,0.0
2022-05-27,1.0,0.0
2022-06-03,1.0,0.0
2022-06-10,1.0,0.0
2022-06-17,1.0,0.0
2022-06-24,1.0,0.0
2022-07-01,1.0,0.0
2022-07-08,1.0,0.0
2022-07-15,1.0,0.0
2022-07-22,1.0,0.0
2022-07-29,1.0,0.0
2022-08-05,1.0,0.0
2022-08-12,1.0,0.0
2022-08-19,1.0,0.0
2022-08-26,1.0,0.0
2022-09-02,1.0,0.0
2022-09-09,1.0,0.0
2022-09-16,1.0,0.0
2022-09-23,1.0,0.0
2022-09-30,1.0,0.0
2022-10-07,1.0,0.0
2022-10-14,1.0,0.0
2022-10-21,1.0,0.0
2022-10-28,1.0,0.0
2022-11-04,1.0,0.0
2022-11-11,1.0,0.0
2022-11-18,1.0,0.0
2022-11-25,1.0,0.0
2022-12-02,1.0,0.0
2022-12-09,1.0,0.0
2022-12-16,1.0,0.0
2022-12-23,1.0,0.0
2022-12-30,1.0,0.0
2023-01-06,1.0,0.0
2023-01-13,1.0,0.0
2023-01-20,1.0,0.0
2023-01-27,1.0,0.0
2023-02-03,1.0,0.0
2023-02-10,1.0,0.0
2023-02-17,1.0,0.0
2023-02-24,1.0,0.0
2023-03-03,1.0,0.0
2023-03-10,1.0,0.0
2023-03-17,1.0,0.0
2023-03-24,1.0,0.0
2023-03-31,1.0,0.0
2023-04-07,1.0,0.0
2023-04-14,1.0,0.0
2023-04-21,1.0,0.0
2023-04-28,1.0,0.0
2023-05-05,1.0,0.0
2023-05-12,1.0,0.0
2023-05-19,1.0,0.0
2023-05-26,1.0,0.0
2023-06-02,1.0,0.0
2023-06-09,1.0,0.0
2023-06-16,1.0,0.0
2023-06-23,1.0,0.0
2023-06-30,1.0,0.0
2023-07-07,1.0,0.0
2023-07-14,1.0,0.0
2023-07-21,1.0,0.0
2023-07-28,1.0,0.0
2023-08-04,1.0,0.0
2023-08-11,1.0,0.0
2023-08-18,1.0,0.0
2023-08-25,1.0,0.0
2023-09-01,1.0,0.0
2023-09-08,1.0,0.0
2023-09-15,1.0,0.0
2023-09-22,1.0,0.0
2023-09-29,1.0,0.0
2023-10-06,1.0,0.0
2023-10-13,1.0,0.0
2023-10-20,1.0,0.0
2023-10-27,1.0,0.0
2023-11-03,1.0,0.0
2023-11-10,1.0,0.0
2023-11-17,1.0,0.0
2023-11-24,1.0,0.0
2023-12-01,1.0,0.0
2023-12-08,1.0,0.0
2023-12-15,1.0,0.0
2023-12-22,1.0,0.0
2023-12-29,1.0,0.0
2024-01-05,0.19999999999999984,0.8000000000000002
2024-01-12,0.19999999999999984,0.8000000000000002
2024-01-19,0.19999999999999984,0.8000000000000002
2024-01-26,0.19999999999999984,0.8000000000000002
2024-02-02,0.19999999999999984,0.8000000000000002
2024-02-09,1.0,0.0
2024-02-16,1.0,0.0
2024-02-23,1.0,0.0
2024-03-01,1.0,0.0
2024-03-08,1.0,0.0
2024-03-15,1.0,0.0
2024-03-22,1.0,0.0
2024-03-29,1.0,0.0
2024-04-05,1.0,0.0
2024-04-12,1.0,0.0
2024-04-19,1.0,0.0
2024-04-26,1.0,0.0
2024-05-03,1.0,0.0
2024-05-10,1.0,0.0
2024-05-17,1.0,0.0
2024-05-24,1.0,0.0
2024-05-31,1.0,0.0
2024-06-07,1.0,0.0
2024-06-14,1.0,0.0
2024-06-21,1.0,0.0
2024-06-28,1.0,0.0
2024-07-05,1.0,0.0
2024-07-12,1.0,0.0
2024-07-19,1.0,0.0
2024-07-26,1.0,0.0
2024-08-02,1.0,0.0
2024-08-09,1.0,0.0
2024-08-16,1.0,0.0
2024-08-23,1.0,0.0
2024-08-30,1.0,0.0
2024-09-06,1.0,0.0
2024-09-13,1.0,0.0
2024-09-20,1.0,0.0
2024-09-27,1.0,0.0
2024-10-04,1.0,0.0
2024-10-11,1.0,0.0
2024-10-18,1.0,0.0
2024-10-25,1.0,0.0
2024-11-01,1.0,0.0
2024-11-08,1.0,0.0
2024-11-15,1.0,0.0
2024-11-22,1.0,0.0
2024-11-29,1.0,0.0
2024-12-06,1.0,0.0
2024-12-13,1.0,0.0
2024-12-20,1.0,0.0
2024-12-27,1.0,0.0
2025-01-03,1.0,0.0
2025-01-10,1.0,0.0
2025-01-17,1.0,0.0
2025-01-24,1.0,0.0
2025-01-31,1.0,0.0
2025-02-07,1.0,0.0
2025-02-14,1.0,0.0
2025-02-21,1.0,0.0
2025-02-28,1.0,0.0
2025-03-07,1.0,0.0
2025-03-14,1.0,0.0
2025-03-21,1.0,0.0
2025-03-28,1.0,0.0
2025-04-04,1.0,0.0
2025-04-11,1.0,0.0
2025-04-18,1.0,0.0
2025-04-25,1.0,0.0
2025-05-02,1.0,0.0
2025-05-09,1.0,0.0
2025-05-16,1.0,0.0
2025-05-23,1.0,0.0
2025-05-30,1.0,0.0
2025-06-06,1.0,0.0
2025-06-13,1.0,0.0
2025-06-20,1.0,0.0
2025-06-27,1.0,0.0
2025-07-04,1.0,0.0
2025-07-11,1.0,0.0
2025-07-18,1.0,0.0
2025-07-25,1.0,0.0
2025-08-01,1.0,0.0
2025-08-08,1.0,0.0
2025-08-15,1.0,0.0
2025-08-22,1.0,0.0
2025-08-29,1.0,0.0
2025-09-05,1.0,0.0
2025-09-12,1.0,0.0
2025-09-19,1.0,0.0
2025-09-26,1.0,0.0
2025-10-03,1.0,0.0
2025-10-10,1.0,0.0
2025-10-17,1.0,0.0
2025-10-24,1.0,0.0
2025-10-31,1.0,0.0
2025-11-07,1.0,0.0
2025-11-14,1.0,0.0
2025-11-21,1.0,0.0
2025-11-28,1.0,0.0
2025-12-05,1.0,0.0
2025-12-12,1.0,0.0
2025-12-19,1.0,0.0
2025-12-26,1.0,0.0
2026-01-02,1.0,0.0
2026-01-09,1.0,0.0
2026-01-16,1.0,0.0
2026-01-23,1.0,0.0
2026-01-30,1.0,0.0
2026-02-06,1.0,0.0
2026-02-13,1.0,0.0
2026-02-20,1.0,0.0
2026-02-27,1.0,0.0
2026-03-06,1.0,0.0
2026-03-13,1.0,0.0
2026-03-20,1.0,0.0
2026-03-27,1.0,0.0
2026-04-03,1.0,0.0
2026-04-10,1.0,0.0
2026-04-17,1.0,0.0
2026-04-24,1.0,0.0
2026-05-01,1.0,0.0
2026-05-08,1.0,0.0
2026-05-15,1.0,0.0
2026-05-22,1.0,0.0
2026-05-29,1.0,0.0
2026-06-05,1.0,0.0
2026-06-12,1.0,0.0
2026-06-19,1.0,0.0
2026-06-26,1.0,0.0
2026-07-03,1.0,0.0
2026-07-10,1.0,0.0
