date,Strategia,Rekomendowany miks,Srednio agresywna,Agresywna,100% akcje,80/20,60/40
1954-07-02,0,0,0,0,0,0,0
1954-07-09,0,0,0,0,0,0,0
1954-07-16,0,0,0,0,0,0,0
1954-07-23,0,0,0,0,0,0,0
1954-07-30,0,0,0,0,0,0,0
1954-08-06,0,0,0,0,0,0,0
1954-08-13,0,0,0,0,0,0,0
1954-08-20,0,0,0,0,0,0,0
1954-08-27,0,0,0,0,0,0,0
1954-09-03,0,0,0,0,0,0,0
1954-09-10,0,0,0,0,0,0,0
1954-09-17,0,0,0,0,0,0,0
1954-09-24,0,0,0,0,0,0,0
1954-10-01,0,0,0,0,0,0,0
1954-10-08,0,0,0,0,0,0,0
1954-10-15,0,0,0,0,0,0,0
1954-10-22,0,0,0,0,0,0,0
1954-10-29,0,0,0,0,0,0,0
1954-11-05,0,0,0,0,0,0,0
1954-11-12,0,0,0,0,0,0,0
1954-11-19,0,0,0,0,0,0,0
1954-11-26,0,0,0,0,0,0,0
1954-12-03,0,0,0,0,0,0,0
1954-12-10,0,0,0,0,0,0,0
1954-12-17,0,0,0,0,0,0,0
1954-12-24,0,0,0,0,0,0,0
1954-12-31,0,0,0,0,0,0,0
1955-01-07,0,0,0,0,0,0,0
1955-01-14,0,0,0,0,0,0,0
1955-01-21,0,0,0,0,0,0,0
1955-01-28,0,0,0,0,0,0,0
1955-02-04,0,0,0,0,0,0,0
1955-02-11,0,0,0,0,0,0,0
1955-02-18,0,0,0,0,0,0,0
1955-02-25,0,0,0,0,0,0,0
1955-03-04,1,1,1,1,1,1,1
1955-03-11,2,2,2,2,2,2,2
1955-03-18,3,3,3,3,3,3,3
1955-03-25,4,4,4,4,4,4,4
1955-04-01,0,0,0,0,0,0,0
1955-04-08,0,0,0,0,0,0,0
1955-04-15,0,0,0,0,0,0,0
1955-04-22,0,0,0,0,0,0,0
1955-04-29,0,0,0,0,0,0,0
1955-05-06,1,1,1,1,1,1,1
1955-05-13,2,2,2,2,2,2,2
1955-05-20,3,3,3,3,3,3,0
1955-05-27,4,4,4,4,4,4,0
1955-06-03,0,0,0,0,0,0,0
1955-06-10,0,0,0,0,0,0,0
1955-06-17,0,0,0,0,0,0,0
1955-06-24,0,0,0,0,0,0,0
1955-07-01,0,0,0,0,0,0,0
1955-07-08,0,0,0,0,0,0,0
1955-07-15,0,0,0,0,0,0,0
1955-07-22,0,0,0,0,0,0,0
1955-07-29,0,0,0,0,0,0,0
1955-08-05,1,1,1,1,1,1,1
1955-08-12,2,2,2,2,2,2,2
1955-08-19,3,3,3,3,3,3,3
1955-08-26,4,4,4,4,4,4,4
1955-09-02,0,0,0,0,0,0,0
1955-09-09,0,0,0,0,0,0,0
1955-09-16,0,0,0,0,0,0,0
1955-09-23,0,0,0,0,0,0,0
1955-09-30,0,0,0,0,0,0,0
1955-10-07,1,1,1,1,1,1,1
1955-10-14,2,2,2,2,2,2,2
1955-10-21,3,3,3,3,3,3,3
1955-10-28,4,4,4,4,4,4,4
1955-11-04,5,5,5,5,5,5,5
1955-11-11,6,6,6,6,6,6,6
1955-11-18,0,0,0,0,0,0,0
1955-11-25,0,0,0,0,0,0,0
1955-12-02,0,0,0,0,0,0,1
1955-12-09,0,0,0,0,0,0,0
1955-12-16,0,0,0,0,0,0,0
1955-12-23,0,0,0,0,0,0,0
1955-12-30,0,0,0,0,0,0,0
1956-01-06,1,1,1,1,1,1,1
1956-01-13,2,2,2,2,2,2,2
1956-01-20,3,3,3,3,3,3,3
1956-01-27,4,4,4,4,4,4,4
1956-02-03,5,5,5,5,5,5,5
1956-02-10,6,6,6,6,6,6,6
1956-02-17,7,7,7,7,7,7,7
1956-02-24,8,8,8,8,8,8,8
1956-03-02,0,0,0,0,9,0,0
1956-03-09,0,0,0,0,0,0,0
1956-03-16,0,0,0,0,0,0,0
1956-03-23,0,0,0,0,0,0,0
1956-03-30,0,0,0,0,0,0,0
1956-04-06,0,0,1,1,0,1,1
1956-04-13,0,0,0,0,0,0,2
1956-04-20,0,0,0,0,0,0,0
1956-04-27,0,0,0,0,0,0,0
1956-05-04,1,1,1,1,1,1,1
1956-05-11,2,2,2,2,2,2,2
1956-05-18,3,3,3,3,3,3,3
1956-05-25,4,4,4,4,4,4,4
1956-06-01,5,5,5,5,5,5,5
1956-06-08,6,6,6,6,6,6,6
1956-06-15,7,7,7,7,7,7,7
1956-06-22,8,8,8,8,8,8,8
1956-06-29,9,9,9,9,9,9,9
1956-07-06,10,10,10,10,10,10,10
1956-07-13,11,11,11,11,11,11,0
1956-07-20,0,0,12,12,0,0,0
1956-07-27,0,0,0,13,0,0,0
1956-08-03,1,1,1,14,1,1,1
1956-08-10,2,2,2,15,2,2,2
1956-08-17,3,3,3,16,3,3,3
1956-08-24,4,4,4,17,4,4,4
1956-08-31,5,5,5,18,5,5,5
1956-09-07,6,6,6,19,6,6,6
1956-09-14,7,7,7,20,7,7,7
1956-09-21,8,8,8,21,8,8,8
1956-09-28,9,9,9,22,9,9,9
1956-10-05,10,10,10,23,10,10,10
1956-10-12,11,11,11,24,11,11,11
1956-10-19,12,12,12,25,12,12,12
1956-10-26,13,13,13,26,13,13,13
1956-11-02,14,14,14,27,14,14,14
1956-11-09,15,15,15,28,15,15,15
1956-11-16,16,16,16,29,16,16,16
1956-11-23,17,17,17,30,17,17,17
1956-11-30,18,18,18,31,18,18,18
1956-12-07,19,19,19,32,19,19,19
1956-12-14,20,20,20,33,20,20,20
1956-12-21,21,21,21,34,21,21,21
1956-12-28,22,22,22,35,22,22,22
1957-01-04,23,23,23,36,23,23,23
1957-01-11,24,24,24,37,24,24,24
1957-01-18,25,25,25,38,25,25,25
1957-01-25,26,26,26,39,26,26,26
1957-02-01,27,27,27,40,27,27,27
1957-02-08,28,28,28,41,28,28,28
1957-02-15,29,29,29,42,29,29,29
1957-02-22,30,30,30,43,30,30,30
1957-03-01,31,31,31,44,31,31,31
1957-03-08,32,32,32,45,32,32,32
1957-03-15,33,33,33,46,33,33,33
1957-03-22,34,34,34,47,34,34,34
1957-03-29,35,35,35,48,35,35,35
1957-04-05,36,36,36,49,36,36,36
1957-04-12,37,37,37,50,37,37,37
1957-04-19,38,38,38,51,38,38,38
1957-04-26,39,39,39,52,39,39,39
1957-05-03,40,40,40,53,40,40,40
1957-05-10,41,41,41,54,41,41,41
1957-05-17,42,42,42,55,42,42,42
1957-05-24,43,43,43,56,43,43,43
1957-05-31,44,44,44,57,44,44,44
1957-06-07,0,0,0,58,45,45,45
1957-06-14,0,0,0,59,46,46,46
1957-06-21,0,0,0,0,0,0,47
1957-06-28,0,0,0,0,0,0,48
1957-07-05,0,0,0,1,0,0,49
1957-07-12,0,0,0,0,0,0,0
1957-07-19,0,0,0,0,0,0,0
1957-07-26,0,0,0,0,0,0,0
1957-08-02,1,1,1,1,1,1,1
1957-08-09,2,2,2,2,2,2,2
1957-08-16,3,3,3,3,3,3,3
1957-08-23,4,4,4,4,4,4,4
1957-08-30,5,5,5,5,5,5,5
1957-09-06,6,6,6,6,6,6,6
1957-09-13,7,7,7,7,7,7,7
1957-09-20,8,8,8,8,8,8,8
1957-09-27,9,9,9,9,9,9,9
1957-10-04,10,10,10,10,10,10,10
1957-10-11,11,11,11,11,11,11,11
1957-10-18,12,12,12,12,12,12,12
1957-10-25,13,13,13,13,13,13,13
1957-11-01,14,14,14,14,14,14,14
1957-11-08,15,15,15,15,15,15,15
1957-11-15,16,16,16,16,16,16,16
1957-11-22,17,17,17,17,17,17,17
1957-11-29,18,18,18,18,18,18,18
1957-12-06,19,19,19,19,19,19,19
1957-12-13,20,20,20,20,20,20,20
1957-12-20,21,21,21,21,21,21,21
1957-12-27,22,22,22,22,22,22,22
1958-01-03,23,23,23,23,23,23,23
1958-01-10,24,24,24,24,24,24,24
1958-01-17,25,25,25,25,25,25,25
1958-01-24,26,26,26,26,26,26,26
1958-01-31,27,27,27,27,27,27,27
1958-02-07,28,28,28,28,28,28,28
1958-02-14,29,29,29,29,29,29,29
1958-02-21,30,30,30,30,30,30,30
1958-02-28,31,31,31,31,31,31,31
1958-03-07,32,32,32,32,32,32,32
1958-03-14,33,33,33,33,33,33,33
1958-03-21,34,34,34,34,34,34,34
1958-03-28,35,35,35,35,35,35,35
1958-04-04,36,36,36,36,36,36,36
1958-04-11,37,37,37,37,37,37,37
1958-04-18,38,38,38,38,38,38,38
1958-04-25,39,39,39,39,39,39,39
1958-05-02,40,40,40,40,40,40,40
1958-05-09,41,41,41,41,41,41,41
1958-05-16,42,42,42,42,42,42,42
1958-05-23,43,43,43,43,43,43,43
1958-05-30,44,44,44,44,44,44,44
1958-06-06,45,45,45,45,45,45,0
1958-06-13,46,46,46,46,46,46,0
1958-06-20,47,47,47,47,47,47,0
1958-06-27,48,48,48,48,48,48,0
1958-07-04,49,49,49,49,49,49,1
1958-07-11,50,50,50,50,50,50,0
1958-07-18,51,51,51,51,51,0,0
1958-07-25,52,52,52,52,52,0,0
1958-08-01,0,53,53,53,53,0,1
1958-08-08,0,54,54,54,0,0,0
1958-08-15,0,0,55,55,0,0,0
1958-08-22,0,0,0,56,0,0,0
1958-08-29,0,0,0,57,0,0,0
1958-09-05,0,0,0,58,0,0,1
1958-09-12,0,0,0,0,0,0,0
1958-09-19,0,0,0,0,0,0,0
1958-09-26,0,0,0,0,0,0,0
1958-10-03,0,0,0,0,0,0,0
1958-10-10,0,0,0,0,0,0,0
1958-10-17,0,0,0,0,0,0,0
1958-10-24,0,0,0,0,0,0,0
1958-10-31,0,0,0,0,0,0,0
1958-11-07,0,0,0,0,0,0,0
1958-11-14,0,0,0,0,0,0,0
1958-11-21,0,0,0,0,0,0,0
1958-11-28,0,0,0,0,0,0,0
1958-12-05,0,0,0,0,0,0,0
1958-12-12,0,0,0,0,0,0,0
1958-12-19,0,0,0,0,0,0,0
1958-12-26,0,0,0,0,0,0,0
1959-01-02,0,0,0,0,0,0,0
1959-01-09,0,0,0,0,0,0,0
1959-01-16,0,0,0,0,0,0,0
1959-01-23,0,0,0,0,0,0,0
1959-01-30,0,0,0,0,0,0,0
1959-02-06,1,1,1,1,1,1,0
1959-02-13,2,2,2,2,2,2,1
1959-02-20,3,3,3,3,3,3,2
1959-02-27,4,4,4,4,4,4,3
1959-03-06,5,5,5,5,5,5,4
1959-03-13,0,0,0,0,0,0,0
1959-03-20,0,0,0,0,0,0,0
1959-03-27,0,0,0,0,0,0,0
1959-04-03,0,0,0,0,0,0,1
1959-04-10,0,0,0,0,0,0,0
1959-04-17,0,0,0,0,0,0,0
1959-04-24,0,0,0,0,0,0,0
1959-05-01,0,0,0,0,0,0,1
1959-05-08,0,0,0,1,0,0,2
1959-05-15,0,0,0,0,0,0,0
1959-05-22,0,0,0,0,0,0,0
1959-05-29,0,0,0,0,0,0,0
1959-06-05,1,1,1,1,1,1,1
1959-06-12,2,2,2,2,2,2,2
1959-06-19,3,3,3,3,3,3,3
1959-06-26,4,4,4,4,4,4,4
1959-07-03,0,5,5,5,0,0,0
1959-07-10,0,0,0,6,0,0,0
1959-07-17,0,0,0,0,0,0,0
1959-07-24,0,0,0,0,0,0,0
1959-07-31,0,0,0,0,0,0,0
1959-08-07,1,1,1,1,1,1,1
1959-08-14,2,2,2,2,2,2,2
1959-08-21,3,3,3,3,3,3,3
1959-08-28,4,4,4,4,4,4,4
1959-09-04,5,5,5,5,5,5,5
1959-09-11,6,6,6,6,6,6,6
1959-09-18,7,7,7,7,7,7,7
1959-09-25,8,8,8,8,8,8,8
1959-10-02,9,9,9,9,9,9,9
1959-10-09,10,10,10,10,10,10,10
1959-10-16,11,11,11,11,11,11,11
1959-10-23,12,12,12,12,12,12,12
1959-10-30,13,13,13,13,13,13,13
1959-11-06,14,14,14,14,14,14,14
1959-11-13,15,15,15,15,15,15,15
1959-11-20,16,16,16,16,16,16,16
1959-11-27,17,17,17,17,17,17,17
1959-12-04,18,18,18,18,18,18,18
1959-12-11,19,19,19,19,19,19,19
1959-12-18,20,20,20,20,20,20,20
1959-12-25,21,21,21,21,0,0,0
1960-01-01,22,22,22,22,1,1,1
1960-01-08,23,23,23,23,2,2,2
1960-01-15,24,24,24,24,3,3,3
1960-01-22,25,25,25,25,4,4,4
1960-01-29,26,26,26,26,5,5,5
1960-02-05,27,27,27,27,6,6,6
1960-02-12,28,28,28,28,7,7,7
1960-02-19,29,29,29,29,8,8,8
1960-02-26,30,30,30,30,9,9,9
1960-03-04,31,31,31,31,10,10,10
1960-03-11,32,32,32,32,11,11,11
1960-03-18,33,33,33,33,12,12,12
1960-03-25,34,34,34,34,13,13,13
1960-04-01,35,35,35,35,14,14,14
1960-04-08,36,36,36,36,15,15,15
1960-04-15,37,37,37,37,16,16,16
1960-04-22,38,38,38,38,17,17,17
1960-04-29,39,39,39,39,18,18,18
1960-05-06,40,40,40,40,19,19,19
1960-05-13,41,41,41,41,20,20,20
1960-05-20,42,42,42,42,21,21,21
1960-05-27,43,43,43,43,22,22,22
1960-06-03,44,44,44,44,23,23,23
1960-06-10,45,45,45,45,24,24,0
1960-06-17,46,46,46,46,25,25,0
1960-06-24,0,0,0,0,26,0,0
1960-07-01,0,0,0,0,27,0,0
1960-07-08,1,1,1,1,28,1,1
1960-07-15,2,2,2,2,29,2,2
1960-07-22,3,3,3,3,30,3,3
1960-07-29,4,4,4,4,31,4,4
1960-08-05,5,5,5,5,32,5,5
1960-08-12,6,6,6,6,33,6,6
1960-08-19,7,7,7,7,34,7,0
1960-08-26,0,0,0,0,35,0,0
1960-09-02,1,1,1,1,36,1,1
1960-09-09,2,2,2,2,37,2,2
1960-09-16,3,3,3,3,38,3,3
1960-09-23,4,4,4,4,39,4,4
1960-09-30,5,5,5,5,40,5,5
1960-10-07,6,6,6,6,41,6,6
1960-10-14,7,7,7,7,42,7,7
1960-10-21,8,8,8,8,43,8,8
1960-10-28,9,9,9,9,44,9,9
1960-11-04,10,10,10,10,45,10,10
1960-11-11,11,11,11,11,46,11,11
1960-11-18,12,12,12,12,47,12,12
1960-11-25,13,13,13,13,48,13,13
1960-12-02,14,14,14,14,49,14,0
1960-12-09,0,0,0,0,50,0,0
1960-12-16,0,0,0,0,51,0,0
1960-12-23,0,0,0,0,52,0,0
1960-12-30,0,0,0,0,53,0,0
1961-01-06,0,0,0,0,0,0,0
1961-01-13,0,0,0,0,0,0,0
1961-01-20,0,0,0,0,0,0,0
1961-01-27,0,0,0,0,0,0,0
1961-02-03,0,0,0,0,0,0,0
1961-02-10,0,0,0,0,0,0,0
1961-02-17,0,0,0,0,0,0,0
1961-02-24,0,0,0,0,0,0,0
1961-03-03,0,0,0,0,0,0,0
1961-03-10,0,0,0,0,0,0,0
1961-03-17,0,0,0,0,0,0,0
1961-03-24,0,0,0,0,0,0,0
1961-03-31,0,0,0,0,0,0,0
1961-04-07,0,0,0,0,0,0,0
1961-04-14,0,0,0,0,0,0,0
1961-04-21,0,0,0,0,0,0,0
1961-04-28,0,0,0,0,0,0,0
1961-05-05,0,0,0,0,0,0,0
1961-05-12,0,0,0,0,0,0,0
1961-05-19,0,0,0,0,0,0,0
1961-05-26,0,0,0,0,0,0,0
1961-06-02,1,1,1,1,1,1,1
1961-06-09,2,2,2,2,2,2,2
1961-06-16,3,3,3,3,3,3,3
1961-06-23,4,4,4,4,4,4,4
1961-06-30,5,5,5,5,5,5,5
1961-07-07,6,6,6,6,6,6,6
1961-07-14,7,7,7,7,7,7,7
1961-07-21,8,8,8,8,8,8,8
1961-07-28,9,9,9,9,9,9,9
1961-08-04,10,10,10,10,10,10,10
1961-08-11,0,0,0,0,0,0,11
1961-08-18,0,0,0,0,0,0,0
1961-08-25,0,0,0,0,0,0,0
1961-09-01,0,1,1,1,1,0,0
1961-09-08,1,2,2,2,2,1,1
1961-09-15,2,3,3,3,3,2,2
1961-09-22,3,4,4,4,4,3,3
1961-09-29,4,5,5,5,5,4,4
1961-10-06,0,6,6,6,6,0,0
1961-10-13,0,7,7,7,0,0,0
1961-10-20,0,8,8,8,0,0,0
1961-10-27,0,0,9,9,0,0,0
1961-11-03,0,0,0,10,0,0,0
1961-11-10,0,0,0,0,0,0,0
1961-11-17,0,0,0,0,0,0,0
1961-11-24,0,0,0,0,0,0,0
1961-12-01,0,0,0,0,0,0,1
1961-12-08,0,0,0,0,0,0,0
1961-12-15,0,0,0,0,0,0,0
1961-12-22,0,0,0,0,0,0,0
1961-12-29,0,0,0,0,0,0,0
1962-01-05,1,1,1,1,1,1,1
1962-01-12,2,2,2,2,2,2,2
1962-01-19,3,3,3,3,3,3,3
1962-01-26,4,4,4,4,4,4,4
1962-02-02,5,5,5,5,5,5,5
1962-02-09,6,6,6,6,6,6,6
1962-02-16,7,7,7,7,7,7,7
1962-02-23,8,8,8,8,8,8,8
1962-03-02,9,9,9,9,9,9,9
1962-03-09,10,10,10,10,10,10,10
1962-03-16,11,11,11,11,11,11,11
1962-03-23,12,12,12,12,12,12,0
1962-03-30,13,13,13,13,13,13,0
1962-04-06,14,14,14,14,14,14,1
1962-04-13,15,15,15,15,15,15,2
1962-04-20,16,16,16,16,16,16,3
1962-04-27,17,17,17,17,17,17,4
1962-05-04,18,18,18,18,18,18,5
1962-05-11,19,19,19,19,19,19,6
1962-05-18,20,20,20,20,20,20,7
1962-05-25,21,21,21,21,21,21,8
1962-06-01,22,22,22,22,22,22,9
1962-06-08,23,23,23,23,23,23,10
1962-06-15,24,24,24,24,24,24,11
1962-06-22,25,25,25,25,25,25,12
1962-06-29,26,26,26,26,26,26,13
1962-07-06,27,27,27,27,27,27,14
1962-07-13,28,28,28,28,28,28,15
1962-07-20,29,29,29,29,29,29,16
1962-07-27,30,30,30,30,30,30,17
1962-08-03,31,31,31,31,31,31,18
1962-08-10,32,32,32,32,32,32,19
1962-08-17,33,33,33,33,33,33,20
1962-08-24,34,34,34,34,34,34,21
1962-08-31,35,35,35,35,35,35,22
1962-09-07,36,36,36,36,36,36,23
1962-09-14,37,37,37,37,37,37,24
1962-09-21,38,38,38,38,38,38,25
1962-09-28,39,39,39,39,39,39,26
1962-10-05,40,40,40,40,40,40,27
1962-10-12,41,41,41,41,41,41,28
1962-10-19,42,42,42,42,42,42,29
1962-10-26,43,43,43,43,43,43,30
1962-11-02,44,44,44,44,44,44,31
1962-11-09,45,45,45,45,45,45,32
1962-11-16,46,46,46,46,46,46,33
1962-11-23,47,47,47,47,47,47,34
1962-11-30,48,48,48,48,48,48,35
1962-12-07,49,49,49,49,49,49,36
1962-12-14,50,50,50,50,50,50,37
1962-12-21,51,51,51,51,51,51,38
1962-12-28,52,52,52,52,52,52,39
1963-01-04,53,53,53,0,53,53,40
1963-01-11,54,54,54,0,54,54,41
1963-01-18,55,55,55,0,55,55,42
1963-01-25,56,56,56,0,56,56,43
1963-02-01,57,57,57,0,57,57,44
1963-02-08,58,58,58,0,58,58,45
1963-02-15,59,59,59,0,59,59,46
1963-02-22,60,60,60,0,60,60,47
1963-03-01,61,61,61,1,61,61,48
1963-03-08,62,62,62,2,62,62,49
1963-03-15,63,63,63,3,63,63,50
1963-03-22,64,64,64,4,64,64,51
1963-03-29,65,65,65,5,65,65,52
1963-04-05,66,66,0,6,66,66,0
1963-04-12,67,0,0,0,67,67,0
1963-04-19,68,0,0,0,68,0,0
1963-04-26,0,0,0,0,0,0,0
1963-05-03,0,0,0,0,0,0,0
1963-05-10,0,0,0,0,0,0,0
1963-05-17,0,0,0,0,0,0,0
1963-05-24,0,0,0,0,0,0,0
1963-05-31,0,0,0,0,0,0,0
1963-06-07,0,0,0,0,0,0,1
1963-06-14,0,0,0,0,0,0,0
1963-06-21,0,0,0,0,0,0,0
1963-06-28,0,0,0,0,0,0,0
1963-07-05,1,1,1,1,1,1,1
1963-07-12,2,2,2,2,2,2,2
1963-07-19,3,3,3,3,3,3,3
1963-07-26,4,4,4,4,4,4,4
1963-08-02,5,5,5,5,5,5,5
1963-08-09,0,6,6,6,6,0,0
1963-08-16,0,0,0,0,0,0,0
1963-08-23,0,0,0,0,0,0,0
1963-08-30,0,0,0,0,0,0,0
1963-09-06,0,0,0,0,0,0,0
1963-09-13,0,0,0,0,0,0,0
1963-09-20,0,0,0,0,0,0,0
1963-09-27,0,0,0,0,0,0,0
1963-10-04,0,0,0,0,0,0,0
1963-10-11,0,0,0,0,0,0,0
1963-10-18,0,0,0,0,0,0,0
1963-10-25,0,0,0,0,0,0,0
1963-11-01,1,1,1,1,1,1,1
1963-11-08,2,2,2,2,2,2,2
1963-11-15,3,3,3,3,3,3,0
1963-11-22,4,4,4,4,4,4,0
1963-11-29,5,5,5,5,5,5,0
1963-12-06,0,0,0,6,0,0,0
1963-12-13,0,0,0,0,0,0,0
1963-12-20,0,0,0,0,0,0,0
1963-12-27,0,0,0,0,0,0,0
1964-01-03,0,0,0,0,0,0,0
1964-01-10,0,0,0,0,0,0,0
1964-01-17,0,0,0,0,0,0,0
1964-01-24,0,0,0,0,0,0,0
1964-01-31,0,0,0,0,0,0,0
1964-02-07,0,0,0,1,0,0,0
1964-02-14,0,0,0,0,0,0,0
1964-02-21,0,0,0,0,0,0,0
1964-02-28,0,0,0,0,0,0,0
1964-03-06,0,0,0,0,0,0,0
1964-03-13,0,0,0,0,0,0,0
1964-03-20,0,0,0,0,0,0,0
1964-03-27,0,0,0,0,0,0,0
1964-04-03,0,0,0,0,0,0,0
1964-04-10,0,0,0,0,0,0,0
1964-04-17,0,0,0,0,0,0,0
1964-04-24,0,0,0,0,0,0,0
1964-05-01,0,0,0,0,0,0,0
1964-05-08,0,0,0,0,0,0,0
1964-05-15,0,0,0,0,0,0,0
1964-05-22,0,0,0,0,0,0,0
1964-05-29,0,0,0,0,0,0,0
1964-06-05,1,1,1,1,1,1,0
1964-06-12,2,2,2,2,2,2,1
1964-06-19,3,3,3,3,3,3,0
1964-06-26,4,4,4,4,4,4,0
1964-07-03,0,0,0,0,0,0,0
1964-07-10,0,0,0,0,0,0,0
1964-07-17,0,0,0,0,0,0,0
1964-07-24,0,0,0,0,0,0,0
1964-07-31,0,0,0,0,0,0,0
1964-08-07,1,1,1,1,1,1,1
1964-08-14,2,2,2,2,2,2,2
1964-08-21,3,3,3,3,3,3,3
1964-08-28,4,4,4,4,4,4,4
1964-09-04,5,5,5,5,5,5,5
1964-09-11,6,6,6,6,6,6,6
1964-09-18,0,0,7,7,0,0,0
1964-09-25,0,0,0,0,0,0,0
1964-10-02,0,0,0,0,0,0,0
1964-10-09,0,0,0,0,0,0,0
1964-10-16,0,0,0,0,0,0,0
1964-10-23,0,0,0,0,0,0,0
1964-10-30,0,0,0,0,0,0,0
1964-11-06,0,0,0,0,0,0,0
1964-11-13,0,0,0,0,0,0,0
1964-11-20,0,0,0,0,0,0,0
1964-11-27,0,0,0,0,0,0,0
1964-12-04,1,1,1,1,1,1,1
1964-12-11,2,2,2,2,2,2,2
1964-12-18,3,3,3,3,3,3,3
1964-12-25,4,4,4,4,4,4,4
1965-01-01,5,5,5,5,5,5,5
1965-01-08,6,6,6,6,6,6,6
1965-01-15,0,7,7,7,0,0,0
1965-01-22,0,0,0,0,0,0,0
1965-01-29,0,0,0,0,0,0,0
1965-02-05,0,0,0,0,0,0,0
1965-02-12,0,0,0,0,0,0,0
1965-02-19,0,0,0,0,0,0,0
1965-02-26,0,0,0,0,0,0,0
1965-03-05,0,1,1,1,0,0,0
1965-03-12,0,0,2,2,0,0,0
1965-03-19,0,0,0,3,0,0,0
1965-03-26,0,0,0,4,0,0,0
1965-04-02,0,0,0,0,0,0,0
1965-04-09,0,0,0,0,0,0,0
1965-04-16,0,0,0,0,0,0,0
1965-04-23,0,0,0,0,0,0,0
1965-04-30,0,0,0,0,0,0,0
1965-05-07,0,0,0,0,0,0,0
1965-05-14,0,0,0,0,0,0,0
1965-05-21,0,0,0,0,0,0,0
1965-05-28,0,0,0,0,0,0,0
1965-06-04,1,1,1,1,1,1,1
1965-06-11,2,2,2,2,2,2,2
1965-06-18,3,3,3,3,3,3,3
1965-06-25,4,4,4,4,4,4,4
1965-07-02,5,5,5,5,5,5,5
1965-07-09,6,6,6,6,6,6,6
1965-07-16,7,7,7,7,7,7,7
1965-07-23,8,8,8,8,8,8,8
1965-07-30,9,9,9,9,9,9,9
1965-08-06,10,10,10,10,10,10,10
1965-08-13,11,11,11,11,11,11,11
1965-08-20,12,12,12,12,12,12,12
1965-08-27,13,13,13,13,13,13,13
1965-09-03,14,14,14,14,14,14,14
1965-09-10,15,15,15,15,15,15,15
1965-09-17,0,16,16,16,0,0,0
1965-09-24,0,0,17,17,0,0,0
1965-10-01,0,0,18,18,0,0,0
1965-10-08,0,0,0,19,0,0,0
1965-10-15,0,0,0,0,0,0,0
1965-10-22,0,0,0,0,0,0,0
1965-10-29,0,0,0,0,0,0,0
1965-11-05,0,0,0,0,0,0,0
1965-11-12,0,0,0,0,0,0,0
1965-11-19,0,0,0,0,0,0,0
1965-11-26,0,0,0,0,0,0,0
1965-12-03,1,1,1,1,1,1,1
1965-12-10,2,2,2,2,2,2,2
1965-12-17,3,3,3,3,3,3,3
1965-12-24,4,4,4,4,4,4,4
1965-12-31,5,5,5,5,5,5,5
1966-01-07,0,0,6,6,0,0,6
1966-01-14,0,0,0,0,0,0,0
1966-01-21,0,0,0,0,0,0,0
1966-01-28,0,0,0,0,0,0,0
1966-02-04,1,1,1,1,1,1,1
1966-02-11,2,2,2,2,2,2,2
1966-02-18,3,3,3,3,3,3,3
1966-02-25,4,4,4,4,4,4,4
1966-03-04,5,5,5,5,5,5,5
1966-03-11,6,6,6,6,6,6,6
1966-03-18,7,7,7,7,7,7,7
1966-03-25,8,8,8,8,8,8,8
1966-04-01,9,9,9,9,9,9,9
1966-04-08,10,10,10,10,10,10,10
1966-04-15,11,11,11,11,11,11,11
1966-04-22,12,12,12,12,12,12,12
1966-04-29,13,13,13,13,13,13,13
1966-05-06,14,14,14,14,14,14,14
1966-05-13,15,15,15,15,15,15,15
1966-05-20,16,16,16,16,16,16,16
1966-05-27,17,17,17,17,17,17,17
1966-06-03,18,18,18,18,18,18,18
1966-06-10,19,19,19,19,19,19,19
1966-06-17,20,20,20,20,20,20,20
1966-06-24,21,21,21,21,21,21,21
1966-07-01,22,22,22,22,22,22,22
1966-07-08,23,23,23,23,23,23,23
1966-07-15,24,24,24,24,24,24,24
1966-07-22,25,25,25,25,25,25,25
1966-07-29,26,26,26,26,26,26,26
1966-08-05,27,27,27,27,27,27,27
1966-08-12,28,28,28,28,28,28,28
1966-08-19,29,29,29,29,29,29,29
1966-08-26,30,30,30,30,30,30,30
1966-09-02,31,31,31,31,31,31,31
1966-09-09,32,32,32,32,32,32,32
1966-09-16,33,33,33,33,33,33,33
1966-09-23,34,34,34,34,34,34,34
1966-09-30,35,35,35,35,35,35,35
1966-10-07,36,36,36,36,36,36,36
1966-10-14,37,37,37,37,37,37,37
1966-10-21,38,38,38,38,38,38,38
1966-10-28,39,39,39,39,39,39,39
1966-11-04,40,40,40,40,40,40,40
1966-11-11,41,41,41,41,41,41,41
1966-11-18,42,42,42,42,42,42,42
1966-11-25,43,43,43,43,43,43,43
1966-12-02,44,44,44,44,44,44,44
1966-12-09,45,45,45,45,45,45,45
1966-12-16,46,46,46,46,46,46,46
1966-12-23,47,47,47,47,47,47,47
1966-12-30,48,48,48,48,48,48,48
1967-01-06,49,49,49,49,49,49,49
1967-01-13,50,50,50,50,50,50,50
1967-01-20,51,51,51,51,51,51,51
1967-01-27,52,52,52,52,52,52,52
1967-02-03,53,53,53,53,53,53,53
1967-02-10,54,54,54,54,54,54,54
1967-02-17,55,55,55,55,55,55,55
1967-02-24,56,56,56,56,56,56,0
1967-03-03,57,57,57,57,57,57,0
1967-03-10,58,58,58,58,58,58,0
1967-03-17,59,59,0,0,59,0,0
1967-03-24,60,0,0,0,60,0,0
1967-03-31,61,0,0,0,61,0,0
1967-04-07,0,0,0,0,0,0,0
1967-04-14,0,0,0,0,0,0,0
1967-04-21,0,0,0,0,0,0,0
1967-04-28,0,0,0,0,0,0,1
1967-05-05,0,0,0,0,0,0,0
1967-05-12,0,0,0,0,0,0,0
1967-05-19,0,0,0,0,0,0,0
1967-05-26,0,0,0,0,0,0,0
1967-06-02,1,1,1,1,1,1,0
1967-06-09,2,2,2,2,2,2,1
1967-06-16,3,3,3,3,3,3,2
1967-06-23,4,4,4,4,4,4,3
1967-06-30,5,5,5,5,5,5,4
1967-07-07,6,6,6,6,6,6,5
1967-07-14,7,7,7,0,7,7,6
1967-07-21,8,0,0,0,0,0,7
1967-07-28,0,0,0,0,0,0,0
1967-08-04,0,0,0,0,0,0,0
1967-08-11,0,0,0,0,0,0,0
1967-08-18,0,0,0,0,0,0,0
1967-08-25,0,0,0,0,0,0,0
1967-09-01,0,0,0,0,0,0,0
1967-09-08,0,0,0,0,0,0,0
1967-09-15,0,0,0,0,0,0,0
1967-09-22,0,0,0,0,0,0,0
1967-09-29,0,0,0,0,0,0,0
1967-10-06,1,1,1,1,0,1,1
1967-10-13,2,2,2,2,0,2,2
1967-10-20,3,3,3,3,0,3,3
1967-10-27,4,4,4,4,0,4,4
1967-11-03,5,5,5,5,1,5,5
1967-11-10,6,6,6,6,2,6,6
1967-11-17,7,7,7,7,3,7,7
1967-11-24,8,8,8,8,4,8,8
1967-12-01,9,9,9,9,5,9,9
1967-12-08,10,10,10,10,6,10,10
1967-12-15,11,11,11,11,7,11,11
1967-12-22,12,12,0,0,8,12,12
1967-12-29,13,0,0,0,0,13,13
1968-01-05,14,1,1,1,1,0,0
1968-01-12,15,2,2,2,2,0,0
1968-01-19,16,3,3,3,3,1,1
1968-01-26,17,4,4,4,4,2,2
1968-02-02,18,5,5,5,5,3,3
1968-02-09,19,6,6,6,6,4,4
1968-02-16,20,7,7,7,7,5,5
1968-02-23,21,8,8,8,8,6,6
1968-03-01,22,9,9,9,9,7,7
1968-03-08,23,10,10,10,10,8,8
1968-03-15,24,11,11,11,11,9,9
1968-03-22,25,12,12,12,12,10,10
1968-03-29,26,13,13,13,13,11,11
1968-04-05,27,14,14,14,14,12,12
1968-04-12,28,15,15,15,15,13,13
1968-04-19,29,16,16,16,16,14,14
1968-04-26,0,0,0,0,0,0,0
1968-05-03,0,0,0,0,0,0,0
1968-05-10,0,0,0,0,0,0,0
1968-05-17,0,0,0,0,0,0,1
1968-05-24,0,0,0,0,0,0,0
1968-05-31,0,0,0,0,0,0,0
1968-06-07,0,0,0,0,0,0,0
1968-06-14,0,0,0,0,0,0,0
1968-06-21,0,0,0,0,0,0,0
1968-06-28,0,0,0,0,0,0,0
1968-07-05,0,0,0,0,0,0,0
1968-07-12,0,0,0,0,0,0,0
1968-07-19,0,0,0,0,0,0,0
1968-07-26,0,0,0,0,0,0,0
1968-08-02,1,1,1,1,1,1,1
1968-08-09,2,2,2,2,2,2,2
1968-08-16,3,3,3,3,3,3,3
1968-08-23,4,4,4,4,4,4,4
1968-08-30,5,5,5,5,5,5,5
1968-09-06,6,6,6,6,6,6,6
1968-09-13,7,7,7,7,7,7,7
1968-09-20,0,0,0,0,0,0,0
1968-09-27,0,0,0,0,0,0,0
1968-10-04,0,0,0,0,0,0,0
1968-10-11,0,0,0,0,0,0,0
1968-10-18,0,0,0,0,0,0,0
1968-10-25,0,0,0,0,0,0,0
1968-11-01,0,0,0,0,0,0,0
1968-11-08,0,0,0,0,0,0,0
1968-11-15,0,0,0,0,0,0,0
1968-11-22,0,0,0,0,0,0,0
1968-11-29,0,0,0,0,0,0,0
1968-12-06,0,0,0,0,0,0,1
1968-12-13,0,0,0,0,0,0,0
1968-12-20,1,1,1,1,0,1,1
1968-12-27,2,2,2,2,0,0,2
1969-01-03,3,3,3,3,1,1,3
1969-01-10,4,4,4,4,2,2,4
1969-01-17,5,5,5,5,3,3,5
1969-01-24,6,6,6,6,4,4,6
1969-01-31,7,7,7,7,5,5,7
1969-02-07,8,8,8,8,6,6,8
1969-02-14,9,9,9,9,7,7,9
1969-02-21,10,10,10,10,8,8,10
1969-02-28,11,11,11,11,9,9,11
1969-03-07,12,12,12,12,10,10,12
1969-03-14,13,13,13,13,11,11,13
1969-03-21,14,14,14,14,12,12,14
1969-03-28,15,15,15,15,13,13,15
1969-04-04,16,16,16,16,14,14,16
1969-04-11,17,17,17,17,15,15,17
1969-04-18,18,18,18,18,16,16,18
1969-04-25,19,19,19,19,17,17,19
1969-05-02,20,20,20,20,18,18,20
1969-05-09,21,21,21,21,19,19,21
1969-05-16,22,22,22,22,20,20,22
1969-05-23,23,23,23,23,21,21,23
1969-05-30,24,24,24,24,22,22,24
1969-06-06,25,25,25,25,23,23,25
1969-06-13,26,26,26,26,24,24,26
1969-06-20,27,27,27,27,25,25,27
1969-06-27,28,28,28,28,26,26,28
1969-07-04,29,29,29,29,27,27,29
1969-07-11,30,30,30,30,28,28,30
1969-07-18,31,31,31,31,29,29,31
1969-07-25,32,32,32,32,30,30,32
1969-08-01,33,33,33,33,31,31,33
1969-08-08,34,34,34,34,32,32,34
1969-08-15,35,35,35,35,33,33,35
1969-08-22,36,36,36,36,34,34,36
1969-08-29,37,37,37,37,35,35,37
1969-09-05,38,38,38,38,36,36,38
1969-09-12,39,39,39,39,37,37,39
1969-09-19,40,40,40,40,38,38,40
1969-09-26,41,41,41,41,39,39,41
1969-10-03,42,42,42,42,40,40,42
1969-10-10,43,43,43,43,41,41,43
1969-10-17,44,44,44,44,42,42,44
1969-10-24,45,45,45,45,43,43,45
1969-10-31,46,46,46,46,44,44,46
1969-11-07,47,47,47,47,45,45,47
1969-11-14,48,48,48,48,46,46,48
1969-11-21,49,49,49,49,47,47,49
1969-11-28,50,50,50,50,48,48,50
1969-12-05,51,51,51,51,49,49,51
1969-12-12,52,52,52,52,50,50,52
1969-12-19,53,53,53,53,51,51,53
1969-12-26,54,54,54,54,52,52,54
1970-01-02,55,55,55,55,53,53,55
1970-01-09,56,56,56,56,54,54,56
1970-01-16,57,57,57,57,55,55,57
1970-01-23,58,58,58,58,56,56,58
1970-01-30,59,59,59,59,57,57,59
1970-02-06,60,60,60,60,58,58,60
1970-02-13,61,61,61,61,59,59,61
1970-02-20,62,62,62,62,60,60,62
1970-02-27,63,63,63,63,61,61,63
1970-03-06,64,64,64,64,62,62,64
1970-03-13,65,65,65,65,63,63,65
1970-03-20,66,66,66,66,64,64,66
1970-03-27,67,67,67,67,65,65,67
1970-04-03,68,68,68,68,66,66,68
1970-04-10,69,69,69,69,67,67,69
1970-04-17,70,70,70,70,68,68,70
1970-04-24,71,71,71,71,69,69,71
1970-05-01,72,72,72,72,70,70,72
1970-05-08,73,73,73,73,71,71,73
1970-05-15,74,74,74,74,72,72,74
1970-05-22,75,75,75,75,73,73,75
1970-05-29,76,76,76,76,74,74,76
1970-06-05,77,77,77,77,75,75,77
1970-06-12,78,78,78,78,76,76,78
1970-06-19,79,79,79,79,77,77,79
1970-06-26,80,80,80,80,78,78,80
1970-07-03,81,81,81,81,79,79,81
1970-07-10,82,82,82,82,80,80,82
1970-07-17,83,83,83,83,81,81,83
1970-07-24,84,84,84,84,82,82,84
1970-07-31,85,85,85,85,83,83,85
1970-08-07,86,86,86,86,84,84,86
1970-08-14,87,87,87,87,85,85,87
1970-08-21,88,88,88,88,86,86,88
1970-08-28,89,89,89,89,87,87,89
1970-09-04,90,90,90,90,88,88,90
1970-09-11,91,91,91,91,89,89,91
1970-09-18,92,92,92,92,90,90,92
1970-09-25,93,93,93,93,91,91,93
1970-10-02,94,94,94,94,92,92,94
1970-10-09,95,95,95,95,93,93,95
1970-10-16,96,96,96,96,94,94,96
1970-10-23,97,97,97,97,95,95,97
1970-10-30,98,98,98,98,96,96,98
1970-11-06,99,99,99,99,97,97,99
1970-11-13,100,100,100,100,98,98,100
1970-11-20,101,101,101,101,99,99,101
1970-11-27,102,102,102,102,100,100,102
1970-12-04,0,0,0,0,101,101,103
1970-12-11,1,1,1,1,102,102,104
1970-12-18,0,0,0,0,103,103,105
1970-12-25,1,1,1,1,104,104,106
1971-01-01,0,0,0,0,105,105,107
1971-01-08,1,1,1,1,106,106,108
1971-01-15,0,0,0,0,107,107,0
1971-01-22,0,0,0,0,108,108,0
1971-01-29,0,0,0,0,109,109,0
1971-02-05,0,0,0,0,110,110,0
1971-02-12,0,0,0,0,111,0,0
1971-02-19,0,0,0,0,112,0,0
1971-02-26,0,0,0,0,113,0,0
1971-03-05,0,0,0,0,114,0,0
1971-03-12,0,0,0,0,115,0,0
1971-03-19,0,0,0,0,0,0,0
1971-03-26,0,0,0,0,0,0,0
1971-04-02,1,1,1,1,0,0,0
1971-04-09,0,0,0,0,0,0,0
1971-04-16,1,1,1,1,0,0,1
1971-04-23,2,2,2,2,0,0,2
1971-04-30,3,3,3,3,0,0,0
1971-05-07,4,4,4,4,1,1,1
1971-05-14,5,5,5,5,2,2,2
1971-05-21,6,6,6,6,3,3,3
1971-05-28,7,7,7,7,4,4,4
1971-06-04,8,8,8,8,5,5,5
1971-06-11,9,9,9,9,6,6,6
1971-06-18,10,10,10,10,7,7,7
1971-06-25,11,11,11,11,8,8,8
1971-07-02,12,12,12,12,9,9,9
1971-07-09,13,13,13,13,10,10,10
1971-07-16,14,14,14,14,11,11,11
1971-07-23,15,15,15,15,12,12,12
1971-07-30,16,16,16,16,13,13,13
1971-08-06,17,17,17,17,14,14,14
1971-08-13,18,18,18,18,15,15,15
1971-08-20,19,19,19,19,16,16,16
1971-08-27,20,20,20,20,17,17,17
1971-09-03,21,21,21,21,18,18,18
1971-09-10,22,22,22,22,19,19,19
1971-09-17,23,23,23,23,20,20,20
1971-09-24,24,24,24,24,21,21,21
1971-10-01,25,25,25,25,22,22,22
1971-10-08,26,26,26,26,23,23,23
1971-10-15,27,27,27,27,24,24,24
1971-10-22,28,28,28,28,25,25,25
1971-10-29,29,29,29,29,26,26,26
1971-11-05,30,30,30,30,27,27,27
1971-11-12,31,31,31,31,28,28,28
1971-11-19,32,32,32,32,29,29,29
1971-11-26,33,33,33,33,30,30,30
1971-12-03,34,34,34,34,31,31,31
1971-12-10,35,35,35,35,32,32,32
1971-12-17,36,36,36,36,33,33,33
1971-12-24,37,37,37,37,34,34,0
1971-12-31,38,38,38,38,35,35,0
1972-01-07,39,39,39,39,36,0,0
1972-01-14,40,0,0,0,0,0,0
1972-01-21,41,0,0,0,0,0,0
1972-01-28,42,0,0,0,0,0,0
1972-02-04,0,0,0,0,0,0,0
1972-02-11,0,0,0,0,0,0,0
1972-02-18,0,0,0,0,0,0,0
1972-02-25,0,0,0,0,0,0,0
1972-03-03,0,0,0,0,0,0,0
1972-03-10,0,0,0,0,0,0,0
1972-03-17,0,0,0,0,0,0,0
1972-03-24,0,0,0,0,0,0,0
1972-03-31,0,0,0,0,0,0,0
1972-04-07,1,0,0,0,0,0,0
1972-04-14,2,0,0,0,0,0,0
1972-04-21,0,0,0,0,0,0,0
1972-04-28,0,0,0,0,0,0,0
1972-05-05,1,1,1,1,1,1,1
1972-05-12,2,2,2,2,2,2,2
1972-05-19,3,3,3,3,3,3,3
1972-05-26,0,4,4,4,4,4,0
1972-06-02,1,5,5,5,5,5,1
1972-06-09,2,6,6,6,6,6,0
1972-06-16,0,7,7,7,7,7,0
1972-06-23,0,8,8,8,8,8,0
1972-06-30,1,9,9,9,9,9,1
1972-07-07,2,10,10,10,10,10,2
1972-07-14,0,11,11,11,11,11,0
1972-07-21,1,12,12,12,12,12,1
1972-07-28,2,13,13,13,13,13,2
1972-08-04,0,14,14,14,0,0,0
1972-08-11,0,15,15,15,0,0,0
1972-08-18,0,0,16,16,0,0,0
1972-08-25,0,0,0,17,0,0,0
1972-09-01,1,1,1,18,1,1,1
1972-09-08,2,2,2,19,2,2,2
1972-09-15,3,3,3,20,3,3,3
1972-09-22,4,4,4,21,4,4,4
1972-09-29,5,5,5,22,5,5,5
1972-10-06,6,6,6,23,6,6,6
1972-10-13,7,7,7,24,7,7,7
1972-10-20,8,8,8,25,8,8,8
1972-10-27,9,9,9,26,9,9,9
1972-11-03,0,0,0,27,0,0,0
1972-11-10,0,0,0,28,0,0,0
1972-11-17,0,0,0,0,0,0,0
1972-11-24,0,0,0,0,0,0,0
1972-12-01,0,0,0,0,0,0,0
1972-12-08,0,0,0,0,0,0,0
1972-12-15,0,0,0,0,0,0,0
1972-12-22,0,0,0,0,0,0,0
1972-12-29,0,0,0,0,0,0,0
1973-01-05,0,0,0,0,0,0,0
1973-01-12,0,0,0,0,0,0,0
1973-01-19,0,0,0,0,0,0,0
1973-01-26,0,0,0,0,0,0,0
1973-02-02,1,1,1,1,1,1,1
1973-02-09,2,2,2,2,2,2,2
1973-02-16,3,3,3,3,3,3,3
1973-02-23,4,4,4,4,4,4,4
1973-03-02,5,5,5,5,5,5,5
1973-03-09,6,6,6,6,6,6,6
1973-03-16,7,7,7,7,7,7,7
1973-03-23,8,8,8,8,8,8,8
1973-03-30,9,9,9,9,9,9,9
1973-04-06,10,10,10,10,10,10,10
1973-04-13,11,11,11,11,11,11,11
1973-04-20,12,12,12,12,12,12,12
1973-04-27,13,13,13,13,13,13,13
1973-05-04,14,14,14,14,14,14,14
1973-05-11,15,15,15,15,15,15,15
1973-05-18,16,16,16,16,16,16,16
1973-05-25,17,17,17,17,17,17,17
1973-06-01,18,18,18,18,18,18,18
1973-06-08,19,19,19,19,19,19,19
1973-06-15,20,20,20,20,20,20,20
1973-06-22,21,21,21,21,21,21,21
1973-06-29,22,22,22,22,22,22,22
1973-07-06,23,23,23,23,23,23,23
1973-07-13,24,24,24,24,24,24,24
1973-07-20,25,25,25,25,25,25,25
1973-07-27,26,26,26,26,26,26,26
1973-08-03,27,27,27,27,27,27,27
1973-08-10,28,28,28,28,28,28,28
1973-08-17,29,29,29,29,29,29,29
1973-08-24,30,30,30,30,30,30,30
1973-08-31,31,31,31,31,31,31,31
1973-09-07,32,32,32,32,32,32,32
1973-09-14,33,33,33,33,33,33,33
1973-09-21,34,34,34,34,34,34,34
1973-09-28,35,35,35,35,35,35,35
1973-10-05,36,36,36,36,36,36,36
1973-10-12,37,37,37,37,37,37,37
1973-10-19,38,38,38,38,38,38,38
1973-10-26,39,39,39,39,39,39,39
1973-11-02,40,40,40,40,40,40,40
1973-11-09,41,41,41,41,41,41,41
1973-11-16,42,42,42,42,42,42,42
1973-11-23,43,43,43,43,43,43,43
1973-11-30,44,44,44,44,44,44,44
1973-12-07,45,45,45,45,45,45,45
1973-12-14,46,46,46,46,46,46,46
1973-12-21,47,47,47,47,47,47,47
1973-12-28,48,48,48,48,48,48,48
1974-01-04,49,49,49,49,49,49,49
1974-01-11,50,50,50,50,50,50,50
1974-01-18,51,51,51,51,51,51,51
1974-01-25,52,52,52,52,52,52,52
1974-02-01,53,53,53,53,53,53,53
1974-02-08,54,54,54,54,54,54,54
1974-02-15,55,55,55,55,55,55,55
1974-02-22,56,56,56,56,56,56,56
1974-03-01,57,57,57,57,57,57,57
1974-03-08,58,58,58,58,58,58,58
1974-03-15,59,59,59,59,59,59,59
1974-03-22,60,60,60,60,60,60,60
1974-03-29,61,61,61,61,61,61,61
1974-04-05,62,62,62,62,62,62,62
1974-04-12,63,63,63,63,63,63,63
1974-04-19,64,64,64,64,64,64,64
1974-04-26,65,65,65,65,65,65,65
1974-05-03,66,66,66,66,66,66,66
1974-05-10,67,67,67,67,67,67,67
1974-05-17,68,68,68,68,68,68,68
1974-05-24,69,69,69,69,69,69,69
1974-05-31,70,70,70,70,70,70,70
1974-06-07,71,71,71,71,71,71,71
1974-06-14,72,72,72,72,72,72,72
1974-06-21,73,73,73,73,73,73,73
1974-06-28,74,74,74,74,74,74,74
1974-07-05,75,75,75,75,75,75,75
1974-07-12,76,76,76,76,76,76,76
1974-07-19,77,77,77,77,77,77,77
1974-07-26,78,78,78,78,78,78,78
1974-08-02,79,79,79,79,79,79,79
1974-08-09,80,80,80,80,80,80,80
1974-08-16,81,81,81,81,81,81,81
1974-08-23,82,82,82,82,82,82,82
1974-08-30,83,83,83,83,83,83,83
1974-09-06,84,84,84,84,84,84,84
1974-09-13,85,85,85,85,85,85,85
1974-09-20,86,86,86,86,86,86,86
1974-09-27,87,87,87,87,87,87,87
1974-10-04,88,88,88,88,88,88,88
1974-10-11,89,89,89,89,89,89,89
1974-10-18,90,90,90,90,90,90,90
1974-10-25,91,91,91,91,91,91,91
1974-11-01,92,92,92,92,92,92,92
1974-11-08,93,93,93,93,93,93,93
1974-11-15,94,94,94,94,94,94,94
1974-11-22,95,95,95,95,95,95,95
1974-11-29,96,96,96,96,96,96,96
1974-12-06,97,97,97,97,97,97,97
1974-12-13,98,98,98,98,98,98,98
1974-12-20,99,99,99,99,99,99,99
1974-12-27,100,100,100,100,100,100,100
1975-01-03,101,101,101,101,101,101,101
1975-01-10,102,102,102,102,102,102,102
1975-01-17,103,103,103,103,103,103,103
1975-01-24,104,104,104,104,104,104,104
1975-01-31,105,105,105,105,105,105,105
1975-02-07,106,106,106,106,106,106,106
1975-02-14,107,107,107,107,107,107,107
1975-02-21,108,108,108,108,108,108,108
1975-02-28,109,109,109,109,109,109,109
1975-03-07,110,110,110,110,110,110,110
1975-03-14,111,111,111,111,111,111,111
1975-03-21,112,112,112,112,112,112,112
1975-03-28,113,113,113,113,113,113,113
1975-04-04,114,114,114,114,114,114,114
1975-04-11,115,115,115,115,115,115,115
1975-04-18,116,116,116,116,116,116,116
1975-04-25,117,117,117,117,117,117,117
1975-05-02,118,118,118,118,118,118,118
1975-05-09,119,119,119,119,119,119,119
1975-05-16,120,120,120,120,120,120,120
1975-05-23,121,121,121,121,121,121,121
1975-05-30,122,122,122,122,122,122,122
1975-06-06,123,123,123,123,123,123,123
1975-06-13,124,124,124,124,124,124,124
1975-06-20,125,125,125,125,125,125,125
1975-06-27,126,126,126,126,126,126,126
1975-07-04,127,127,127,127,127,127,127
1975-07-11,128,128,128,128,128,128,128
1975-07-18,129,129,129,129,129,129,129
1975-07-25,130,130,130,130,130,130,130
1975-08-01,131,131,131,131,131,131,131
1975-08-08,132,132,132,132,132,132,132
1975-08-15,133,133,133,133,133,133,133
1975-08-22,134,134,134,134,134,134,134
1975-08-29,135,135,135,135,135,135,135
1975-09-05,136,136,136,136,136,136,136
1975-09-12,137,137,137,137,137,137,137
1975-09-19,138,138,138,138,138,138,138
1975-09-26,139,139,139,139,139,139,139
1975-10-03,140,140,140,140,140,140,140
1975-10-10,141,141,141,141,141,141,141
1975-10-17,142,142,142,142,142,142,142
1975-10-24,143,143,143,143,143,143,143
1975-10-31,144,144,144,144,144,144,144
1975-11-07,145,145,145,145,145,145,145
1975-11-14,146,146,146,146,146,146,146
1975-11-21,147,147,147,147,147,147,147
1975-11-28,148,148,148,148,148,148,148
1975-12-05,149,149,149,149,149,149,149
1975-12-12,150,150,150,150,150,150,150
1975-12-19,151,151,151,151,151,151,151
1975-12-26,152,152,152,152,152,152,152
1976-01-02,153,153,153,153,153,153,153
1976-01-09,154,154,154,154,154,154,154
1976-01-16,155,155,155,155,155,155,155
1976-01-23,156,156,156,156,156,156,156
1976-01-30,157,157,157,157,157,157,0
1976-02-06,158,158,158,158,158,158,0
1976-02-13,159,159,159,159,159,159,0
1976-02-20,160,160,160,160,160,160,0
1976-02-27,161,161,161,161,161,161,0
1976-03-05,162,162,162,162,162,162,0
1976-03-12,163,163,163,163,163,0,0
1976-03-19,164,164,164,164,164,0,0
1976-03-26,165,165,165,165,165,0,0
1976-04-02,166,166,166,166,166,0,0
1976-04-09,167,167,167,167,167,0,0
1976-04-16,168,168,168,168,168,0,0
1976-04-23,169,169,169,169,169,0,1
1976-04-30,170,170,170,170,170,0,2
1976-05-07,171,171,171,171,171,1,3
1976-05-14,172,172,172,172,172,2,4
1976-05-21,173,173,173,173,173,3,5
1976-05-28,174,174,174,174,174,4,6
1976-06-04,175,175,175,175,175,5,7
1976-06-11,176,176,176,176,176,6,8
1976-06-18,177,177,177,177,177,0,0
1976-06-25,178,178,178,178,178,0,0
1976-07-02,179,179,179,179,179,0,0
1976-07-09,180,180,180,180,180,0,0
1976-07-16,181,181,181,181,181,0,0
1976-07-23,182,182,182,182,0,0,0
1976-07-30,183,183,183,183,0,0,0
1976-08-06,184,184,184,184,1,1,0
1976-08-13,185,185,185,185,2,2,0
1976-08-20,186,186,186,186,3,3,0
1976-08-27,187,187,187,187,4,4,0
1976-09-03,188,188,188,188,0,0,0
1976-09-10,189,189,189,189,0,0,0
1976-09-17,190,190,190,190,0,0,0
1976-09-24,191,191,191,191,0,0,0
1976-10-01,192,192,192,192,1,1,1
1976-10-08,193,193,193,193,2,2,2
1976-10-15,194,194,194,194,3,3,3
1976-10-22,195,195,195,195,4,4,4
1976-10-29,196,196,196,196,5,5,5
1976-11-05,197,197,197,197,6,6,6
1976-11-12,198,198,198,198,7,7,7
1976-11-19,199,199,199,199,8,8,8
1976-11-26,200,200,200,200,9,9,0
1976-12-03,201,201,201,201,10,10,0
1976-12-10,202,202,202,202,11,11,0
1976-12-17,203,203,203,203,12,0,0
1976-12-24,204,204,204,204,13,0,0
1976-12-31,205,205,205,205,0,0,0
1977-01-07,206,206,206,206,1,1,1
1977-01-14,207,207,207,207,2,2,2
1977-01-21,208,208,208,208,3,3,3
1977-01-28,209,209,209,209,4,4,4
1977-02-04,210,210,210,210,5,5,5
1977-02-11,211,211,211,211,6,6,6
1977-02-18,212,212,212,212,7,7,7
1977-02-25,213,213,213,213,8,8,8
1977-03-04,214,214,214,214,9,9,9
1977-03-11,215,215,215,215,10,10,10
1977-03-18,216,216,216,216,11,11,11
1977-03-25,217,217,217,217,12,12,12
1977-04-01,218,218,218,218,13,13,13
1977-04-08,219,219,219,219,14,14,14
1977-04-15,220,220,220,220,15,15,15
1977-04-22,221,221,221,221,16,16,16
1977-04-29,222,222,222,222,17,17,17
1977-05-06,223,223,223,223,18,18,18
1977-05-13,224,224,224,224,19,19,19
1977-05-20,225,225,225,225,20,20,20
1977-05-27,226,226,226,226,21,21,21
1977-06-03,227,227,227,227,22,22,22
1977-06-10,228,228,228,228,23,23,23
1977-06-17,229,229,229,229,24,24,24
1977-06-24,230,230,230,230,25,25,25
1977-07-01,231,231,231,231,26,26,26
1977-07-08,232,232,232,232,27,27,27
1977-07-15,233,233,233,233,28,28,28
1977-07-22,234,234,234,234,29,29,29
1977-07-29,235,235,235,235,30,30,30
1977-08-05,236,236,236,236,31,31,31
1977-08-12,237,237,237,237,32,32,32
1977-08-19,238,238,238,238,33,33,33
1977-08-26,239,239,239,239,34,34,34
1977-09-02,240,240,240,240,35,35,35
1977-09-09,241,241,241,241,36,36,36
1977-09-16,242,242,242,242,37,37,37
1977-09-23,243,243,243,243,38,38,38
1977-09-30,244,244,244,244,39,39,39
1977-10-07,245,245,245,245,40,40,40
1977-10-14,246,246,246,246,41,41,41
1977-10-21,247,247,247,247,42,42,42
1977-10-28,248,248,248,248,43,43,43
1977-11-04,249,249,249,249,44,44,44
1977-11-11,250,250,250,250,45,45,45
1977-11-18,251,251,251,251,46,46,46
1977-11-25,252,252,252,252,47,47,47
1977-12-02,253,253,253,253,48,48,48
1977-12-09,254,254,254,254,49,49,49
1977-12-16,255,255,255,255,50,50,50
1977-12-23,256,256,256,256,51,51,51
1977-12-30,257,257,257,257,52,52,52
1978-01-06,258,258,258,258,53,53,53
1978-01-13,259,259,259,259,54,54,54
1978-01-20,260,260,260,260,55,55,55
1978-01-27,261,261,261,261,56,56,56
1978-02-03,262,262,262,262,57,57,57
1978-02-10,263,263,263,263,58,58,58
1978-02-17,264,264,264,264,59,59,59
1978-02-24,265,265,265,265,60,60,60
1978-03-03,266,266,266,266,61,61,61
1978-03-10,267,267,267,267,62,62,62
1978-03-17,268,268,268,268,63,63,63
1978-03-24,269,269,269,269,64,64,64
1978-03-31,270,270,270,270,65,65,65
1978-04-07,271,271,271,271,66,66,66
1978-04-14,272,272,272,272,67,67,67
1978-04-21,273,273,273,273,68,68,68
1978-04-28,274,274,274,274,69,69,69
1978-05-05,275,275,275,275,70,70,70
1978-05-12,276,276,276,276,71,71,71
1978-05-19,277,277,277,277,72,72,72
1978-05-26,278,278,278,278,73,73,73
1978-06-02,279,279,279,279,74,74,74
1978-06-09,280,280,280,280,75,75,75
1978-06-16,281,281,281,281,76,76,76
1978-06-23,282,282,282,282,77,77,77
1978-06-30,283,283,283,283,0,78,78
1978-07-07,284,284,284,284,1,79,79
1978-07-14,285,285,285,285,2,80,80
1978-07-21,286,286,286,286,3,81,81
1978-07-28,287,287,287,287,4,0,0
1978-08-04,288,0,0,0,0,0,0
1978-08-11,0,0,0,0,0,0,0
1978-08-18,0,0,0,0,0,0,0
1978-08-25,0,0,0,0,0,0,0
1978-09-01,0,0,0,0,0,0,0
1978-09-08,0,0,0,0,0,0,0
1978-09-15,0,0,0,0,0,0,0
1978-09-22,1,1,1,1,0,1,1
1978-09-29,2,2,0,0,0,2,2
1978-10-06,3,3,1,1,1,3,3
1978-10-13,4,4,2,2,2,4,4
1978-10-20,5,5,3,3,3,5,5
1978-10-27,6,6,4,4,4,6,6
1978-11-03,7,7,5,5,5,7,7
1978-11-10,8,8,6,6,6,8,8
1978-11-17,9,9,7,7,7,9,9
1978-11-24,10,10,8,8,8,10,10
1978-12-01,11,11,9,9,9,11,11
1978-12-08,12,12,10,10,10,12,12
1978-12-15,13,13,11,11,11,13,13
1978-12-22,14,14,12,12,12,14,14
1978-12-29,15,15,13,13,13,15,15
1979-01-05,16,16,14,14,14,16,16
1979-01-12,17,17,15,15,15,17,17
1979-01-19,18,18,16,16,16,18,18
1979-01-26,19,19,17,17,17,19,19
1979-02-02,20,20,18,18,18,20,20
1979-02-09,21,21,19,19,19,21,21
1979-02-16,22,22,20,20,20,22,22
1979-02-23,23,23,21,21,21,23,23
1979-03-02,24,24,22,22,22,24,24
1979-03-09,25,25,23,23,23,25,25
1979-03-16,26,26,24,24,24,26,26
1979-03-23,27,27,25,25,25,27,27
1979-03-30,28,28,26,26,26,28,28
1979-04-06,29,0,0,0,27,29,29
1979-04-13,30,0,0,0,0,0,30
1979-04-20,0,0,0,0,0,0,0
1979-04-27,0,0,0,0,0,0,0
1979-05-04,1,1,1,1,1,1,1
1979-05-11,2,2,2,2,2,2,2
1979-05-18,3,3,3,3,3,3,3
1979-05-25,4,4,4,4,4,4,0
1979-06-01,5,5,5,5,5,5,0
1979-06-08,6,6,6,6,6,0,0
1979-06-15,0,0,0,0,7,0,0
1979-06-22,0,0,0,0,0,0,0
1979-06-29,0,0,0,0,0,0,0
1979-07-06,0,0,0,0,0,0,0
1979-07-13,0,0,0,0,0,0,1
1979-07-20,0,0,0,0,0,0,0
1979-07-27,0,0,0,0,0,0,0
1979-08-03,0,0,0,0,0,0,0
1979-08-10,0,0,0,0,0,0,0
1979-08-17,0,0,0,0,0,0,0
1979-08-24,0,0,0,0,0,0,0
1979-08-31,0,0,0,0,0,0,0
1979-09-07,0,0,0,0,0,0,0
1979-09-14,0,0,0,0,0,0,0
1979-09-21,0,0,0,0,0,0,0
1979-09-28,0,0,0,0,0,0,1
1979-10-05,1,1,1,1,1,1,2
1979-10-12,2,2,2,2,2,2,3
1979-10-19,3,3,3,3,3,3,4
1979-10-26,4,4,4,4,4,4,5
1979-11-02,5,5,5,5,5,5,6
1979-11-09,6,6,6,6,6,6,7
1979-11-16,7,7,7,7,7,7,8
1979-11-23,8,8,8,8,8,8,9
1979-11-30,9,9,9,9,9,9,10
1979-12-07,10,10,10,10,10,10,11
1979-12-14,11,11,11,11,11,11,12
1979-12-21,12,12,12,12,12,12,13
1979-12-28,13,13,13,13,0,13,14
1980-01-04,0,0,0,0,0,14,15
1980-01-11,0,0,0,0,0,0,16
1980-01-18,0,0,0,0,0,0,17
1980-01-25,0,0,0,0,0,0,18
1980-02-01,0,0,0,0,0,0,19
1980-02-08,1,1,1,1,0,0,20
1980-02-15,2,2,2,2,0,0,21
1980-02-22,3,3,3,3,0,1,22
1980-02-29,4,4,4,4,0,0,23
1980-03-07,5,5,5,5,1,1,24
1980-03-14,6,6,6,6,2,2,25
1980-03-21,7,7,7,7,3,3,26
1980-03-28,8,8,8,8,4,4,27
1980-04-04,9,9,9,9,5,5,28
1980-04-11,10,10,10,10,6,6,29
1980-04-18,11,11,11,11,7,7,30
1980-04-25,12,12,12,12,8,8,31
1980-05-02,13,13,13,13,9,9,32
1980-05-09,14,14,14,14,10,10,33
1980-05-16,15,15,15,15,11,11,0
1980-05-23,16,16,16,16,12,12,0
1980-05-30,17,17,17,17,13,13,1
1980-06-06,0,0,0,0,14,0,0
1980-06-13,0,0,0,0,15,0,0
1980-06-20,0,0,0,0,16,0,0
1980-06-27,1,0,0,0,0,0,1
1980-07-04,0,0,0,0,0,0,0
1980-07-11,1,1,1,1,0,0,0
1980-07-18,0,0,0,0,0,0,0
1980-07-25,1,1,1,1,0,0,0
1980-08-01,2,2,2,2,0,0,1
1980-08-08,3,3,3,3,0,0,2
1980-08-15,4,4,4,4,0,0,0
1980-08-22,5,5,5,5,0,0,1
1980-08-29,6,6,6,6,0,0,2
1980-09-05,7,7,7,7,0,0,0
1980-09-12,8,8,8,8,0,0,0
1980-09-19,9,9,9,9,0,0,0
1980-09-26,10,10,10,10,0,1,1
1980-10-03,11,11,11,11,0,0,0
1980-10-10,12,12,12,12,0,0,0
1980-10-17,13,13,13,13,0,0,1
1980-10-24,14,14,14,14,0,0,0
1980-10-31,15,15,15,15,0,1,1
1980-11-07,16,16,16,16,0,0,2
1980-11-14,17,17,17,17,0,0,3
1980-11-21,18,18,18,18,0,0,4
1980-11-28,0,0,0,0,0,0,0
1980-12-05,1,1,1,1,1,1,1
1980-12-12,2,2,2,2,2,2,2
1980-12-19,0,0,0,0,3,3,3
1980-12-26,0,0,0,0,4,4,0
1981-01-02,0,0,0,0,5,5,1
1981-01-09,0,0,0,0,6,6,2
1981-01-16,0,0,0,0,7,7,3
1981-01-23,0,0,0,0,8,8,4
1981-01-30,0,0,0,0,9,9,5
1981-02-06,1,1,1,1,10,10,6
1981-02-13,2,2,2,2,11,11,7
1981-02-20,3,3,3,3,12,12,8
1981-02-27,4,4,4,4,13,13,9
1981-03-06,5,5,5,5,14,14,10
1981-03-13,0,0,0,0,15,15,11
1981-03-20,0,0,0,0,16,16,12
1981-03-27,1,1,1,1,17,17,13
1981-04-03,2,2,2,2,0,18,14
1981-04-10,3,3,3,3,0,19,15
1981-04-17,4,4,4,4,0,0,16
1981-04-24,5,5,5,5,0,0,17
1981-05-01,6,6,6,6,1,1,18
1981-05-08,7,7,7,7,2,2,19
1981-05-15,8,8,8,8,3,3,20
1981-05-22,9,9,9,9,4,4,21
1981-05-29,10,10,10,10,5,5,22
1981-06-05,11,11,11,11,6,6,23
1981-06-12,0,0,0,0,7,0,24
1981-06-19,1,1,1,1,8,0,25
1981-06-26,2,2,2,2,9,1,26
1981-07-03,3,3,3,3,10,2,27
1981-07-10,4,4,4,4,11,3,28
1981-07-17,5,5,5,5,12,4,29
1981-07-24,6,6,6,6,13,5,30
1981-07-31,7,7,7,7,14,6,31
1981-08-07,8,8,8,8,15,7,32
1981-08-14,9,9,9,9,16,8,33
1981-08-21,10,10,10,10,17,9,34
1981-08-28,11,11,11,11,18,10,35
1981-09-04,12,12,12,12,19,11,36
1981-09-11,13,13,13,13,20,12,37
1981-09-18,14,14,14,14,21,13,38
1981-09-25,15,15,15,15,22,14,39
1981-10-02,16,16,16,16,23,15,40
1981-10-09,17,17,17,17,24,16,41
1981-10-16,18,18,18,18,25,17,42
1981-10-23,19,19,19,19,26,18,43
1981-10-30,20,20,20,20,27,19,44
1981-11-06,21,0,0,0,28,20,45
1981-11-13,0,0,0,0,29,21,46
1981-11-20,0,0,0,0,30,22,47
1981-11-27,0,0,0,0,31,23,0
1981-12-04,1,1,1,1,32,24,1
1981-12-11,2,2,2,2,33,25,2
1981-12-18,3,3,3,3,34,26,3
1981-12-25,4,4,4,4,35,27,4
1982-01-01,5,5,5,5,36,28,5
1982-01-08,6,6,6,6,37,29,6
1982-01-15,7,7,7,7,38,30,7
1982-01-22,8,8,8,8,39,31,8
1982-01-29,9,9,9,9,40,32,9
1982-02-05,10,10,10,10,41,33,10
1982-02-12,11,11,11,11,42,34,11
1982-02-19,12,12,12,12,43,35,12
1982-02-26,13,13,13,13,44,36,13
1982-03-05,14,14,14,14,45,37,14
1982-03-12,15,15,15,15,46,38,15
1982-03-19,16,16,16,16,47,39,16
1982-03-26,17,17,17,17,48,40,17
1982-04-02,18,18,18,18,49,41,18
1982-04-09,19,19,19,19,50,42,19
1982-04-16,20,20,20,20,51,43,20
1982-04-23,21,21,21,21,52,44,21
1982-04-30,22,22,22,22,53,45,22
1982-05-07,23,23,23,23,54,46,23
1982-05-14,24,24,24,24,55,47,24
1982-05-21,25,25,25,25,56,48,25
1982-05-28,26,26,26,26,57,49,26
1982-06-04,27,27,27,27,58,50,27
1982-06-11,28,28,28,28,59,51,28
1982-06-18,29,29,29,29,60,52,29
1982-06-25,30,30,30,30,61,53,30
1982-07-02,31,31,31,31,62,54,31
1982-07-09,32,32,32,32,63,55,32
1982-07-16,33,33,33,33,64,56,33
1982-07-23,34,34,34,34,65,57,34
1982-07-30,35,35,35,35,66,58,35
1982-08-06,36,36,36,36,67,59,36
1982-08-13,37,37,37,37,68,60,37
1982-08-20,38,38,38,38,69,61,0
1982-08-27,39,39,39,39,70,62,1
1982-09-03,40,40,40,40,71,63,0
1982-09-10,41,0,0,0,72,64,0
1982-09-17,0,0,0,0,73,0,0
1982-09-24,0,0,0,0,74,0,0
1982-10-01,0,0,0,0,0,0,0
1982-10-08,0,0,0,0,0,0,0
1982-10-15,0,0,0,0,0,0,0
1982-10-22,0,0,0,0,0,0,0
1982-10-29,0,0,0,0,0,0,0
1982-11-05,0,0,0,0,0,0,0
1982-11-12,0,0,0,0,0,0,0
1982-11-19,0,0,0,0,0,0,0
1982-11-26,0,0,0,0,0,0,0
1982-12-03,0,0,0,0,0,0,0
1982-12-10,1,1,1,1,0,1,1
1982-12-17,2,2,2,2,0,0,0
1982-12-24,0,0,0,0,0,0,0
1982-12-31,0,0,0,0,0,0,0
1983-01-07,0,0,0,0,0,0,0
1983-01-14,0,0,0,0,0,0,0
1983-01-21,1,1,1,1,0,0,1
1983-01-28,2,2,2,2,0,0,0
1983-02-04,3,3,3,3,0,0,1
1983-02-11,4,4,4,4,0,0,0
1983-02-18,0,0,0,0,0,0,0
1983-02-25,0,0,0,0,0,0,0
1983-03-04,0,0,0,0,0,0,0
1983-03-11,1,1,1,1,0,0,1
1983-03-18,2,2,2,2,0,0,0
1983-03-25,3,3,3,3,0,0,0
1983-04-01,0,0,0,0,0,0,0
1983-04-08,1,1,1,1,0,0,0
1983-04-15,0,0,0,0,0,0,0
1983-04-22,0,0,0,0,0,0,0
1983-04-29,0,0,0,0,0,0,0
1983-05-06,0,0,0,0,0,0,0
1983-05-13,0,0,0,0,0,0,0
1983-05-20,1,0,0,0,0,0,1
1983-05-27,2,0,0,0,0,0,0
1983-06-03,3,0,0,0,0,0,1
1983-06-10,4,0,0,0,0,0,2
1983-06-17,0,0,0,0,0,0,0
1983-06-24,1,0,0,0,0,1,1
1983-07-01,2,0,0,0,0,0,2
1983-07-08,3,1,0,0,0,1,3
1983-07-15,4,2,0,0,0,2,4
1983-07-22,5,3,0,0,0,3,5
1983-07-29,6,4,0,0,0,4,6
1983-08-05,7,5,1,1,1,5,7
1983-08-12,8,6,2,2,2,6,8
1983-08-19,9,7,3,3,3,7,9
1983-08-26,10,8,4,4,4,8,10
1983-09-02,11,9,5,5,5,9,11
1983-09-09,12,10,6,6,6,10,12
1983-09-16,13,11,0,7,7,11,13
1983-09-23,14,0,0,0,0,0,14
1983-09-30,15,0,0,0,0,0,0
1983-10-07,16,0,0,0,0,0,0
1983-10-14,17,1,0,0,0,1,1
1983-10-21,18,0,0,0,0,0,0
1983-10-28,19,1,0,0,0,1,1
1983-11-04,20,2,1,1,1,2,2
1983-11-11,21,3,2,2,2,3,3
1983-11-18,22,4,3,3,3,4,4
1983-11-25,23,0,0,4,4,5,5
1983-12-02,24,1,1,5,5,6,6
1983-12-09,25,2,2,6,6,7,7
1983-12-16,26,3,3,7,7,8,8
1983-12-23,27,4,4,8,8,9,9
1983-12-30,28,5,5,9,9,10,10
1984-01-06,29,6,6,10,10,11,11
1984-01-13,30,0,0,11,11,0,0
1984-01-20,31,0,0,12,12,0,0
1984-01-27,32,0,0,0,0,0,0
1984-02-03,33,1,1,1,1,1,1
1984-02-10,34,2,2,2,2,2,2
1984-02-17,35,3,3,3,3,3,3
1984-02-24,36,4,4,4,4,4,4
1984-03-02,37,5,5,5,5,5,5
1984-03-09,38,6,6,6,6,6,6
1984-03-16,39,7,7,7,7,7,7
1984-03-23,40,8,8,8,8,8,8
1984-03-30,41,9,9,9,9,9,9
1984-04-06,42,10,10,10,10,10,10
1984-04-13,43,11,11,11,11,11,11
1984-04-20,44,12,12,12,12,12,12
1984-04-27,45,13,13,13,13,13,13
1984-05-04,46,14,14,14,14,14,14
1984-05-11,47,15,15,15,15,15,15
1984-05-18,48,16,16,16,16,16,16
1984-05-25,49,17,17,17,17,17,17
1984-06-01,50,18,18,18,18,18,18
1984-06-08,51,19,19,19,19,19,19
1984-06-15,52,20,20,20,20,20,20
1984-06-22,53,21,21,21,21,21,21
1984-06-29,54,22,22,22,22,22,22
1984-07-06,55,23,23,23,23,23,23
1984-07-13,56,24,24,24,24,24,24
1984-07-20,57,25,25,25,25,25,25
1984-07-27,58,26,26,26,26,26,26
1984-08-03,59,27,27,27,27,27,27
1984-08-10,60,28,28,28,28,28,28
1984-08-17,61,29,29,29,29,29,29
1984-08-24,62,30,30,30,30,30,30
1984-08-31,63,0,31,31,0,0,0
1984-09-07,64,0,0,0,0,0,0
1984-09-14,0,0,0,0,0,0,0
1984-09-21,0,0,0,0,0,0,0
1984-09-28,0,0,0,0,0,0,0
1984-10-05,0,0,0,0,1,0,0
1984-10-12,0,0,0,0,2,0,0
1984-10-19,0,0,0,0,3,0,0
1984-10-26,1,1,1,1,4,1,1
1984-11-02,0,0,0,0,5,0,0
1984-11-09,1,1,1,1,0,0,0
1984-11-16,0,0,0,0,0,0,0
1984-11-23,0,0,0,0,0,0,0
1984-11-30,1,1,1,1,0,1,1
1984-12-07,2,2,2,2,1,2,2
1984-12-14,3,3,3,3,2,3,3
1984-12-21,4,4,4,4,3,4,4
1984-12-28,5,5,5,5,4,5,5
1985-01-04,6,6,6,6,0,0,6
1985-01-11,7,7,7,7,0,0,0
1985-01-18,0,0,0,0,0,0,0
1985-01-25,0,0,0,0,0,0,0
1985-02-01,1,0,0,0,0,0,0
1985-02-08,0,0,0,0,0,0,0
1985-02-15,0,0,0,0,0,0,0
1985-02-22,1,0,0,0,0,0,1
1985-03-01,2,1,1,1,1,1,2
1985-03-08,3,2,2,2,2,0,0
1985-03-15,4,3,3,3,3,1,1
1985-03-22,5,4,4,4,4,2,2
1985-03-29,6,5,5,5,5,3,0
1985-04-05,7,6,6,6,6,0,1
1985-04-12,0,0,7,7,0,0,0
1985-04-19,0,0,8,8,0,0,0
1985-04-26,1,0,9,9,0,1,1
1985-05-03,0,0,0,10,0,0,0
1985-05-10,0,0,0,0,0,0,0
1985-05-17,0,0,0,0,0,0,0
1985-05-24,0,0,0,0,0,0,0
1985-05-31,0,0,0,0,0,0,0
1985-06-07,0,0,0,0,0,0,0
1985-06-14,0,0,0,0,0,0,0
1985-06-21,1,1,1,1,0,0,1
1985-06-28,2,2,2,2,0,0,0
1985-07-05,0,0,0,0,0,0,0
1985-07-12,1,1,1,1,0,0,1
1985-07-19,2,2,2,2,0,0,2
1985-07-26,3,3,3,3,0,0,3
1985-08-02,4,4,4,4,1,1,4
1985-08-09,5,5,5,5,2,2,5
1985-08-16,6,6,6,6,3,3,6
1985-08-23,7,7,7,7,4,4,0
1985-08-30,8,8,8,8,5,5,1
1985-09-06,9,9,9,9,6,6,2
1985-09-13,10,10,10,10,7,7,3
1985-09-20,11,11,11,11,8,8,4
1985-09-27,12,12,12,12,9,9,5
1985-10-04,13,13,13,13,10,10,6
1985-10-11,14,14,14,14,11,11,7
1985-10-18,15,15,15,15,12,12,8
1985-10-25,16,16,16,16,13,13,0
1985-11-01,0,17,17,17,14,0,0
1985-11-08,0,18,18,18,0,0,0
1985-11-15,0,0,0,0,0,0,0
1985-11-22,0,0,0,0,0,0,0
1985-11-29,0,0,0,0,0,0,0
1985-12-06,0,0,0,0,0,0,0
1985-12-13,0,0,0,0,0,0,0
1985-12-20,0,0,0,0,0,0,0
1985-12-27,0,0,0,0,0,0,0
1986-01-03,0,0,0,0,0,0,1
1986-01-10,1,1,0,0,0,1,2
1986-01-17,2,0,0,0,0,0,3
1986-01-24,0,0,0,0,0,0,4
1986-01-31,0,0,0,0,0,0,0
1986-02-07,0,0,0,0,0,0,0
1986-02-14,0,0,0,0,0,0,0
1986-02-21,0,0,0,0,0,0,0
1986-02-28,0,0,0,0,0,0,0
1986-03-07,0,0,0,0,0,0,0
1986-03-14,0,0,0,0,0,0,0
1986-03-21,0,0,0,0,0,0,0
1986-03-28,0,0,0,0,0,0,0
1986-04-04,0,0,0,0,0,0,0
1986-04-11,0,0,0,0,0,0,0
1986-04-18,0,0,0,0,0,0,0
1986-04-25,1,0,0,0,0,1,1
1986-05-02,2,1,1,1,0,0,2
1986-05-09,3,0,0,2,0,0,3
1986-05-16,4,1,1,3,0,1,4
1986-05-23,5,2,2,4,0,2,5
1986-05-30,6,3,3,5,0,3,6
1986-06-06,7,4,4,6,0,0,7
1986-06-13,8,0,0,7,0,0,0
1986-06-20,0,0,0,0,0,0,0
1986-06-27,0,0,0,0,0,0,0
1986-07-04,0,0,0,0,1,1,1
1986-07-11,1,1,1,1,2,2,2
1986-07-18,0,0,0,0,3,3,3
1986-07-25,1,1,1,1,4,4,4
1986-08-01,2,2,2,2,5,5,5
1986-08-08,3,3,3,3,6,6,0
1986-08-15,0,0,0,0,7,0,0
1986-08-22,0,0,0,0,8,0,0
1986-08-29,0,0,0,0,0,0,0
1986-09-05,1,1,1,1,1,1,1
1986-09-12,2,2,2,2,2,2,2
1986-09-19,3,3,3,3,3,3,3
1986-09-26,4,4,4,4,4,4,4
1986-10-03,5,5,5,5,5,5,5
1986-10-10,6,6,6,6,6,6,6
1986-10-17,7,7,7,7,7,7,7
1986-10-24,8,8,8,8,8,8,8
1986-10-31,9,9,9,9,9,9,9
1986-11-07,10,10,10,10,10,10,10
1986-11-14,11,11,11,11,11,11,11
1986-11-21,12,12,0,12,0,0,0
1986-11-28,0,0,0,13,0,0,0
1986-12-05,0,0,0,14,0,0,0
1986-12-12,0,0,0,15,0,0,0
1986-12-19,0,0,0,0,0,0,0
1986-12-26,0,0,0,0,0,0,0
1987-01-02,0,0,0,1,0,0,0
1987-01-09,0,0,0,0,0,0,0
1987-01-16,0,0,0,0,0,0,0
1987-01-23,0,0,0,0,0,0,0
1987-01-30,0,0,0,0,0,0,0
1987-02-06,0,0,0,0,0,0,0
1987-02-13,0,0,0,0,0,0,0
1987-02-20,0,0,0,0,0,0,0
1987-02-27,0,0,0,0,0,0,0
1987-03-06,0,0,0,0,0,0,0
1987-03-13,0,0,0,0,0,0,0
1987-03-20,0,0,0,0,0,0,0
1987-03-27,0,0,0,0,0,0,0
1987-04-03,1,1,1,1,1,1,1
1987-04-10,2,2,2,2,2,2,2
1987-04-17,3,3,3,3,3,3,3
1987-04-24,4,4,4,4,4,4,4
1987-05-01,5,5,5,5,5,5,5
1987-05-08,6,6,6,6,6,6,6
1987-05-15,7,7,7,7,7,7,7
1987-05-22,8,8,8,8,8,8,8
1987-05-29,9,9,9,9,9,9,9
1987-06-05,10,10,10,10,0,10,10
1987-06-12,11,11,11,11,0,0,11
1987-06-19,12,12,12,12,0,0,12
1987-06-26,13,0,0,13,0,0,0
1987-07-03,0,0,0,0,0,0,0
1987-07-10,0,0,0,0,0,0,0
1987-07-17,0,0,0,0,0,0,0
1987-07-24,0,0,0,0,0,0,1
1987-07-31,0,0,0,0,0,0,0
1987-08-07,0,0,0,0,0,0,0
1987-08-14,0,0,0,0,0,0,0
1987-08-21,0,0,0,0,0,0,0
1987-08-28,1,1,1,1,0,0,0
1987-09-04,2,2,2,2,1,1,1
1987-09-11,3,3,3,3,2,2,2
1987-09-18,4,4,4,4,3,3,3
1987-09-25,5,5,5,5,4,4,4
1987-10-02,6,6,6,6,5,5,5
1987-10-09,7,7,7,7,6,6,6
1987-10-16,8,8,8,8,7,7,7
1987-10-23,9,9,9,9,8,8,8
1987-10-30,10,10,10,10,9,9,9
1987-11-06,11,11,11,11,10,10,10
1987-11-13,12,12,12,12,11,11,11
1987-11-20,13,13,13,13,12,12,12
1987-11-27,14,14,14,14,13,13,13
1987-12-04,15,15,15,15,14,14,14
1987-12-11,16,16,16,16,15,15,15
1987-12-18,17,17,17,17,16,16,16
1987-12-25,18,18,18,18,17,17,17
1988-01-01,19,19,19,19,18,18,18
1988-01-08,20,20,20,20,19,19,19
1988-01-15,21,21,21,21,20,20,20
1988-01-22,22,22,22,22,21,21,21
1988-01-29,23,23,23,23,22,22,22
1988-02-05,24,24,24,24,23,23,23
1988-02-12,25,25,25,25,24,24,24
1988-02-19,26,26,26,26,25,25,25
1988-02-26,27,27,27,27,26,26,26
1988-03-04,28,28,28,28,27,27,27
1988-03-11,29,29,29,29,28,28,28
1988-03-18,30,30,30,30,29,29,29
1988-03-25,31,31,31,31,30,30,30
1988-04-01,32,32,32,32,31,31,31
1988-04-08,33,33,33,33,32,32,32
1988-04-15,34,34,34,34,33,33,33
1988-04-22,35,35,35,35,34,34,34
1988-04-29,36,36,36,36,35,35,35
1988-05-06,37,37,37,37,36,36,36
1988-05-13,38,38,38,38,37,37,37
1988-05-20,39,39,39,39,38,38,38
1988-05-27,40,40,40,40,39,39,39
1988-06-03,41,41,41,41,40,40,40
1988-06-10,42,42,42,42,41,41,41
1988-06-17,43,43,43,0,42,42,42
1988-06-24,44,44,0,0,43,43,43
1988-07-01,45,45,1,1,44,44,44
1988-07-08,46,46,2,2,45,45,45
1988-07-15,47,47,3,3,46,46,46
1988-07-22,48,48,4,4,47,47,47
1988-07-29,49,49,5,5,48,48,48
1988-08-05,50,50,6,6,49,49,49
1988-08-12,51,51,7,7,50,50,50
1988-08-19,52,52,8,8,51,51,51
1988-08-26,53,53,9,9,52,52,52
1988-09-02,54,54,10,10,53,53,53
1988-09-09,55,55,11,11,54,54,54
1988-09-16,56,56,12,12,55,55,55
1988-09-23,57,57,13,13,56,56,56
1988-09-30,58,58,14,14,57,57,57
1988-10-07,59,59,0,15,58,58,58
1988-10-14,60,0,0,0,59,59,59
1988-10-21,61,0,0,0,60,60,60
1988-10-28,0,0,0,0,61,61,61
1988-11-04,1,1,1,1,62,62,62
1988-11-11,2,2,2,2,63,63,63
1988-11-18,3,3,3,3,64,64,64
1988-11-25,4,4,4,4,65,65,65
1988-12-02,5,5,5,5,66,66,66
1988-12-09,6,6,6,6,67,67,67
1988-12-16,7,7,7,7,68,68,68
1988-12-23,8,8,8,8,69,69,69
1988-12-30,0,0,0,0,70,70,70
1989-01-06,0,0,0,0,71,71,71
1989-01-13,0,0,0,0,72,72,72
1989-01-20,0,0,0,0,73,73,73
1989-01-27,0,0,0,0,74,74,74
1989-02-03,0,0,0,0,75,75,75
1989-02-10,0,0,0,0,76,76,0
1989-02-17,0,0,0,0,77,77,0
1989-02-24,0,0,0,0,78,78,0
1989-03-03,0,0,0,0,79,79,0
1989-03-10,1,1,1,1,80,80,1
1989-03-17,2,2,2,2,81,81,2
1989-03-24,3,3,3,3,82,82,3
1989-03-31,4,4,4,4,83,83,0
1989-04-07,0,0,0,0,84,84,0
1989-04-14,0,0,0,0,85,85,0
1989-04-21,0,0,0,0,86,86,0
1989-04-28,0,0,0,0,87,0,0
1989-05-05,0,0,0,0,88,0,0
1989-05-12,0,0,0,0,89,0,0
1989-05-19,0,0,0,0,0,0,0
1989-05-26,0,0,0,0,0,0,0
1989-06-02,0,0,0,0,0,0,0
1989-06-09,0,0,0,0,0,0,0
1989-06-16,0,0,0,0,0,0,1
1989-06-23,0,0,0,0,0,0,0
1989-06-30,0,0,0,0,0,0,0
1989-07-07,0,0,0,0,0,0,0
1989-07-14,0,0,0,0,0,0,0
1989-07-21,0,0,0,0,0,0,0
1989-07-28,0,0,0,0,0,0,0
1989-08-04,0,0,0,0,0,0,0
1989-08-11,0,0,0,0,0,0,0
1989-08-18,0,0,0,0,0,0,0
1989-08-25,0,0,0,0,0,0,0
1989-09-01,0,0,0,0,0,0,0
1989-09-08,0,0,0,0,0,0,0
1989-09-15,0,0,0,0,0,0,0
1989-09-22,0,0,0,0,0,1,1
1989-09-29,0,0,0,0,0,2,2
1989-10-06,0,0,0,0,0,0,0
1989-10-13,0,0,0,0,0,0,0
1989-10-20,0,0,0,0,0,1,1
1989-10-27,0,0,0,0,0,0,0
1989-11-03,1,1,1,1,1,1,1
1989-11-10,2,2,2,2,2,2,2
1989-11-17,3,3,3,3,3,3,3
1989-11-24,4,4,4,4,4,4,4
1989-12-01,5,5,5,5,5,5,5
1989-12-08,6,6,6,6,6,6,0
1989-12-15,0,0,0,0,7,0,0
1989-12-22,0,0,0,0,0,0,0
1989-12-29,0,0,0,0,0,0,0
1990-01-05,1,1,1,1,1,1,1
1990-01-12,2,2,2,2,2,2,2
1990-01-19,3,3,3,3,3,3,3
1990-01-26,4,4,4,4,4,4,4
1990-02-02,5,5,5,5,5,5,5
1990-02-09,6,6,6,6,6,6,6
1990-02-16,7,7,7,7,7,7,7
1990-02-23,8,8,8,8,8,8,8
1990-03-02,9,9,9,9,9,9,9
1990-03-09,10,10,10,10,10,10,10
1990-03-16,11,11,11,11,11,11,11
1990-03-23,12,12,12,12,12,12,12
1990-03-30,13,13,13,13,13,13,13
1990-04-06,14,14,14,14,14,14,14
1990-04-13,15,15,15,15,15,15,15
1990-04-20,16,16,16,16,16,16,16
1990-04-27,17,17,17,17,17,17,17
1990-05-04,18,18,18,18,18,18,18
1990-05-11,0,0,0,0,19,19,19
1990-05-18,0,0,0,0,0,0,20
1990-05-25,0,0,0,0,0,0,0
1990-06-01,0,0,0,0,0,0,0
1990-06-08,0,0,0,0,0,0,0
1990-06-15,0,0,0,0,0,0,0
1990-06-22,0,0,0,0,0,0,0
1990-06-29,0,0,0,0,0,0,0
1990-07-06,0,0,0,0,0,1,1
1990-07-13,0,0,0,0,0,0,0
1990-07-20,0,0,0,0,0,0,0
1990-07-27,0,0,0,0,0,0,0
1990-08-03,1,1,1,1,1,1,1
1990-08-10,2,2,2,2,2,2,2
1990-08-17,3,3,3,3,3,3,3
1990-08-24,4,4,4,4,4,4,4
1990-08-31,5,5,5,5,5,5,5
1990-09-07,6,6,6,6,6,6,6
1990-09-14,7,7,7,7,7,7,7
1990-09-21,8,8,8,8,8,8,8
1990-09-28,9,9,9,9,9,9,9
1990-10-05,10,10,10,10,10,10,10
1990-10-12,11,11,11,11,11,11,11
1990-10-19,12,12,12,12,12,12,12
1990-10-26,13,13,13,13,13,13,13
1990-11-02,14,14,14,14,14,14,14
1990-11-09,15,15,15,15,15,15,15
1990-11-16,16,16,16,16,16,16,16
1990-11-23,17,17,17,17,17,17,17
1990-11-30,18,18,18,18,18,18,18
1990-12-07,19,19,19,19,19,19,19
1990-12-14,20,20,20,20,20,20,20
1990-12-21,21,21,21,21,21,21,21
1990-12-28,22,22,22,22,22,22,22
